u,v,name,highway,length,geometry_wkt
635681778,6725404940,Healeys Lane,pedestrian,3.9087909106304286,"LINESTRING (144.955622 -37.8130958, 144.9556375 -37.8131288)"
6725404940,8076030197,Healeys Lane,pedestrian,69.68542116012955,"LINESTRING (144.9556375 -37.8131288, 144.9559139 -37.8137171)"
8076030197,6167236640,Healeys Lane,pedestrian,28.44017227307734,"LINESTRING (144.9559139 -37.8137171, 144.9560267 -37.8139572)"
6167236640,103116481,Healeys Lane,pedestrian,6.479340460757565,"LINESTRING (144.9560267 -37.8139572, 144.9560524 -37.8140119)"
103118884,2291073995,Brights Place,pedestrian,37.6239561031359,"LINESTRING (144.9554782 -37.8125073, 144.9553226 -37.8121916)"
2291073995,2181268828,Brights Place,pedestrian,8.656951262110478,"LINESTRING (144.9553226 -37.8121916, 144.9552848 -37.8121196)"
103293548,6721990380,Equitable Place,pedestrian,4.88119349900213,"LINESTRING (144.963003 -37.815412, 144.9630217 -37.8154534)"
6721990380,13779656380,Equitable Place,pedestrian,2.379538380829048,"LINESTRING (144.9630217 -37.8154534, 144.9630311 -37.8154735)"
13779656380,612015102,Equitable Place,pedestrian,69.87917785535824,"LINESTRING (144.9630311 -37.8154735, 144.963305 -37.8160644)"
128977294,13827270499,Bligh Place,pedestrian,33.36880417229338,"LINESTRING (144.9636727 -37.8170623, 144.9637999 -37.8173455)"
13827270499,6721914010,Bligh Place,pedestrian,2.0020206978948836,"LINESTRING (144.9637999 -37.8173455, 144.9638075 -37.8173625)"
6721914010,113541129,Bligh Place,pedestrian,4.299673526260478,"LINESTRING (144.9638075 -37.8173625, 144.9638235 -37.8173991)"
6167247298,607756458,University Arcade,footway,2.490718167260376,"LINESTRING (144.9642352 -37.8182673, 144.9642249 -37.8182464)"
114569851,6721914021,Degraves Street,pedestrian,4.680105099311971,"LINESTRING (144.9655791 -37.8168745, 144.9655977 -37.816914)"
6721914021,13200402753,Degraves Street,pedestrian,44.383165760715805,"LINESTRING (144.9655977 -37.816914, 144.965771 -37.8172895)"
114569880,4451156232,Degraves Street,pedestrian,2.818012773569026,"LINESTRING (144.9657977 -37.8173473, 144.9658085 -37.8173712)"
4451156232,13085696201,Degraves Street,pedestrian,45.640230884468444,"LINESTRING (144.9658085 -37.8173712, 144.965983 -37.8177584)"
13085696201,6167254904,Degraves Street,pedestrian,0.6116582787999506,"LINESTRING (144.965983 -37.8177584, 144.9659853 -37.8177636)"
591382595,114569880,Degraves Place,pedestrian,22.18143230007067,"LINESTRING (144.9655626 -37.8174191, 144.9657977 -37.8173473)"
594172912,594179721,Centreway Arcade,footway,1.8797976452513667,"LINESTRING (144.9654407 -37.8164015, 144.9654337 -37.8163855)"
591321361,6721914023,Scott Alley,pedestrian,4.838001730880383,"LINESTRING (144.9662977 -37.8166632, 144.966316 -37.8167043)"
6721914023,13838223800,Scott Alley,pedestrian,29.79516402124672,"LINESTRING (144.966316 -37.8167043, 144.9664266 -37.816958)"
114581307,6721914032,Manchester Lane,pedestrian,2.8601566215103897,"LINESTRING (144.9662118 -37.816688, 144.9662003 -37.8166639)"
6721914032,13838640662,Manchester Lane,pedestrian,2.5114104882200903,"LINESTRING (144.9662003 -37.8166639, 144.96619 -37.8166428)"
13838640662,126932343,Manchester Lane,pedestrian,49.30721398627808,"LINESTRING (144.96619 -37.8166428, 144.9659959 -37.8162261)"
8633692034,126935728,Wales Arcade,footway,21.742420485139164,"LINESTRING (144.9662167 -37.8157248, 144.9663038 -37.8159081)"
126935728,594172793,Wales Arcade,footway,20.72614847891034,"LINESTRING (144.9663038 -37.8159081, 144.9665247 -37.8158436)"
113541129,6721914002,Mill Place,pedestrian,2.992572206280359,"LINESTRING (144.9638235 -37.8173991, 144.9638349 -37.8174245)"
6721914002,607756403,Mill Place,pedestrian,49.94931452490977,"LINESTRING (144.9638349 -37.8174245, 144.9640323 -37.8178464)"
128982235,6721914009,Fulham Place,pedestrian,4.002900056169029,"LINESTRING (144.9631789 -37.8175829, 144.9631641 -37.8175488)"
6721914009,13827254550,Fulham Place,pedestrian,5.524192059788447,"LINESTRING (144.9631641 -37.8175488, 144.9631431 -37.8175019)"
13827254550,13827254547,Fulham Place,pedestrian,34.16252711144346,"LINESTRING (144.9631431 -37.8175019, 144.9630131 -37.8172119)"
13827254547,128982252,Fulham Place,pedestrian,26.136413589898172,"LINESTRING (144.9630131 -37.8172119, 144.962912 -37.8169905)"
613315545,13866690745,Hardware Lane,pedestrian,45.070693458163824,"LINESTRING (144.9614659 -37.8141146, 144.9612868 -37.8137342)"
13866690745,6722209698,Hardware Lane,pedestrian,1.9902033458402981,"LINESTRING (144.9612868 -37.8137342, 144.9612789 -37.8137174)"
6722209698,131221774,Hardware Lane,pedestrian,4.324150567060502,"LINESTRING (144.9612789 -37.8137174, 144.9612547 -37.8136835)"
6721913570,6933053529,,footway,2.567470560176334,"LINESTRING (144.9601016 -37.8185539, 144.9601117 -37.8185756)"
144694832,6913853669,Custom House Lane,pedestrian,6.374930502572198,"LINESTRING (144.9586493 -37.8189544, 144.9586772 -37.8190074)"
6913853669,6167247184,Custom House Lane,pedestrian,89.57066089941188,"LINESTRING (144.9586772 -37.8190074, 144.9590228 -37.8197664)"
6167247184,1833110304,Custom House Lane,pedestrian,3.3058333842619643,"LINESTRING (144.9590228 -37.8197664, 144.9590356 -37.8197944)"
145207771,13865230428,Victoria Lane,footway,6.681830400778962,"LINESTRING (144.9569541 -37.8167008, 144.9569286 -37.8166441)"
13865230428,13865230429,Victoria Lane,footway,33.22414770011857,"LINESTRING (144.9569286 -37.8166441, 144.9568017 -37.8163622)"
13865230429,6167413282,Victoria Lane,footway,17.302039094764854,"LINESTRING (144.9568017 -37.8163622, 144.9567356 -37.8162154)"
6721990373,11961603229,Menzies Lane,footway,1.675612534990023,"LINESTRING (144.9591829 -37.8164575, 144.9591768 -37.8164432)"
11961603229,13660681378,Menzies Lane,footway,39.66374799183436,"LINESTRING (144.9591768 -37.8164432, 144.959021 -37.8161079)"
13660681378,11961603228,Menzies Lane,footway,35.247478081933956,"LINESTRING (144.959021 -37.8161079, 144.9586441 -37.8162149)"
11961603228,6696357522,Menzies Lane,footway,2.5189058420736856,"LINESTRING (144.9586441 -37.8162149, 144.9586171 -37.8162224)"
6804242134,592661547,Galleria Arcade,footway,3.4282286862801743,"LINESTRING (144.9625631 -37.814541, 144.9625765 -37.81457)"
123087066,6722694969,Bourke Place,pedestrian,5.80766263912123,"LINESTRING (144.95569 -37.8152845, 144.9557121 -37.8153338)"
6722694969,13763328019,Bourke Place,pedestrian,3.5117364212975937,"LINESTRING (144.9557121 -37.8153338, 144.9557255 -37.8153636)"
13763328019,13763328018,Bourke Place,pedestrian,34.37138495458994,"LINESTRING (144.9557255 -37.8153636, 144.9558569 -37.8156552)"
11140069325,161467170,Rostella Way,pedestrian,2.6878815212196483,"LINESTRING (144.9581862 -37.8129033, 144.9581746 -37.8128809)"
161467170,6725404949,Rostella Way,pedestrian,49.37175441890836,"LINESTRING (144.9581746 -37.8128809, 144.9579774 -37.8124645)"
6725404949,161467106,Rostella Way,pedestrian,4.860770363293028,"LINESTRING (144.9579774 -37.8124645, 144.957958 -37.8124235)"
1492145822,2291074004,,footway,4.28785707687536,"LINESTRING (144.9526704 -37.8128773, 144.9526887 -37.8129131)"
2291074004,6167278773,,footway,2.548876544851719,"LINESTRING (144.9526887 -37.8129131, 144.9526978 -37.8129349)"
6167278773,163350993,,footway,2.017185274894013,"LINESTRING (144.9526978 -37.8129349, 144.9527059 -37.8129519)"
163350993,13481539312,,footway,6.387996916923302,"LINESTRING (144.9527059 -37.8129519, 144.952726 -37.8130072)"
13481539312,163351015,,footway,87.62595532294407,"LINESTRING (144.952726 -37.8130072, 144.9530834 -37.813744)"
163351015,6725404926,,footway,4.126769097238984,"LINESTRING (144.9530834 -37.813744, 144.9530999 -37.8137788)"
6725404926,163350975,,footway,4.6832384670841805,"LINESTRING (144.9530999 -37.8137788, 144.9531186 -37.8138183)"
164086214,6167417917,Langs Lane,footway,31.292954850371736,"LINESTRING (144.9546677 -37.8162776, 144.9547765 -37.816546)"
6167417917,2177115301,Langs Lane,footway,3.9878254362094343,"LINESTRING (144.9547765 -37.816546, 144.9547947 -37.8165789)"
131221774,6520298105,Hardware Lane,pedestrian,3.448595551918047,"LINESTRING (144.9612547 -37.8136835, 144.961236 -37.8136562)"
6520298105,13866690746,Hardware Lane,pedestrian,3.153986054053116,"LINESTRING (144.961236 -37.8136562, 144.9612234 -37.8136296)"
13866690746,131221827,Hardware Lane,pedestrian,73.89686132071152,"LINESTRING (144.9612234 -37.8136296, 144.9609387 -37.8130033)"
13780588561,174801866,Howey Place,pedestrian,28.295107680468224,"LINESTRING (144.9651981 -37.8148336, 144.9653075 -37.8150733)"
174801866,174801936,Howey Place,pedestrian,12.479008511328592,"LINESTRING (144.9653075 -37.8150733, 144.9653551 -37.8151792)"
174801936,174796849,Howey Place,pedestrian,12.47938583448667,"LINESTRING (144.9653551 -37.8151792, 144.965402 -37.8152853)"
174796849,13780588554,Howey Place,pedestrian,5.621648698845412,"LINESTRING (144.965402 -37.8152853, 144.9654627 -37.8152696)"
13780588554,4451159326,Howey Place,pedestrian,1.8650453529519337,"LINESTRING (144.9654627 -37.8152696, 144.9654828 -37.8152643)"
174822006,6722119699,The Causeway,pedestrian,3.5281207077748196,"LINESTRING (144.9645281 -37.814957, 144.9645145 -37.8149271)"
6722119699,13366204829,The Causeway,pedestrian,47.57678626088367,"LINESTRING (144.9645145 -37.8149271, 144.9643325 -37.8145235)"
13366204829,1327098207,The Causeway,pedestrian,50.195236788370465,"LINESTRING (144.9643325 -37.8145235, 144.9641415 -37.8140974)"
1327098207,6167413266,The Causeway,pedestrian,2.3503640005445225,"LINESTRING (144.9641415 -37.8140974, 144.9641331 -37.8140773)"
597547574,6722119688,Block Place,pedestrian,4.3770842357596615,"LINESTRING (144.9642287 -37.8150446, 144.9642459 -37.8150816)"
6722119688,597547724,Block Place,pedestrian,41.551349158299516,"LINESTRING (144.9642459 -37.8150816, 144.9644048 -37.8154341)"
13893164959,13893164958,Postal Lane,pedestrian,4.897334133538665,"LINESTRING (144.9633856 -37.8132791, 144.9633874 -37.8133232)"
13893164958,13893164984,Postal Lane,pedestrian,13.926052272092074,"LINESTRING (144.9633874 -37.8133232, 144.9634408 -37.8134413)"
13893164984,13893164949,Postal Lane,pedestrian,44.95374844534324,"LINESTRING (144.9634408 -37.8134413, 144.9636171 -37.8138214)"
13893164949,13893164957,Postal Lane,pedestrian,4.341664158914031,"LINESTRING (144.9636171 -37.8138214, 144.9636011 -37.8138584)"
13893164957,13893164956,Postal Lane,pedestrian,1.3351810985890746,"LINESTRING (144.9636011 -37.8138584, 144.9636063 -37.8138697)"
13893164956,1327098219,Postal Lane,pedestrian,9.900179357860148,"LINESTRING (144.9636063 -37.8138697, 144.9636455 -37.8139533)"
596909576,13794345658,Driver Lane,pedestrian,34.7830589203942,"LINESTRING (144.9629488 -37.8127923, 144.9630828 -37.8130871)"
13794345658,6722209690,Driver Lane,pedestrian,2.4868561525587203,"LINESTRING (144.9630828 -37.8130871, 144.9630923 -37.8131082)"
6722209690,596909581,Driver Lane,pedestrian,4.682792432396697,"LINESTRING (144.9630923 -37.8131082, 144.9631103 -37.8131479)"
13794345657,8172338718,Strand Arcade,footway,22.823979167632803,"LINESTRING (144.9626914 -37.8128084, 144.9628976 -37.8126838)"
8172338718,598348995,Strand Arcade,footway,40.25935247687979,"LINESTRING (144.9628976 -37.8126838, 144.9632613 -37.812464)"
598348995,4391665568,Strand Arcade,footway,18.22424848801413,"LINESTRING (144.9632613 -37.812464, 144.9634559 -37.8124081)"
12885890432,12175813196,Menzies Alley,pedestrian,20.57840457839561,"LINESTRING (144.9621292 -37.8105619, 144.9623359 -37.8106484)"
12175813196,176693380,Menzies Alley,pedestrian,9.718252640945886,"LINESTRING (144.9623359 -37.8106484, 144.9624361 -37.8106851)"
176693380,593475866,Menzies Alley,pedestrian,7.43262613831844,"LINESTRING (144.9624361 -37.8106851, 144.9624629 -37.8107486)"
593475866,593475869,Menzies Alley,pedestrian,44.453384042169375,"LINESTRING (144.9624629 -37.8107486, 144.9622537 -37.8111131)"
593475869,6725404976,Menzies Alley,pedestrian,1.9180472626681457,"LINESTRING (144.9622537 -37.8111131, 144.9622593 -37.8111298)"
6725404976,714724462,Menzies Alley,pedestrian,4.3657229547952525,"LINESTRING (144.9622593 -37.8111298, 144.9622721 -37.8111678)"
176693380,176693415,Menzies Place,pedestrian,3.3857035154513477,"LINESTRING (144.9624361 -37.8106851, 144.962471 -37.8106723)"
12925335052,176693480,Knox Lane,pedestrian,18.6525049108035,"LINESTRING (144.9635079 -37.8103072, 144.963706 -37.8102477)"
176693480,11189376860,Knox Lane,pedestrian,3.0277816796442596,"LINESTRING (144.963706 -37.8102477, 144.963696 -37.8102216)"
11189376860,176693522,Knox Lane,pedestrian,3.0277817709257984,"LINESTRING (144.963696 -37.8102216, 144.963686 -37.8101955)"
593476101,176693522,Knox Place,pedestrian,23.333602272614744,"LINESTRING (144.9639382 -37.810131, 144.963686 -37.8101955)"
176693522,176693619,Knox Place,pedestrian,24.66802275898648,"LINESTRING (144.963686 -37.8101955, 144.9634187 -37.810262)"
245533707,13871185398,,footway,2.5572087583773224,"LINESTRING (144.9667247 -37.8127309, 144.9667264 -37.8127539)"
13871185398,6167417961,,footway,33.507094042809975,"LINESTRING (144.9667264 -37.8127539, 144.9668582 -37.8130371)"
13891346679,13891346678,QV Square,pedestrian,6.570019601490864,"LINESTRING (144.9655526 -37.8107969, 144.9654827 -37.8108176)"
13891346678,596918431,QV Square,pedestrian,24.28509198541695,"LINESTRING (144.9654827 -37.8108176, 144.9653853 -37.8106129)"
596918431,245537551,QV Square,pedestrian,1.9933045646367242,"LINESTRING (144.9653853 -37.8106129, 144.9653773 -37.8105961)"
245537551,13893300041,QV Square,pedestrian,1.6304998705192066,"LINESTRING (144.9653773 -37.8105961, 144.9653703 -37.8105825)"
13893300041,13891346700,QV Square,pedestrian,23.304013980781924,"LINESTRING (144.9653703 -37.8105825, 144.9656182 -37.810509)"
13891346700,13893682156,QV Square,pedestrian,4.429565857979142,"LINESTRING (144.9656182 -37.810509, 144.9656654 -37.8104952)"
13893682156,13893682157,QV Square,pedestrian,3.508536642921561,"LINESTRING (144.9656654 -37.8104952, 144.9657028 -37.8104843)"
13893682157,245537567,QV Square,pedestrian,11.540780107508226,"LINESTRING (144.9657028 -37.8104843, 144.9658258 -37.8104484)"
245537567,13882913735,QV Square,pedestrian,21.073001824320883,"LINESTRING (144.9658258 -37.8104484, 144.9659127 -37.8106253)"
13882913735,596918519,QV Square,pedestrian,1.253144956548155,"LINESTRING (144.9659127 -37.8106253, 144.9659176 -37.8106359)"
596918519,13882913732,QV Square,pedestrian,1.9455481747870116,"LINESTRING (144.9659176 -37.8106359, 144.9659254 -37.8106523)"
13882913732,245537602,QV Square,pedestrian,8.771363379714261,"LINESTRING (144.9659254 -37.8106523, 144.9658258 -37.8106512)"
245537602,245537558,QV Square,pedestrian,1.0315504335148058,"LINESTRING (144.9658258 -37.8106512, 144.965815 -37.8106548)"
245537558,13882913738,QV Square,pedestrian,1.2073824270557871,"LINESTRING (144.965815 -37.8106548, 144.9658044 -37.8106617)"
13882913738,13882913739,QV Square,pedestrian,3.1426956122361434,"LINESTRING (144.9658044 -37.8106617, 144.9657829 -37.8106843)"
13882913739,13882913740,QV Square,pedestrian,6.779104835028402,"LINESTRING (144.9657829 -37.8106843, 144.9657157 -37.8107141)"
13882913740,13882913741,QV Square,pedestrian,8.8832791473765,"LINESTRING (144.9657157 -37.8107141, 144.9656149 -37.8107109)"
13882913741,13882913742,QV Square,pedestrian,1.0742991120172012,"LINESTRING (144.9656149 -37.8107109, 144.9656027 -37.8107109)"
13882913742,13882913743,QV Square,pedestrian,1.1424289566700976,"LINESTRING (144.9656027 -37.8107109, 144.9655908 -37.810715)"
13882913743,13882913744,QV Square,pedestrian,6.153853791827893,"LINESTRING (144.9655908 -37.810715, 144.9655446 -37.8107566)"
13882913744,13882913746,QV Square,pedestrian,0.8742094111151955,"LINESTRING (144.9655446 -37.8107566, 144.9655412 -37.810764)"
13882913746,13882913745,QV Square,pedestrian,0.8900757209019988,"LINESTRING (144.9655412 -37.810764, 144.9655405 -37.810772)"
13882913745,6573513191,QV Square,pedestrian,1.7141218026621454,"LINESTRING (144.9655405 -37.810772, 144.9655472 -37.8107865)"
6573513191,13891346679,QV Square,pedestrian,1.2484247628153797,"LINESTRING (144.9655472 -37.8107865, 144.9655526 -37.8107969)"
6725414985,13891346693,,footway,1.6533131049993497,"LINESTRING (144.9656282 -37.8102754, 144.9656364 -37.8102888)"
13891346693,13891346697,,footway,2.231705115511757,"LINESTRING (144.9656364 -37.8102888, 144.9656469 -37.8103071)"
13891346697,12482435931,,footway,19.425656919897282,"LINESTRING (144.9656469 -37.8103071, 144.9657449 -37.8104639)"
13882913757,13882913756,,pedestrian,29.393746082901725,"LINESTRING (144.9647786 -37.8107443, 144.964485 -37.8106183)"
6167236662,9354555674,Constance Stone Lane,pedestrian,15.507823361787048,"LINESTRING (144.9661354 -37.8110161, 144.9660745 -37.810885)"
245537622,6167236661,Shilling Lane,pedestrian,35.12349183771369,"LINESTRING (144.9655594 -37.8108477, 144.9657031 -37.8111429)"
13811904779,13882913755,Albert Coates Lane,pedestrian,30.339993164698004,"LINESTRING (144.9649127 -37.811078, 144.9648344 -37.8113442)"
246076364,6721914080,,footway,3.992002559803287,"LINESTRING (144.973364 -37.8146003, 144.9733805 -37.8146338)"
246076857,663499818,,footway,13.785304743072846,"LINESTRING (144.9736982 -37.8152627, 144.9737564 -37.815378)"
246439415,246439421,Little Bourke Place,pedestrian,11.841809998916021,"LINESTRING (144.9715116 -37.8099695, 144.9716381 -37.8099333)"
246439421,6167236674,Little Bourke Place,pedestrian,28.184808455399818,"LINESTRING (144.9716381 -37.8099333, 144.9715296 -37.8096944)"
6167236674,595594344,Little Bourke Place,pedestrian,8.098450355516261,"LINESTRING (144.9715296 -37.8096944, 144.9715024 -37.8096247)"
246439432,246439443,,pedestrian,15.770252451658529,"LINESTRING (144.9715345 -37.8100173, 144.9713672 -37.810068)"
246439443,6167236675,,pedestrian,33.80446680526261,"LINESTRING (144.9713672 -37.810068, 144.9712373 -37.8097814)"
6167236675,595594345,,pedestrian,8.16770137649155,"LINESTRING (144.9712373 -37.8097814, 144.9712061 -37.8097121)"
6845703359,6167236666,,pedestrian,60.81381221097552,"LINESTRING (144.967922 -37.8099176, 144.9681553 -37.8104333)"
247008062,6167236667,,pedestrian,6.868705641931622,"LINESTRING (144.9683419 -37.8104421, 144.9683172 -37.8103834)"
6167236667,247008065,,pedestrian,6.855391437431585,"LINESTRING (144.9683172 -37.8103834, 144.9682926 -37.8103248)"
247012058,6722197749,Brien Lane,pedestrian,3.43127631448853,"LINESTRING (144.9684712 -37.8115887, 144.9684847 -37.8116177)"
6722197749,6167417966,Brien Lane,pedestrian,99.54048205085401,"LINESTRING (144.9684847 -37.8116177, 144.9688725 -37.8124601)"
6167417966,2188406738,Brien Lane,pedestrian,2.813597091310114,"LINESTRING (144.9688725 -37.8124601, 144.9688835 -37.8124839)"
247012065,6167236681,,footway,26.362557324014443,"LINESTRING (144.9681757 -37.8109379, 144.9680706 -37.8107155)"
247012601,247012604,Croft Alley,pedestrian,18.13178184660621,"LINESTRING (144.9687655 -37.8117121, 144.9689601 -37.8116587)"
247012604,247012607,Croft Alley,pedestrian,51.4857309076064,"LINESTRING (144.9689601 -37.8116587, 144.9691604 -37.8120945)"
595594350,6167236680,Cohen Place,pedestrian,8.353553142845366,"LINESTRING (144.9688834 -37.8103967, 144.9689134 -37.8104681)"
6167236680,247018102,Cohen Place,pedestrian,27.98730744046334,"LINESTRING (144.9689134 -37.8104681, 144.969025 -37.8107042)"
247022855,247022858,,pedestrian,40.5655476404472,"LINESTRING (144.9690419 -37.8142048, 144.9688877 -37.8138604)"
247022862,6722119727,Alfred Place,pedestrian,4.820677065758661,"LINESTRING (144.9698006 -37.8134226, 144.9698183 -37.8134637)"
6722119727,6167191153,Alfred Place,pedestrian,97.3775823477856,"LINESTRING (144.9698183 -37.8134637, 144.9701921 -37.8142894)"
6167191153,2180785592,Alfred Place,pedestrian,6.611689651247335,"LINESTRING (144.9701921 -37.8142894, 144.9702177 -37.8143454)"
247032073,6721914073,,footway,3.779218186656927,"LINESTRING (144.9726604 -37.814807, 144.9726476 -37.8147745)"
6721914073,588194210,,footway,2.4381017389754436,"LINESTRING (144.9726476 -37.8147745, 144.9726399 -37.8147534)"
255058363,6167413246,Westwood Place,footway,26.20095310663548,"LINESTRING (144.9713046 -37.8122162, 144.9712052 -37.8119937)"
6167413246,2187983889,Westwood Place,footway,5.338296722689648,"LINESTRING (144.9712052 -37.8119937, 144.9711838 -37.8119487)"
2279153657,6167357863,Ulster Lane,pedestrian,9.858215492502879,"LINESTRING (144.9735763 -37.8126263, 144.9734707 -37.8126558)"
6167357863,13824043950,Ulster Lane,pedestrian,15.05913308737992,"LINESTRING (144.9734707 -37.8126558, 144.9733099 -37.812702)"
13824043950,13824043951,Ulster Lane,pedestrian,25.7701279236581,"LINESTRING (144.9733099 -37.812702, 144.9730328 -37.8127767)"
595857809,255061143,Madame Brussels Lane,pedestrian,5.410100332850775,"LINESTRING (144.9707639 -37.8089877, 144.9708184 -37.8089652)"
255061143,6167236670,Madame Brussels Lane,pedestrian,70.66058312834501,"LINESTRING (144.9708184 -37.8089652, 144.9711028 -37.8095605)"
6167236670,595858242,Madame Brussels Lane,pedestrian,6.375461623425943,"LINESTRING (144.9711028 -37.8095605, 144.9711285 -37.8096142)"
370285600,6167417926,,pedestrian,47.22111215328783,"LINESTRING (144.9574888 -37.815543, 144.9580239 -37.8155713)"
370285607,6722694959,,pedestrian,44.073359580411335,"LINESTRING (144.9572729 -37.8150899, 144.9576591 -37.8148373)"
371967864,767594381,,pedestrian,11.037975205681985,"LINESTRING (144.971002 -37.8070298, 144.9709786 -37.8071275)"
767594381,10264193033,,pedestrian,17.793368866867187,"LINESTRING (144.9709786 -37.8071275, 144.9709538 -37.8072866)"
10264193033,371963129,,pedestrian,10.58042626183454,"LINESTRING (144.9709538 -37.8072866, 144.970939 -37.8073812)"
371963129,767667826,,pedestrian,1.3656566402655126,"LINESTRING (144.970939 -37.8073812, 144.9709386 -37.8073935)"
767586330,371967865,,pedestrian,52.26984563281427,"LINESTRING (144.9713013 -37.8065847, 144.9712139 -37.8070505)"
371967865,767594387,,pedestrian,11.880289542701213,"LINESTRING (144.9712139 -37.8070505, 144.9711992 -37.8071569)"
767594387,10264193034,,pedestrian,17.037511843407017,"LINESTRING (144.9711992 -37.8071569, 144.9711722 -37.8073089)"
10264193034,371963463,,pedestrian,10.861260187894423,"LINESTRING (144.9711722 -37.8073089, 144.971155 -37.8074058)"
371963463,767667831,,pedestrian,1.1309714142705116,"LINESTRING (144.971155 -37.8074058, 144.9711533 -37.8074159)"
371967864,371967865,,pedestrian,18.801137134393027,"LINESTRING (144.971002 -37.8070298, 144.9712139 -37.8070505)"
371967865,10174700286,,pedestrian,5.257812829976524,"LINESTRING (144.9712139 -37.8070505, 144.9712709 -37.8070646)"
10174700286,371967867,,pedestrian,8.685746068097552,"LINESTRING (144.9712709 -37.8070646, 144.9713588 -37.8071001)"
371967867,371967868,,pedestrian,11.632761353432327,"LINESTRING (144.9713588 -37.8071001, 144.9714761 -37.8071483)"
371967868,371967871,,pedestrian,14.617049783590712,"LINESTRING (144.9714761 -37.8071483, 144.9716163 -37.8072188)"
371967871,371967873,,pedestrian,14.461355754349492,"LINESTRING (144.9716163 -37.8072188, 144.971753 -37.807291)"
767594381,767594382,,pedestrian,11.380439559980205,"LINESTRING (144.9709786 -37.8071275, 144.9709445 -37.8070286)"
176721287,6167265879,Bourke Street,pedestrian,86.52676350143493,"LINESTRING (144.9666697 -37.8132189, 144.9657474 -37.8134879)"
6167265879,2383211219,Bourke Street,pedestrian,9.330878301089854,"LINESTRING (144.9657474 -37.8134879, 144.9656489 -37.8135189)"
2383211219,2188339982,Bourke Street,pedestrian,1.5843812377867195,"LINESTRING (144.9656489 -37.8135189, 144.965632 -37.8135238)"
580890024,6167357876,Treasury Place,pedestrian,6.404918783392235,"LINESTRING (144.9741728 -37.8136112, 144.9742402 -37.8135895)"
6167357876,8998978577,Treasury Place,pedestrian,12.426448896364361,"LINESTRING (144.9742402 -37.8135895, 144.9743737 -37.8135532)"
6167254935,6721914086,,footway,8.657438777898374,"LINESTRING (144.9746566 -37.8151954, 144.9747515 -37.815175)"
6721914086,1449431588,,footway,1.6571139030373825,"LINESTRING (144.9747515 -37.815175, 144.9747697 -37.8151712)"
1449431588,1449431258,,footway,3.334089229165965,"LINESTRING (144.9747697 -37.8151712, 144.9748063 -37.8151635)"
1449431258,1449431581,,footway,1.8018358268063248,"LINESTRING (144.9748063 -37.8151635, 144.9748261 -37.8151594)"
1449431581,1449431373,,footway,4.04346974988458,"LINESTRING (144.9748261 -37.8151594, 144.9748705 -37.8151501)"
1449431373,583242777,,footway,5.7544995773337595,"LINESTRING (144.9748705 -37.8151501, 144.9749337 -37.8151369)"
588197218,588197266,,footway,3.078010533677071,"LINESTRING (144.9737634 -37.8121665, 144.9737333 -37.8121524)"
588197266,714681789,,footway,0.12978713876182463,"LINESTRING (144.9737333 -37.8121524, 144.9737338 -37.8121513)"
714681789,588197279,,footway,2.9060591051954123,"LINESTRING (144.9737338 -37.8121513, 144.9737451 -37.8121267)"
588198714,13187674090,Carpentaria Place,pedestrian,20.310947924545413,"LINESTRING (144.9736344 -37.8122401, 144.9738516 -37.8121785)"
8998978785,8998978786,Carpentaria Place,pedestrian,17.98317157508354,"LINESTRING (144.9739545 -37.8122122, 144.973763 -37.8122685)"
8998978786,588198771,Carpentaria Place,pedestrian,2.255471370295799,"LINESTRING (144.973763 -37.8122685, 144.973739 -37.8122756)"
588198771,8998978791,Carpentaria Place,pedestrian,1.2155058329239559,"LINESTRING (144.973739 -37.8122756, 144.9737262 -37.8122797)"
8998978791,588198775,Carpentaria Place,pedestrian,6.302746889278212,"LINESTRING (144.9737262 -37.8122797, 144.9736599 -37.8123011)"
588198775,8998978735,Carpentaria Place,pedestrian,3.168191427226764,"LINESTRING (144.9736599 -37.8123011, 144.9736486 -37.812274)"
8998978735,588198714,Carpentaria Place,pedestrian,3.964951663544465,"LINESTRING (144.9736486 -37.812274, 144.9736344 -37.8122401)"
589036053,589036060,Cohen Place Plaza,pedestrian,18.161660443269753,"LINESTRING (144.9692821 -37.8112759, 144.969211 -37.8111223)"
589036060,589036063,Cohen Place Plaza,pedestrian,12.58446318117598,"LINESTRING (144.969211 -37.8111223, 144.9693451 -37.8110831)"
589036063,589036067,Cohen Place Plaza,pedestrian,18.30101397427628,"LINESTRING (144.9693451 -37.8110831, 144.9694135 -37.8112388)"
589036067,589036053,Cohen Place Plaza,pedestrian,12.281522184426095,"LINESTRING (144.9694135 -37.8112388, 144.9692821 -37.8112759)"
588198771,589396090,,footway,1.9110109232420918,"LINESTRING (144.973739 -37.8122756, 144.9737452 -37.8122921)"
589396090,589396092,,footway,1.0069116534861504,"LINESTRING (144.9737452 -37.8122921, 144.9737559 -37.8122889)"
589396406,589396597,,footway,4.363041236932022,"LINESTRING (144.9738156 -37.8122703, 144.9738619 -37.8122563)"
6167359489,589397201,,footway,1.3800958972738806,"LINESTRING (144.9737997 -37.8126369, 144.9738153 -37.8126357)"
589397201,589397331,,footway,23.1542210243527,"LINESTRING (144.9738153 -37.8126357, 144.9740779 -37.8126465)"
8873691231,589397642,,footway,3.1185544138034818,"LINESTRING (144.973831 -37.8124149, 144.9738408 -37.8123879)"
589397642,589398402,,footway,3.800634674683051,"LINESTRING (144.9738408 -37.8123879, 144.9738651 -37.8123596)"
589398428,589398430,,footway,3.72128207887328,"LINESTRING (144.9739691 -37.8125262, 144.9739269 -37.8125244)"
589398430,589397644,,footway,3.7287956354609766,"LINESTRING (144.9739269 -37.8125244, 144.9738878 -37.8125115)"
589397644,589398434,,footway,3.1130772950706977,"LINESTRING (144.9738878 -37.8125115, 144.9738609 -37.8124933)"
589398434,589398436,,footway,3.117926369243013,"LINESTRING (144.9738609 -37.8124933, 144.9738415 -37.8124698)"
589398436,589398439,,footway,3.117853337606183,"LINESTRING (144.9738415 -37.8124698, 144.9738313 -37.8124429)"
589398439,8873691231,,footway,3.1078888644642655,"LINESTRING (144.9738313 -37.8124429, 144.973831 -37.8124149)"
589397642,589397836,,footway,6.955452361416414,"LINESTRING (144.9738408 -37.8123879, 144.9737662 -37.8123673)"
589397836,589398461,,footway,0.7824607908783764,"LINESTRING (144.9737662 -37.8123673, 144.9737602 -37.8123725)"
589398461,589398029,,footway,0.721345392429163,"LINESTRING (144.9737602 -37.8123725, 144.973753 -37.8123756)"
589398029,589398465,,footway,0.7775709538749389,"LINESTRING (144.973753 -37.8123756, 144.9737443 -37.8123768)"
589398465,589398468,,footway,0.788203882728692,"LINESTRING (144.9737443 -37.8123768, 144.9737355 -37.8123755)"
589398468,589398470,,footway,0.7794295771982085,"LINESTRING (144.9737355 -37.8123755, 144.9737279 -37.8123719)"
589398470,589398030,,footway,0.5444560184076648,"LINESTRING (144.9737279 -37.8123719, 144.9737237 -37.8123683)"
589398030,589398474,,footway,0.7751861454063158,"LINESTRING (144.9737237 -37.8123683, 144.9737199 -37.812362)"
589398474,589398476,,footway,0.7809755067529713,"LINESTRING (144.9737199 -37.812362, 144.973719 -37.812355)"
589398476,589398478,,footway,0.7792105400611617,"LINESTRING (144.973719 -37.812355, 144.9737212 -37.8123482)"
589398478,589398031,,footway,0.6620577004557064,"LINESTRING (144.9737212 -37.8123482, 144.9737253 -37.8123432)"
589398031,589398482,,footway,0.7795215741983904,"LINESTRING (144.9737253 -37.8123432, 144.9737322 -37.8123388)"
589398482,589398032,,footway,1.0669578744379353,"LINESTRING (144.9737322 -37.8123388, 144.9737439 -37.8123363)"
589398032,589398490,,footway,0.7844442405808965,"LINESTRING (144.9737439 -37.8123363, 144.9737527 -37.8123374)"
589398490,589398493,,footway,0.7783903001007014,"LINESTRING (144.9737527 -37.8123374, 144.9737605 -37.8123407)"
589398493,589398033,,footway,0.4376820313447145,"LINESTRING (144.9737605 -37.8123407, 144.973764 -37.8123435)"
589398033,589398497,,footway,0.7749223336808989,"LINESTRING (144.973764 -37.8123435, 144.9737685 -37.8123495)"
589398497,589398499,,footway,0.7786963193276984,"LINESTRING (144.9737685 -37.8123495, 144.9737701 -37.8123564)"
589398499,589398502,,footway,0.7880913893432424,"LINESTRING (144.9737701 -37.8123564, 144.9737686 -37.8123634)"
589398502,589397836,,footway,0.48170193164330805,"LINESTRING (144.9737686 -37.8123634, 144.9737662 -37.8123673)"
589397644,589398179,,footway,14.510312230711246,"LINESTRING (144.9738878 -37.8125115, 144.9738085 -37.8126261)"
589398179,6167359489,,footway,1.4273600331408631,"LINESTRING (144.9738085 -37.8126261, 144.9737997 -37.8126369)"
589398474,589398626,,footway,2.9882055264907517,"LINESTRING (144.9737199 -37.812362, 144.9736881 -37.8123714)"
589398626,6167359490,,footway,1.2433475970651497,"LINESTRING (144.9736881 -37.8123714, 144.9736766 -37.8123779)"
589420528,589427653,,pedestrian,0.8160405374174625,"LINESTRING (144.9725985 -37.8096936, 144.9725953 -37.8096867)"
589427653,13792614748,,pedestrian,2.3765012657328772,"LINESTRING (144.9725953 -37.8096867, 144.972586 -37.8096666)"
13792614748,589428352,,pedestrian,2.4689666005690247,"LINESTRING (144.972586 -37.8096666, 144.9725764 -37.8096457)"
589428352,589421007,,pedestrian,2.048360334521925,"LINESTRING (144.9725764 -37.8096457, 144.9725683 -37.8096284)"
589421007,589421010,,pedestrian,8.643149708716015,"LINESTRING (144.9725683 -37.8096284, 144.9725328 -37.8095558)"
589421010,589423560,,pedestrian,4.646511384167173,"LINESTRING (144.9725328 -37.8095558, 144.9725823 -37.8095413)"
589423560,589424325,,pedestrian,1.1680890607434231,"LINESTRING (144.9725823 -37.8095413, 144.9725868 -37.8095512)"
589424325,589424475,,pedestrian,2.410796409330772,"LINESTRING (144.9725868 -37.8095512, 144.9725962 -37.8095716)"
589424475,589425047,,pedestrian,2.076602661221536,"LINESTRING (144.9725962 -37.8095716, 144.9726042 -37.8095892)"
589425047,589420291,,pedestrian,1.8170272809730001,"LINESTRING (144.9726042 -37.8095892, 144.9726112 -37.8096046)"
589420291,589420294,,pedestrian,8.867646697952061,"LINESTRING (144.9726112 -37.8096046, 144.9726434 -37.8096803)"
589420294,589420528,,pedestrian,4.220404760251563,"LINESTRING (144.9726434 -37.8096803, 144.9725985 -37.8096936)"
589420285,589424504,,pedestrian,0.8597233927309698,"LINESTRING (144.9726595 -37.8095897, 144.9726559 -37.8095825)"
589424504,589424371,,pedestrian,2.4799068128613935,"LINESTRING (144.9726559 -37.8095825, 144.9726453 -37.8095618)"
589424371,589424201,,pedestrian,2.442432024306992,"LINESTRING (144.9726453 -37.8095618, 144.9726349 -37.8095414)"
589424201,589421428,,pedestrian,1.6271897399501924,"LINESTRING (144.9726349 -37.8095414, 144.972628 -37.8095278)"
589421428,589419787,,pedestrian,1.8226120432834323,"LINESTRING (144.972628 -37.8095278, 144.9726193 -37.8095129)"
589419787,589419795,,pedestrian,7.783297226529643,"LINESTRING (144.9726193 -37.8095129, 144.9725884 -37.8094472)"
589419795,589424053,,pedestrian,4.3904190065615705,"LINESTRING (144.9725884 -37.8094472, 144.9726354 -37.809434)"
589424053,589426326,,pedestrian,1.316160932730827,"LINESTRING (144.9726354 -37.809434, 144.9726421 -37.8094446)"
589426326,589426084,,pedestrian,2.8399644790591805,"LINESTRING (144.9726421 -37.8094446, 144.9726522 -37.8094689)"
589426084,589425869,,pedestrian,2.197834018134051,"LINESTRING (144.9726522 -37.8094689, 144.9726611 -37.8094874)"
589424058,589419741,,pedestrian,2.758526655046215,"LINESTRING (144.9727015 -37.809576, 144.9726723 -37.809585)"
589419741,589420285,,pedestrian,1.2420117805330566,"LINESTRING (144.9726723 -37.809585, 144.9726595 -37.8095897)"
589472356,589449264,,footway,3.4766695932114438,"LINESTRING (144.972786 -37.8097469, 144.9727467 -37.8097439)"
589449264,2324975784,,footway,8.826653079549022,"LINESTRING (144.9727467 -37.8097439, 144.9727582 -37.8096649)"
589449811,589449814,,footway,11.400206061123795,"LINESTRING (144.972683 -37.8093826, 144.9725583 -37.8094102)"
589449814,589449817,,footway,11.144698886916624,"LINESTRING (144.9725583 -37.8094102, 144.9724376 -37.8094404)"
589449817,589449820,,footway,4.7457535345165756,"LINESTRING (144.9724376 -37.8094404, 144.9723861 -37.809453)"
589427056,589450032,,footway,6.5593793281258765,"LINESTRING (144.972336 -37.8095283, 144.9723122 -37.8094723)"
589427285,10815596964,,footway,6.696257831249173,"LINESTRING (144.9723032 -37.8095385, 144.9722762 -37.8094821)"
589450471,589450912,,footway,42.747946666323884,"LINESTRING (144.9724805 -37.8096687, 144.9726459 -37.8100308)"
589450912,589450783,,footway,13.606341122095886,"LINESTRING (144.9726459 -37.8100308, 144.9726743 -37.8101513)"
589450468,12528666296,,footway,29.130951260314177,"LINESTRING (144.9723149 -37.8097164, 144.9724285 -37.8099629)"
12528666296,589450910,,footway,14.102664961672572,"LINESTRING (144.9724285 -37.8099629, 144.9724617 -37.8100872)"
589450910,12528666298,,footway,18.558726877156953,"LINESTRING (144.9724617 -37.8100872, 144.9725292 -37.8102456)"
12528666298,12528666297,,footway,9.140497549595063,"LINESTRING (144.9725292 -37.8102456, 144.9725625 -37.8103236)"
12528666297,12528666289,,footway,9.619782877826468,"LINESTRING (144.9725625 -37.8103236, 144.9726658 -37.8102954)"
591408810,591408808,,footway,19.511695383601854,"LINESTRING (144.9613549 -37.8196145, 144.9612631 -37.8194545)"
11982881167,4520380433,,footway,5.979541514263586,"LINESTRING (144.9612356 -37.8194036, 144.9611703 -37.8194184)"
4520380433,4520380434,,footway,3.334080682664218,"LINESTRING (144.9611703 -37.8194184, 144.9611336 -37.8194258)"
4520380434,8955976537,,footway,5.199362958927389,"LINESTRING (144.9611336 -37.8194258, 144.9610777 -37.8194409)"
8955976537,589499483,,footway,7.41930526597021,"LINESTRING (144.9610777 -37.8194409, 144.9609971 -37.8194604)"
6167254921,9512482851,,footway,7.402175433128788,"LINESTRING (144.9648451 -37.8183489, 144.9648802 -37.8182883)"
9512482851,7913378904,,footway,10.496368051607291,"LINESTRING (144.9648802 -37.8182883, 144.9649364 -37.8182049)"
7913378904,9512482861,,footway,4.915940668716395,"LINESTRING (144.9649364 -37.8182049, 144.964959 -37.8181644)"
9512482861,8956411080,,footway,8.293585323478815,"LINESTRING (144.964959 -37.8181644, 144.9650022 -37.818098)"
8956411080,12968695462,,footway,2.706397241821697,"LINESTRING (144.9650022 -37.818098, 144.9650167 -37.8180765)"
12968695462,9512482854,,footway,1.229237716551629,"LINESTRING (144.9650167 -37.8180765, 144.9650227 -37.8180665)"
9512482854,6167247330,,footway,5.877298885816214,"LINESTRING (144.9650227 -37.8180665, 144.9650544 -37.8180199)"
6167247297,2165149751,,footway,10.264268931881116,"LINESTRING (144.9647568 -37.8180999, 144.9648646 -37.8181351)"
6893915092,591430025,,footway,4.641281383333998,"LINESTRING (144.9641842 -37.818534, 144.9641669 -37.8184945)"
591430025,13038648448,,footway,4.087829572581157,"LINESTRING (144.9641669 -37.8184945, 144.9641517 -37.8184597)"
592818911,9734008663,,footway,16.527790827763898,"LINESTRING (144.9678726 -37.816418, 144.9678097 -37.8162777)"
594765013,13871466923,Kmart Centre Arcade,footway,36.473251565270324,"LINESTRING (144.9663155 -37.8131795, 144.9661756 -37.8128702)"
13871466923,594765029,Kmart Centre Arcade,footway,5.950123460118354,"LINESTRING (144.9661756 -37.8128702, 144.9661242 -37.8128354)"
594765029,594764978,Kmart Centre Arcade,footway,54.91775189446571,"LINESTRING (144.9661242 -37.8128354, 144.9659056 -37.812372)"
594764922,594765043,,footway,19.258169455643245,"LINESTRING (144.965649 -37.8131781, 144.9658544 -37.8131185)"
594765043,13871466924,,footway,27.05528080757448,"LINESTRING (144.9658544 -37.8131185, 144.9659525 -37.8128875)"
13871466924,13871466925,,footway,5.451251977900463,"LINESTRING (144.9659525 -37.8128875, 144.9660101 -37.8128695)"
13871466925,594765029,,footway,10.736300499368154,"LINESTRING (144.9660101 -37.8128695, 144.9661242 -37.8128354)"
6722197778,3271340004,,footway,2.2511490549799866,"LINESTRING (144.9666737 -37.8121374, 144.9666823 -37.8121565)"
3271340005,594826770,MidCity Arcade,footway,20.75130918377111,"LINESTRING (144.9671654 -37.8120156, 144.9672463 -37.8121912)"
594826770,594826779,MidCity Arcade,footway,6.210045068864667,"LINESTRING (144.9672463 -37.8121912, 144.9672309 -37.8122458)"
594826779,594826761,MidCity Arcade,footway,68.30943924649632,"LINESTRING (144.9672309 -37.8122458, 144.9674977 -37.8128237)"
12164704628,595481199,,footway,10.772395642145957,"LINESTRING (144.9631839 -37.8109478, 144.9631424 -37.8108565)"
595483773,595483778,Tivoli Arcade,footway,27.96951875998614,"LINESTRING (144.9663769 -37.8134551, 144.9664886 -37.813691)"
595483778,6357531486,Tivoli Arcade,footway,4.696866293174842,"LINESTRING (144.9664886 -37.813691, 144.966509 -37.8137301)"
6357531486,6357531495,Tivoli Arcade,footway,24.023192402425977,"LINESTRING (144.966509 -37.8137301, 144.9666033 -37.8139332)"
6357531495,9755990451,Tivoli Arcade,footway,11.56039784678689,"LINESTRING (144.9666033 -37.8139332, 144.9666488 -37.8140309)"
595842978,6722119732,Southern Cross Lane,pedestrian,4.6857661943643425,"LINESTRING (144.9702789 -37.8132831, 144.9702608 -37.8132434)"
6722119732,6167413251,Southern Cross Lane,pedestrian,100.4613279046462,"LINESTRING (144.9702608 -37.8132434, 144.9698729 -37.8123922)"
6167413251,595842994,Southern Cross Lane,pedestrian,6.56396797561478,"LINESTRING (144.9698729 -37.8123922, 144.9698475 -37.8123366)"
245537622,12482435936,Albert Coates Lane,pedestrian,2.3782886441913127,"LINESTRING (144.9655594 -37.8108477, 144.9655341 -37.8108552)"
12482435936,13811904787,Albert Coates Lane,pedestrian,17.652971757758202,"LINESTRING (144.9655341 -37.8108552, 144.9653468 -37.8109119)"
13811904787,13811904784,Albert Coates Lane,pedestrian,8.71407043543437,"LINESTRING (144.9653468 -37.8109119, 144.9652543 -37.8109398)"
13811904784,13811904781,Albert Coates Lane,pedestrian,24.628411727270773,"LINESTRING (144.9652543 -37.8109398, 144.9649927 -37.8110183)"
13811904781,245537625,Albert Coates Lane,pedestrian,6.348333975115761,"LINESTRING (144.9649927 -37.8110183, 144.9649253 -37.8110386)"
245537625,13811904777,Albert Coates Lane,pedestrian,2.7054316012476805,"LINESTRING (144.9649253 -37.8110386, 144.9648966 -37.8110473)"
13811904777,6167266587,Albert Coates Lane,pedestrian,21.009455195821463,"LINESTRING (144.9648966 -37.8110473, 144.9646736 -37.8111146)"
6167344381,13882913731,Artemis Lane,pedestrian,81.86264704827998,"LINESTRING (144.9668297 -37.8103747, 144.9659615 -37.8106384)"
13882913731,596918519,Artemis Lane,pedestrian,3.8756649911446988,"LINESTRING (144.9659615 -37.8106384, 144.9659176 -37.8106359)"
6167344382,13882913760,Jane Bell Lane,pedestrian,83.3517433261574,"LINESTRING (144.966735 -37.8101707, 144.9658482 -37.8104333)"
8552288749,597547958,Capitol Arcade,footway,20.556734682134582,"LINESTRING (144.9653778 -37.8151728, 144.9655988 -37.8151131)"
597547958,13784159902,Capitol Arcade,footway,25.86512422592191,"LINESTRING (144.9655988 -37.8151131, 144.9658764 -37.8150369)"
13784159902,13784159901,Capitol Arcade,footway,7.484646528635996,"LINESTRING (144.9658764 -37.8150369, 144.9659605 -37.8150271)"
13784159901,597547251,Capitol Arcade,footway,16.02341424489388,"LINESTRING (144.9659605 -37.8150271, 144.9661323 -37.8149795)"
6167441069,597547728,Block Arcade,footway,3.245773871397004,"LINESTRING (144.9639467 -37.8156383, 144.9639812 -37.815628)"
13780588536,11954802776,Block Court,footway,34.047820314196905,"LINESTRING (144.9644054 -37.8156416, 144.9645347 -37.8159307)"
4269477976,597547970,Manchester Unity Arcade,footway,30.14041823608151,"LINESTRING (144.9662018 -37.8154368, 144.9660855 -37.8151814)"
6167265864,2020835025,,footway,1.190330672729088,"LINESTRING (144.9680238 -37.8149275, 144.9680205 -37.8149171)"
2020835025,598049996,,footway,95.19075830601662,"LINESTRING (144.9680205 -37.8149171, 144.9676563 -37.8141096)"
598049996,6722119718,,footway,1.845459468699739,"LINESTRING (144.9676563 -37.8141096, 144.9676494 -37.8140939)"
6722119718,4976357659,,footway,5.415273916597064,"LINESTRING (144.9676494 -37.8140939, 144.9676272 -37.8140484)"
598401464,598401471,Hub Arcade,footway,6.650250804961543,"LINESTRING (144.9640618 -37.8147457, 144.9639917 -37.814768)"
598401471,10048418856,Hub Arcade,footway,14.677731594765497,"LINESTRING (144.9639917 -37.814768, 144.9640503 -37.8148918)"
10048418856,3132496572,Hub Arcade,footway,16.827573990510825,"LINESTRING (144.9640503 -37.8148918, 144.9641152 -37.8150344)"
6696274731,598401524,Royal Arcade,footway,2.3888591495849325,"LINESTRING (144.9639122 -37.8141411, 144.9639219 -37.8141612)"
6167441067,598405144,Royal Arcade,footway,2.766623430942306,"LINESTRING (144.9635435 -37.8147432, 144.9635739 -37.8147369)"
11133262904,11133299413,,pedestrian,14.98225128093603,"LINESTRING (144.9623114 -37.8160137, 144.9621518 -37.8160605)"
11133299413,11133299418,,pedestrian,15.653856515311237,"LINESTRING (144.9621518 -37.8160605, 144.961985 -37.8161093)"
11133299418,13893249700,,pedestrian,4.214354882816735,"LINESTRING (144.961985 -37.8161093, 144.9619687 -37.8160736)"
13893249700,11133299417,,pedestrian,3.061229729109827,"LINESTRING (144.9619687 -37.8160736, 144.9619571 -37.8160476)"
11133299417,11133299416,,pedestrian,9.344534206428655,"LINESTRING (144.9619571 -37.8160476, 144.9620188 -37.8159791)"
11133299416,11133299415,,pedestrian,22.06977765357261,"LINESTRING (144.9620188 -37.8159791, 144.9619336 -37.8157921)"
11133299415,13660162989,,pedestrian,1.0353428284058726,"LINESTRING (144.9619336 -37.8157921, 144.9619297 -37.8157833)"
13660162989,11133299410,,pedestrian,2.5339345761208736,"LINESTRING (144.9619297 -37.8157833, 144.9619567 -37.8157754)"
11133299410,11133299411,,pedestrian,13.26273988849454,"LINESTRING (144.9619567 -37.8157754, 144.9620985 -37.8157351)"
11133299411,13660162996,,pedestrian,1.438666292430595,"LINESTRING (144.9620985 -37.8157351, 144.962114 -37.815731)"
13660162996,13660162974,,pedestrian,1.0143371652864979,"LINESTRING (144.962114 -37.815731, 144.962116 -37.81574)"
13660162974,13660162997,,pedestrian,11.563020714610946,"LINESTRING (144.962116 -37.81574, 144.9621421 -37.8158421)"
13660162997,13660181201,,pedestrian,1.2459496045094227,"LINESTRING (144.9621421 -37.8158421, 144.9621285 -37.8158452)"
13660181201,13660162998,,pedestrian,0.9167730754603711,"LINESTRING (144.9621285 -37.8158452, 144.9621185 -37.8158475)"
13660162998,13660163000,,pedestrian,2.7702017741262024,"LINESTRING (144.9621185 -37.8158475, 144.9621069 -37.8158243)"
13660163000,13660162999,,pedestrian,2.388523082868591,"LINESTRING (144.9621069 -37.8158243, 144.9620937 -37.8158055)"
13660162999,13660162995,,pedestrian,2.080091802343657,"LINESTRING (144.9620937 -37.8158055, 144.9620808 -37.8157898)"
13660162995,13660162988,,pedestrian,1.6292519942835602,"LINESTRING (144.9620808 -37.8157898, 144.962068 -37.8157792)"
13660162988,13660162994,,pedestrian,1.5425914288285836,"LINESTRING (144.962068 -37.8157792, 144.9620535 -37.8157714)"
13660162994,13660162993,,pedestrian,1.4036961771124785,"LINESTRING (144.9620535 -37.8157714, 144.9620387 -37.8157667)"
13660162993,13660181204,,pedestrian,1.2162714577885794,"LINESTRING (144.9620387 -37.8157667, 144.962025 -37.8157681)"
13660181204,13660162992,,pedestrian,1.0223160873519102,"LINESTRING (144.962025 -37.8157681, 144.9620148 -37.8157725)"
13660162992,13660162991,,pedestrian,1.0617683277492829,"LINESTRING (144.9620148 -37.8157725, 144.962008 -37.8157804)"
13660162991,13660162987,,pedestrian,1.3922259316705736,"LINESTRING (144.962008 -37.8157804, 144.9620023 -37.8157921)"
13660162987,13660162986,,pedestrian,1.6342127375861022,"LINESTRING (144.9620023 -37.8157921, 144.9619999 -37.8158067)"
13660162986,13660162985,,pedestrian,1.6023870080746443,"LINESTRING (144.9619999 -37.8158067, 144.9620012 -37.8158211)"
13660162985,13660162984,,pedestrian,1.9724923973534376,"LINESTRING (144.9620012 -37.8158211, 144.9620051 -37.8158386)"
13660162984,13660162983,,pedestrian,2.0675614490267042,"LINESTRING (144.9620051 -37.8158386, 144.9620116 -37.8158565)"
13660162983,13660162982,,pedestrian,1.9320472912255555,"LINESTRING (144.9620116 -37.8158565, 144.9620193 -37.8158728)"
13660162982,13660162981,,pedestrian,1.817206056102475,"LINESTRING (144.9620193 -37.8158728, 144.96203 -37.8158868)"
13660162981,13660162980,,pedestrian,1.4370455477690818,"LINESTRING (144.96203 -37.8158868, 144.9620422 -37.8158954)"
13660162980,13660162979,,pedestrian,1.7947346970460687,"LINESTRING (144.9620422 -37.8158954, 144.9620593 -37.8159042)"
13660162979,13660162978,,pedestrian,1.5936582447990528,"LINESTRING (144.9620593 -37.8159042, 144.9620771 -37.8159068)"
13660162978,13660162977,,pedestrian,1.6660658787333473,"LINESTRING (144.9620771 -37.8159068, 144.9620955 -37.8159033)"
13660162977,13660162976,,pedestrian,1.607822655804069,"LINESTRING (144.9620955 -37.8159033, 144.9621095 -37.815894)"
13660162976,13660162975,,pedestrian,1.6391153982300932,"LINESTRING (144.9621095 -37.815894, 144.962119 -37.8158813)"
13660162975,13660181202,,pedestrian,1.6114508033876451,"LINESTRING (144.962119 -37.8158813, 144.9621364 -37.8158768)"
13660181202,611984636,,pedestrian,1.273333258791226,"LINESTRING (144.9621364 -37.8158768, 144.96215 -37.8158729)"
611984636,11133299405,,pedestrian,7.531260628019232,"LINESTRING (144.96215 -37.8158729, 144.962167 -37.8159394)"
11133299405,11133299406,,pedestrian,10.706668838337238,"LINESTRING (144.962167 -37.8159394, 144.9622859 -37.8159596)"
11133299406,11133262904,,pedestrian,6.410756323438074,"LINESTRING (144.9622859 -37.8159596, 144.9623114 -37.8160137)"
13779656389,13779656390,Equitable Place,footway,1.2262640347258111,"LINESTRING (144.963312 -37.8160797, 144.9633167 -37.8160901)"
13779656390,13779656391,Equitable Place,footway,18.16571327694253,"LINESTRING (144.9633167 -37.8160901, 144.9633869 -37.816244)"
13779656391,612015106,Equitable Place,footway,1.7141095568831168,"LINESTRING (144.9633869 -37.816244, 144.9633936 -37.8162585)"
612015106,6167191168,Equitable Place,footway,3.5028824581934708,"LINESTRING (144.9633936 -37.8162585, 144.9634074 -37.8162881)"
638053613,13083838902,Degraves Street Subway,footway,3.5203054132880958,"LINESTRING (144.966099 -37.8179941, 144.9660876 -37.8179637)"
13083838902,12968454912,Degraves Street Subway,footway,6.148641069312038,"LINESTRING (144.9660876 -37.8179637, 144.9660677 -37.8179106)"
12968454912,638053773,Degraves Street Subway,footway,16.832033493437123,"LINESTRING (144.9660677 -37.8179106, 144.9660113 -37.8177657)"
650286365,650286369,,footway,18.07392597565808,"LINESTRING (144.9745994 -37.8137086, 144.9743977 -37.8136784)"
145245956,6933068129,Bank Place,footway,13.75334627043957,"LINESTRING (144.9604426 -37.8166777, 144.9604944 -37.8167946)"
6933068129,6167191172,Bank Place,footway,34.79133032047694,"LINESTRING (144.9604944 -37.8167946, 144.9606255 -37.8170903)"
6167191172,2180815093,Bank Place,footway,4.986050844290937,"LINESTRING (144.9606255 -37.8170903, 144.9606427 -37.8171331)"
12874417489,638053773,,footway,9.989893067838008,"LINESTRING (144.966118 -37.8177351, 144.9660113 -37.8177657)"
638054145,2384091393,,footway,0.8101213135070252,"LINESTRING (144.9657401 -37.8178401, 144.9657371 -37.8178332)"
589428217,13189932533,,footway,1.8261679183216188,"LINESTRING (144.9725137 -37.809687, 144.9725332 -37.8096814)"
13189932533,13189827281,,footway,1.9940988632376218,"LINESTRING (144.9725332 -37.8096814, 144.9725545 -37.8096753)"
6167357828,9991989211,,footway,9.383644578397538,"LINESTRING (144.9708451 -37.8077321, 144.9708817 -37.8076527)"
9991989211,767584651,,footway,5.234949208289031,"LINESTRING (144.9708817 -37.8076527, 144.9709014 -37.8076082)"
767584651,8870964231,,footway,0.8430048590367996,"LINESTRING (144.9709014 -37.8076082, 144.970898 -37.8076011)"
8870964231,767584149,,footway,3.484345138041245,"LINESTRING (144.970898 -37.8076011, 144.9708649 -37.8075839)"
767584149,767584572,,footway,6.5460390743813335,"LINESTRING (144.9708649 -37.8075839, 144.9708009 -37.8075539)"
767584572,8870964248,,footway,2.023848822981009,"LINESTRING (144.9708009 -37.8075539, 144.9707816 -37.807544)"
8870964248,767584652,,footway,1.5439423635390834,"LINESTRING (144.9707816 -37.807544, 144.9707701 -37.8075335)"
767584652,277089909,,footway,8.512533024698122,"LINESTRING (144.9707701 -37.8075335, 144.9706772 -37.8075123)"
277089909,767584653,,footway,10.495830620377246,"LINESTRING (144.9706772 -37.8075123, 144.9705606 -37.8074927)"
767584653,767584204,,footway,12.250790374174692,"LINESTRING (144.9705606 -37.8074927, 144.9704306 -37.807532)"
803090514,803090510,,footway,4.838427746514475,"LINESTRING (144.9698314 -37.8135568, 144.9698829 -37.8135416)"
6167285761,387266371,,footway,1.7522544865786862,"LINESTRING (144.9557778 -37.8118107, 144.9557621 -37.811801)"
387266371,387266373,,footway,24.8600963644923,"LINESTRING (144.9557621 -37.811801, 144.9555322 -37.811671)"
1327098189,7913341857,Bourke Street Mall,pedestrian,9.794233090182573,"LINESTRING (144.9655709 -37.8135578, 144.9656107 -37.8136402)"
7913341857,6722119703,Bourke Street Mall,pedestrian,98.49107824153523,"LINESTRING (144.9656107 -37.8136402, 144.9659931 -37.8144741)"
6722119703,1390338442,Bourke Street Mall,pedestrian,1.4276581076070003,"LINESTRING (144.9659931 -37.8144741, 144.9659986 -37.8144862)"
1390338442,10901565081,Bourke Street Mall,pedestrian,5.801998080514886,"LINESTRING (144.9659986 -37.8144862, 144.9659366 -37.8145039)"
10901565081,1327098196,Bourke Street Mall,pedestrian,2.5621370456254673,"LINESTRING (144.9659366 -37.8145039, 144.9659094 -37.8145121)"
1327098196,13895713468,Bourke Street Mall,pedestrian,2.137768551151916,"LINESTRING (144.9659094 -37.8145121, 144.9659011 -37.814494)"
13895713468,1327098182,Bourke Street Mall,pedestrian,11.333381896242036,"LINESTRING (144.9659011 -37.814494, 144.9658569 -37.8143981)"
1327098182,1327098192,Bourke Street Mall,pedestrian,6.411802576895134,"LINESTRING (144.9658569 -37.8143981, 144.9658324 -37.8143437)"
1327098192,13895713470,Bourke Street Mall,pedestrian,4.059315105064734,"LINESTRING (144.9658324 -37.8143437, 144.9658171 -37.8143092)"
13895713470,13895713464,Bourke Street Mall,pedestrian,4.321816396929795,"LINESTRING (144.9658171 -37.8143092, 144.9658007 -37.8142725)"
13895713464,1327098185,Bourke Street Mall,pedestrian,4.197945802205086,"LINESTRING (144.9658007 -37.8142725, 144.9657846 -37.8142369)"
1327098185,1327098209,Bourke Street Mall,pedestrian,14.03717500326319,"LINESTRING (144.9657846 -37.8142369, 144.9657279 -37.8141187)"
1327098209,13895713462,Bourke Street Mall,pedestrian,15.294375908626224,"LINESTRING (144.9657279 -37.8141187, 144.9656665 -37.8139898)"
13895713462,598399381,Bourke Street Mall,pedestrian,4.75680350597218,"LINESTRING (144.9656665 -37.8139898, 144.9656492 -37.8139492)"
598399381,3117600119,Bourke Street Mall,pedestrian,9.935694402405225,"LINESTRING (144.9656492 -37.8139492, 144.9656102 -37.8138652)"
3117600119,13895584922,Bourke Street Mall,pedestrian,11.284042399594743,"LINESTRING (144.9656102 -37.8138652, 144.9655666 -37.8137696)"
13895584922,1327098179,Bourke Street Mall,pedestrian,7.663440173391166,"LINESTRING (144.9655666 -37.8137696, 144.9655369 -37.8137047)"
1327098179,598399379,Bourke Street Mall,pedestrian,29.452622368704453,"LINESTRING (144.9655369 -37.8137047, 144.9652217 -37.8137935)"
598399379,597455905,Bourke Street Mall,pedestrian,38.61147779101914,"LINESTRING (144.9652217 -37.8137935, 144.9648097 -37.8139126)"
597455905,6800617669,Bourke Street Mall,pedestrian,9.242532002517947,"LINESTRING (144.9648097 -37.8139126, 144.9647114 -37.8139418)"
6800617669,597455903,Bourke Street Mall,pedestrian,11.555222601614789,"LINESTRING (144.9647114 -37.8139418, 144.9645885 -37.8139783)"
597455903,1327098174,Bourke Street Mall,pedestrian,1.9021161569744423,"LINESTRING (144.9645885 -37.8139783, 144.9645678 -37.8139832)"
1327098174,598400063,Bourke Street Mall,pedestrian,2.213641741796484,"LINESTRING (144.9645678 -37.8139832, 144.9645428 -37.8139811)"
598400063,3132495217,Bourke Street Mall,pedestrian,7.86987867099056,"LINESTRING (144.9645428 -37.8139811, 144.9644583 -37.8140042)"
3132495217,598400059,Bourke Street Mall,pedestrian,5.067970507589353,"LINESTRING (144.9644583 -37.8140042, 144.9644043 -37.81402)"
598400059,3132495219,Bourke Street Mall,pedestrian,5.407628789958607,"LINESTRING (144.9644043 -37.81402, 144.9643467 -37.8140369)"
3132495219,1327098184,Bourke Street Mall,pedestrian,17.514152708277567,"LINESTRING (144.9643467 -37.8140369, 144.9641606 -37.8140926)"
1327098184,1327098207,Bourke Street Mall,pedestrian,1.764185720910873,"LINESTRING (144.9641606 -37.8140926, 144.9641415 -37.8140974)"
1327098207,598400064,Bourke Street Mall,pedestrian,1.3663651853844154,"LINESTRING (144.9641415 -37.8140974, 144.9641267 -37.8141011)"
598400064,598401523,Bourke Street Mall,pedestrian,8.794544881853513,"LINESTRING (144.9641267 -37.8141011, 144.9640328 -37.8141281)"
598401523,598401524,Bourke Street Mall,pedestrian,10.43333731486415,"LINESTRING (144.9640328 -37.8141281, 144.9639219 -37.8141612)"
598401524,598401525,Bourke Street Mall,pedestrian,10.020730554443807,"LINESTRING (144.9639219 -37.8141612, 144.9638143 -37.8141906)"
598401525,598401577,Bourke Street Mall,pedestrian,8.978314254602733,"LINESTRING (144.9638143 -37.8141906, 144.9637185 -37.8142183)"
598401577,10598235886,Bourke Street Mall,pedestrian,4.684559031178613,"LINESTRING (144.9637185 -37.8142183, 144.9636684 -37.8142325)"
10598235886,598401578,Bourke Street Mall,pedestrian,26.686382943555415,"LINESTRING (144.9636684 -37.8142325, 144.963383 -37.8143134)"
598401578,7913341861,Bourke Street Mall,pedestrian,1.652926815468075,"LINESTRING (144.963383 -37.8143134, 144.9633766 -37.8142994)"
7913341861,1327098188,Bourke Street Mall,pedestrian,9.243373416608284,"LINESTRING (144.9633766 -37.8142994, 144.9633405 -37.8142212)"
1327098188,1327098170,Bourke Street Mall,pedestrian,0.9393378242326051,"LINESTRING (144.9633405 -37.8142212, 144.9633392 -37.8142128)"
1327098170,7913341859,Bourke Street Mall,pedestrian,1.581316828035041,"LINESTRING (144.9633392 -37.8142128, 144.9633331 -37.8141994)"
7913341859,7913341860,Bourke Street Mall,pedestrian,1.5201592694131831,"LINESTRING (144.9633331 -37.8141994, 144.9633273 -37.8141865)"
7913341860,7913341858,Bourke Street Mall,pedestrian,9.74647434390685,"LINESTRING (144.9633273 -37.8141865, 144.9632877 -37.8141045)"
7913341858,598347148,Bourke Street Mall,pedestrian,5.805599840827104,"LINESTRING (144.9632877 -37.8141045, 144.9632835 -37.8140523)"
598347148,13893164935,Bourke Street Mall,pedestrian,1.5369862670576877,"LINESTRING (144.9632835 -37.8140523, 144.9633009 -37.8140534)"
13893164935,13893164965,Bourke Street Mall,pedestrian,2.7057448778366835,"LINESTRING (144.9633009 -37.8140534, 144.9633297 -37.8140449)"
13893164965,598347146,Bourke Street Mall,pedestrian,3.7043853575469456,"LINESTRING (144.9633297 -37.8140449, 144.9633691 -37.8140332)"
598347146,598347145,Bourke Street Mall,pedestrian,1.8594980371749572,"LINESTRING (144.9633691 -37.8140332, 144.9633768 -37.8140176)"
598347145,13893164977,Bourke Street Mall,pedestrian,10.471198811270893,"LINESTRING (144.9633768 -37.8140176, 144.9634883 -37.8139848)"
13893164977,598347140,Bourke Street Mall,pedestrian,9.676831064573847,"LINESTRING (144.9634883 -37.8139848, 144.9635913 -37.8139544)"
598347140,598347138,Bourke Street Mall,pedestrian,2.7884949572471607,"LINESTRING (144.9635913 -37.8139544, 144.9636222 -37.8139599)"
598347138,1327098219,Bourke Street Mall,pedestrian,2.1785052310080353,"LINESTRING (144.9636222 -37.8139599, 144.9636455 -37.8139533)"
1327098219,13893164942,Bourke Street Mall,pedestrian,4.5286811356875125,"LINESTRING (144.9636455 -37.8139533, 144.9636939 -37.8139395)"
13893164942,589431853,Bourke Street Mall,pedestrian,0.6489365743828883,"LINESTRING (144.9636939 -37.8139395, 144.9636964 -37.813945)"
589431853,6696274739,Bourke Street Mall,pedestrian,43.047361091777645,"LINESTRING (144.9636964 -37.813945, 144.9641565 -37.8138139)"
6696274739,589431885,Bourke Street Mall,pedestrian,18.141533887265126,"LINESTRING (144.9641565 -37.8138139, 144.9643495 -37.8137567)"
589431885,6696274733,Bourke Street Mall,pedestrian,24.926630795644705,"LINESTRING (144.9643495 -37.8137567, 144.9646157 -37.8136803)"
6696274733,1327054079,Bourke Street Mall,pedestrian,25.12545660735816,"LINESTRING (144.9646157 -37.8136803, 144.9648797 -37.8135944)"
1327054079,1327098203,Bourke Street Mall,pedestrian,22.85479862762714,"LINESTRING (144.9648797 -37.8135944, 144.965125 -37.8135271)"
1327098203,1327054088,Bourke Street Mall,pedestrian,5.265229631289509,"LINESTRING (144.965125 -37.8135271, 144.9651816 -37.8135118)"
1327054088,605199041,Bourke Street Mall,pedestrian,13.150874579744015,"LINESTRING (144.9651816 -37.8135118, 144.965322 -37.8134714)"
605199041,605199040,Bourke Street Mall,pedestrian,9.34546679989629,"LINESTRING (144.965322 -37.8134714, 144.9654215 -37.8134421)"
605199040,605199043,Bourke Street Mall,pedestrian,15.671308172087329,"LINESTRING (144.9654215 -37.8134421, 144.965359 -37.8133099)"
605199043,1390338434,Bourke Street Mall,pedestrian,0.9458235033351894,"LINESTRING (144.965359 -37.8133099, 144.9653553 -37.8133019)"
1390338434,605199036,Bourke Street Mall,pedestrian,1.8201421491575487,"LINESTRING (144.9653553 -37.8133019, 144.9653427 -37.8132889)"
605199036,605199039,Bourke Street Mall,pedestrian,12.64183415296194,"LINESTRING (144.9653427 -37.8132889, 144.9652949 -37.8131815)"
605199039,10598258025,Bourke Street Mall,pedestrian,17.782039633778204,"LINESTRING (144.9652949 -37.8131815, 144.9652243 -37.8130314)"
10598258025,176668248,Bourke Street Mall,pedestrian,16.215456551876716,"LINESTRING (144.9652243 -37.8130314, 144.96516 -37.8128945)"
176668248,7648218431,Bourke Street Mall,pedestrian,5.897193324652167,"LINESTRING (144.96516 -37.8128945, 144.965137 -37.8128446)"
7648218431,7648218434,Bourke Street Mall,pedestrian,5.945714158451294,"LINESTRING (144.965137 -37.8128446, 144.9651152 -37.8127939)"
7648218434,607606104,Bourke Street Mall,pedestrian,5.606279167891402,"LINESTRING (144.9651152 -37.8127939, 144.9650939 -37.8127463)"
607606104,607606101,Bourke Street Mall,pedestrian,12.88801645254985,"LINESTRING (144.9650939 -37.8127463, 144.9650452 -37.8126368)"
607606101,7913341854,Bourke Street Mall,pedestrian,4.378150181857936,"LINESTRING (144.9650452 -37.8126368, 144.9650924 -37.8126244)"
7913341854,1390338443,Bourke Street Mall,pedestrian,4.204294068609663,"LINESTRING (144.9650924 -37.8126244, 144.9651372 -37.8126113)"
1390338443,3924911401,Bourke Street Mall,pedestrian,12.65990725736269,"LINESTRING (144.9651372 -37.8126113, 144.965187 -37.8127183)"
3924911401,1390338440,Bourke Street Mall,pedestrian,65.84431104136867,"LINESTRING (144.965187 -37.8127183, 144.9654426 -37.8132758)"
1390338440,3924911405,Bourke Street Mall,pedestrian,6.32451676477808,"LINESTRING (144.9654426 -37.8132758, 144.9654659 -37.8133297)"
3924911405,7913341862,Bourke Street Mall,pedestrian,12.87548023280755,"LINESTRING (144.9654659 -37.8133297, 144.9655173 -37.8134383)"
7913341862,7913341863,Bourke Street Mall,pedestrian,10.745721973986454,"LINESTRING (144.9655173 -37.8134383, 144.9655579 -37.8135296)"
7913341863,7913341864,Bourke Street Mall,pedestrian,1.7337548719878784,"LINESTRING (144.9655579 -37.8135296, 144.9655649 -37.8135442)"
7913341864,1327098189,Bourke Street Mall,pedestrian,1.5992828925319131,"LINESTRING (144.9655649 -37.8135442, 144.9655709 -37.8135578)"
589485008,1479897579,,footway,6.163341656830451,"LINESTRING (144.9577814 -37.8203109, 144.957716 -37.8203307)"
1479897578,1479897561,,footway,1.4207268270303293,"LINESTRING (144.9583318 -37.8200543, 144.9583466 -37.8200492)"
1479897561,1479897573,,footway,0.5273437277260887,"LINESTRING (144.9583466 -37.8200492, 144.9583494 -37.8200534)"
1479897573,8955976424,,footway,1.016561433314497,"LINESTRING (144.9583494 -37.8200534, 144.9583526 -37.8200622)"
8955976424,1479897546,,footway,2.891928397615417,"LINESTRING (144.9583526 -37.8200622, 144.9583379 -37.8200855)"
1479897546,1479897587,,footway,4.612305037364033,"LINESTRING (144.9583379 -37.8200855, 144.9583167 -37.8201235)"
1479897587,1479897580,,footway,0.8459430739542086,"LINESTRING (144.9583167 -37.8201235, 144.958319 -37.8201309)"
1479897580,1479897571,,footway,1.7878408532437562,"LINESTRING (144.958319 -37.8201309, 144.9583264 -37.8201459)"
1479897571,1479897581,,footway,4.473745080298687,"LINESTRING (144.9583264 -37.8201459, 144.958281 -37.820164)"
1479897585,1479897566,,footway,15.634496165973529,"LINESTRING (144.9576796 -37.8202556, 144.9578435 -37.8202014)"
589501834,1479928062,,pedestrian,1.8431340601307296,"LINESTRING (144.9573434 -37.8202497, 144.957348 -37.8202659)"
1479928062,1479930071,,pedestrian,61.56544347115066,"LINESTRING (144.957348 -37.8202659, 144.9566918 -37.8204575)"
1479930071,1479930098,,pedestrian,71.90897916640273,"LINESTRING (144.9566918 -37.8204575, 144.9559248 -37.8206801)"
1479930098,1479928098,,pedestrian,69.0829561449423,"LINESTRING (144.9559248 -37.8206801, 144.955187 -37.8208919)"
1479928098,1479928114,,pedestrian,0.962836479742759,"LINESTRING (144.955187 -37.8208919, 144.9551761 -37.8208926)"
1479928114,1479928155,,pedestrian,2.526918238386487,"LINESTRING (144.9551761 -37.8208926, 144.9551475 -37.8208945)"
1479928155,1479928160,,pedestrian,1.9590267182907952,"LINESTRING (144.9551475 -37.8208945, 144.955128 -37.820886)"
1479928160,1479928149,,pedestrian,2.06780351197294,"LINESTRING (144.955128 -37.820886, 144.9551146 -37.8208707)"
1479928149,1479928106,,pedestrian,2.8928479670956806,"LINESTRING (144.9551146 -37.8208707, 144.9551024 -37.8208465)"
1479928106,1479928042,,pedestrian,2.5482840838169114,"LINESTRING (144.9551024 -37.8208465, 144.955099 -37.8208237)"
1479928042,1479928133,,pedestrian,5.20929176409048,"LINESTRING (144.955099 -37.8208237, 144.9550771 -37.8207801)"
1479928133,11961603227,,pedestrian,2.765190818989459,"LINESTRING (144.9550771 -37.8207801, 144.9551068 -37.820772)"
11961603227,1479928138,,pedestrian,1.106308444337386,"LINESTRING (144.9551068 -37.820772, 144.9551187 -37.8207688)"
1479928138,1479928144,,pedestrian,9.499805514834753,"LINESTRING (144.9551187 -37.8207688, 144.955155 -37.8208494)"
1479928144,639368399,,pedestrian,3.3631480413764803,"LINESTRING (144.955155 -37.8208494, 144.9551872 -37.8208657)"
639368399,639368395,,pedestrian,27.239597643173372,"LINESTRING (144.9551872 -37.8208657, 144.9554788 -37.8207837)"
639368395,6913920087,,pedestrian,11.304465356345892,"LINESTRING (144.9554788 -37.8207837, 144.955599 -37.8207479)"
6913920087,6913920094,,pedestrian,24.82180340819044,"LINESTRING (144.955599 -37.8207479, 144.9558626 -37.8206686)"
6913920094,1479930108,,pedestrian,4.690133366902421,"LINESTRING (144.9558626 -37.8206686, 144.9559141 -37.8206578)"
1479930108,6913920098,,pedestrian,4.2636666740638205,"LINESTRING (144.9559141 -37.8206578, 144.9559574 -37.8206406)"
6913920098,6913920099,,pedestrian,14.073841707583247,"LINESTRING (144.9559574 -37.8206406, 144.9561075 -37.820597)"
6913920099,6913920103,,pedestrian,11.744206622339538,"LINESTRING (144.9561075 -37.820597, 144.9562348 -37.8205654)"
6913920103,3116393549,,pedestrian,21.233215516202005,"LINESTRING (144.9562348 -37.8205654, 144.9564612 -37.8204995)"
3116393549,3116393548,,pedestrian,15.667995393604642,"LINESTRING (144.9564612 -37.8204995, 144.9566279 -37.8204501)"
3116393548,1479930083,,pedestrian,5.062038088049936,"LINESTRING (144.9566279 -37.8204501, 144.9566814 -37.8204334)"
1479930083,6913853661,,pedestrian,5.158041878642554,"LINESTRING (144.9566814 -37.8204334, 144.9567371 -37.820419)"
6913853661,6913853659,,pedestrian,13.568463335809724,"LINESTRING (144.9567371 -37.820419, 144.9568821 -37.8203776)"
6913853659,6913853657,,pedestrian,9.977365143667868,"LINESTRING (144.9568821 -37.8203776, 144.9569891 -37.820348)"
6913853657,589504686,,pedestrian,9.950579570917762,"LINESTRING (144.9569891 -37.820348, 144.9570956 -37.820318)"
589504686,589504692,,pedestrian,19.535167514865645,"LINESTRING (144.9570956 -37.820318, 144.957304 -37.8202576)"
589504692,589501834,,pedestrian,3.578123655728728,"LINESTRING (144.957304 -37.8202576, 144.9573434 -37.8202497)"
591351811,1479905324,,pedestrian,6.461969959189495,"LINESTRING (144.9568595 -37.8206961, 144.9567916 -37.8207182)"
1479905324,591351418,,pedestrian,5.218437545912983,"LINESTRING (144.9567916 -37.8207182, 144.9567356 -37.8207336)"
591351418,1479928071,,pedestrian,59.620804733634884,"LINESTRING (144.9567356 -37.8207336, 144.9561008 -37.8209206)"
1479928071,1479905374,,pedestrian,6.204402177803796,"LINESTRING (144.9561008 -37.8209206, 144.956034 -37.8209384)"
1479905374,591351078,,pedestrian,5.087419542574718,"LINESTRING (144.956034 -37.8209384, 144.9559794 -37.8209534)"
591351078,591351075,,pedestrian,8.950740022505634,"LINESTRING (144.9559794 -37.8209534, 144.9558871 -37.8209872)"
591351075,1479905393,,pedestrian,8.011512882175618,"LINESTRING (144.9558871 -37.8209872, 144.9558067 -37.821021)"
1479905393,1479905362,,pedestrian,7.949322099798912,"LINESTRING (144.9558067 -37.821021, 144.9557246 -37.8210508)"
1479905362,1479905314,,pedestrian,28.00839914272919,"LINESTRING (144.9557246 -37.8210508, 144.9554276 -37.8211412)"
1479905314,1479905349,,pedestrian,2.1729351536641333,"LINESTRING (144.9554276 -37.8211412, 144.9554353 -37.8211598)"
1479905349,1479905375,,pedestrian,4.171574278225829,"LINESTRING (144.9554353 -37.8211598, 144.9553904 -37.8211718)"
1479905375,1479905309,,pedestrian,1.8290260695410572,"LINESTRING (144.9553904 -37.8211718, 144.9554005 -37.8211862)"
1479905309,7512769219,,pedestrian,7.068502503461254,"LINESTRING (144.9554005 -37.8211862, 144.9553226 -37.8212016)"
7512769219,1479928052,,pedestrian,0.9421563100410232,"LINESTRING (144.9553226 -37.8212016, 144.9553194 -37.8211935)"
1479928052,1479928123,,pedestrian,1.5544725608687209,"LINESTRING (144.9553194 -37.8211935, 144.9553253 -37.8211803)"
1479928123,1479928035,,pedestrian,2.011250318344664,"LINESTRING (144.9553253 -37.8211803, 144.955339 -37.8211658)"
1479928035,1479928066,,pedestrian,2.458582491386918,"LINESTRING (144.955339 -37.8211658, 144.95536 -37.8211512)"
1479928066,1479928142,,pedestrian,3.1353679862681063,"LINESTRING (144.95536 -37.8211512, 144.955394 -37.8211428)"
1479928142,1479928102,,pedestrian,17.18917998030705,"LINESTRING (144.955394 -37.8211428, 144.9555766 -37.821088)"
1479928102,1479928100,,pedestrian,10.718453796211445,"LINESTRING (144.9555766 -37.821088, 144.9556904 -37.8210537)"
1479928100,1479928121,,pedestrian,11.765573240564388,"LINESTRING (144.9556904 -37.8210537, 144.9558072 -37.8210022)"
1479928121,1479928031,,pedestrian,7.905674257230057,"LINESTRING (144.9558072 -37.8210022, 144.9558808 -37.8209614)"
1479928031,1479928086,,pedestrian,13.526311691273492,"LINESTRING (144.9558808 -37.8209614, 144.9560192 -37.8209085)"
1479928086,1479928069,,pedestrian,6.329300692447522,"LINESTRING (144.9560192 -37.8209085, 144.9560852 -37.8208859)"
1479928069,1479905379,,pedestrian,11.821213808133628,"LINESTRING (144.9560852 -37.8208859, 144.9562111 -37.8208489)"
1479905379,1479905360,,pedestrian,3.549813701414938,"LINESTRING (144.9562111 -37.8208489, 144.9562471 -37.8208633)"
1479905360,1479905327,,pedestrian,40.835662538916424,"LINESTRING (144.9562471 -37.8208633, 144.9566784 -37.820728)"
1479905327,1479905358,,pedestrian,2.6585603712299752,"LINESTRING (144.9566784 -37.820728, 144.9566854 -37.8207047)"
1479905358,589713786,,pedestrian,7.435582975167268,"LINESTRING (144.9566854 -37.8207047, 144.956766 -37.8206847)"
589713786,1479905320,,pedestrian,10.01798896455836,"LINESTRING (144.956766 -37.8206847, 144.9568714 -37.8206507)"
1479905320,1479905386,,pedestrian,2.6635194283962877,"LINESTRING (144.9568714 -37.8206507, 144.9569016 -37.8206493)"
1479905386,1479905331,,pedestrian,31.183915228806722,"LINESTRING (144.9569016 -37.8206493, 144.9572393 -37.8205646)"
1479905331,1479905376,,pedestrian,3.357229063098019,"LINESTRING (144.9572393 -37.8205646, 144.9572549 -37.820537)"
1479905376,1479905322,,pedestrian,10.739984646822855,"LINESTRING (144.9572549 -37.820537, 144.957372 -37.8205099)"
1479905322,1479905388,,pedestrian,2.509766642101024,"LINESTRING (144.957372 -37.8205099, 144.9574002 -37.8205066)"
1479905388,1479905390,,pedestrian,1.8159186041038127,"LINESTRING (144.9574002 -37.8205066, 144.9574208 -37.8205074)"
1479905390,1479905408,,pedestrian,2.0120448837642937,"LINESTRING (144.9574208 -37.8205074, 144.957443 -37.8205117)"
1479905408,1479905318,,pedestrian,1.4530898042819143,"LINESTRING (144.957443 -37.8205117, 144.9574582 -37.8205168)"
1479905318,1479905371,,pedestrian,2.218779377414403,"LINESTRING (144.9574582 -37.8205168, 144.957475 -37.8205317)"
1479905371,1479905326,,pedestrian,2.8508648201951186,"LINESTRING (144.957475 -37.8205317, 144.9574915 -37.8205538)"
1479905326,1479905347,,pedestrian,2.215966200651438,"LINESTRING (144.9574915 -37.8205538, 144.9574984 -37.820573)"
1479905347,1479905303,,pedestrian,51.32985499873994,"LINESTRING (144.9574984 -37.820573, 144.9576949 -37.8210084)"
1479905357,1479905392,,pedestrian,12.590328945888226,"LINESTRING (144.9574815 -37.8207232, 144.9573861 -37.8206387)"
1479905392,1479905308,,pedestrian,4.538476431382626,"LINESTRING (144.9573861 -37.8206387, 144.9573475 -37.8206116)"
1479905308,1479905305,,pedestrian,3.7222853742507613,"LINESTRING (144.9573475 -37.8206116, 144.9573088 -37.8205981)"
1479905305,1479905316,,pedestrian,5.591009807117493,"LINESTRING (144.9573088 -37.8205981, 144.9572453 -37.8205984)"
1479905316,1479905377,,pedestrian,6.003194962330154,"LINESTRING (144.9572453 -37.8205984, 144.9571782 -37.820608)"
1479905377,591351811,,pedestrian,29.715195632167227,"LINESTRING (144.9571782 -37.820608, 144.9568595 -37.8206961)"
6167247178,1479928042,,footway,2.6807967128519192,"LINESTRING (144.9551275 -37.8208152, 144.955099 -37.8208237)"
1479928042,589708344,,footway,2.814764856005759,"LINESTRING (144.955099 -37.8208237, 144.9550685 -37.8208313)"
589708344,2174963251,,footway,8.469713599595034,"LINESTRING (144.9550685 -37.8208313, 144.9549777 -37.8208565)"
2174963251,2174963254,,footway,3.8283787418946438,"LINESTRING (144.9549777 -37.8208565, 144.9549359 -37.820866)"
2174963254,589708331,,footway,4.870995832816474,"LINESTRING (144.9549359 -37.820866, 144.9548833 -37.8208796)"
589708331,589742841,,footway,5.712886053099512,"LINESTRING (144.9548833 -37.8208796, 144.9548221 -37.8208967)"
1492145852,6167285757,,footway,55.27051329849708,"LINESTRING (144.9511731 -37.8125812, 144.9513872 -37.8130493)"
1492149399,1492149391,,footway,7.5452219983267295,"LINESTRING (144.9515075 -37.8133578, 144.951422 -37.8133533)"
1492149391,6167231016,,footway,6.2345163379552995,"LINESTRING (144.951422 -37.8133533, 144.9513512 -37.8133538)"
4952478803,1835199887,,footway,12.872638169743633,"LINESTRING (144.9542108 -37.8120943, 144.9541385 -37.8121951)"
1835199887,1833115017,,footway,15.0000697773871,"LINESTRING (144.9541385 -37.8121951, 144.9540216 -37.8122934)"
1833115017,2291073998,,footway,1.8604777744503702,"LINESTRING (144.9540216 -37.8122934, 144.954011 -37.8123079)"
638053773,1964013106,Campbell Arcade,footway,45.96866641602152,"LINESTRING (144.9660113 -37.8177657, 144.9658458 -37.8173729)"
13789082471,2020832915,Centreway Arcade,footway,41.066128475274695,"LINESTRING (144.9654202 -37.8163538, 144.9652587 -37.8160067)"
2020832915,6167441077,Centreway Arcade,footway,3.097153744497496,"LINESTRING (144.9652587 -37.8160067, 144.9652453 -37.8159809)"
13762767706,13762767705,,footway,48.11468293059901,"LINESTRING (144.9545845 -37.8188279, 144.9544027 -37.8184191)"
589742863,589742867,,footway,1.9271367075934653,"LINESTRING (144.9549415 -37.8212445, 144.954933 -37.8212605)"
589742867,589664981,,footway,17.346769740848373,"LINESTRING (144.954933 -37.8212605, 144.9548598 -37.8214056)"
164088790,10575891367,Watertank Way,footway,31.753005840778293,"LINESTRING (144.9527359 -37.8155618, 144.9530752 -37.8154649)"
12146857333,12146857332,Hardware Lane,pedestrian,4.190493475707251,"LINESTRING (144.9617386 -37.8147095, 144.9617224 -37.814674)"
12146857332,12146857331,Hardware Lane,pedestrian,3.034447452018575,"LINESTRING (144.9617224 -37.814674, 144.961711 -37.8146482)"
12146857331,2177124604,Hardware Lane,pedestrian,3.839205545798196,"LINESTRING (144.961711 -37.8146482, 144.9616954 -37.8146159)"
2177124604,6167417943,Hardware Lane,pedestrian,5.9776820739177845,"LINESTRING (144.9616954 -37.8146159, 144.9616725 -37.8145652)"
6167417943,13183464620,Hardware Lane,pedestrian,2.8210119476230124,"LINESTRING (144.9616725 -37.8145652, 144.9616616 -37.8145413)"
2180785581,13327907559,,footway,13.539603977245743,"LINESTRING (144.9579264 -37.8180961, 144.9579784 -37.8182109)"
2180785602,6167191154,St Michaels Walk,pedestrian,7.096668984153322,"LINESTRING (144.9695754 -37.8145421, 144.9695486 -37.8144818)"
6167191154,247022848,St Michaels Walk,pedestrian,43.76318003376611,"LINESTRING (144.9695486 -37.8144818, 144.9693853 -37.8141094)"
247022848,247022855,St Michaels Walk,pedestrian,32.03781945361979,"LINESTRING (144.9693853 -37.8141094, 144.9690419 -37.8142048)"
2181275341,2291073980,,pedestrian,1.1459600496146893,"LINESTRING (144.9607951 -37.8103901, 144.9607978 -37.81038)"
2291073980,6167285769,,pedestrian,4.227828398909697,"LINESTRING (144.9607978 -37.81038, 144.9607814 -37.8103442)"
6167285769,316413659,,pedestrian,18.577384905893958,"LINESTRING (144.9607814 -37.8103442, 144.9607076 -37.8101874)"
2181275337,6167289298,Bowen Street,pedestrian,6.386481409011128,"LINESTRING (144.9648335 -37.8092263, 144.9648088 -37.8091722)"
6167289298,6307694927,Bowen Street,pedestrian,45.99712383330089,"LINESTRING (144.9648088 -37.8091722, 144.964628 -37.8087834)"
6167266588,245537580,Red Cape Lane,pedestrian,25.722549545007293,"LINESTRING (144.9645428 -37.8108418, 144.9648163 -37.8107604)"
245537580,12482435926,Red Cape Lane,pedestrian,33.94117527258525,"LINESTRING (144.9648163 -37.8107604, 144.9651778 -37.8106543)"
12482435926,13891346681,Red Cape Lane,pedestrian,3.78268468074313,"LINESTRING (144.9651778 -37.8106543, 144.9652181 -37.8106425)"
13891346681,6573513188,Red Cape Lane,pedestrian,13.382256092413447,"LINESTRING (144.9652181 -37.8106425, 144.9653606 -37.8106006)"
6573513188,245537551,Red Cape Lane,pedestrian,1.5530649356912567,"LINESTRING (144.9653606 -37.8106006, 144.9653773 -37.8105961)"
245537551,13891346682,Red Cape Lane,pedestrian,2.4926436406035215,"LINESTRING (144.9653773 -37.8105961, 144.9654056 -37.8105966)"
2188339982,2383211222,Bourke Street Mall,pedestrian,1.4902479114808167,"LINESTRING (144.965632 -37.8135238, 144.9656161 -37.8135284)"
2383211222,7913341864,Bourke Street Mall,pedestrian,4.837429240938942,"LINESTRING (144.9656161 -37.8135284, 144.9655649 -37.8135442)"
7913341864,6167266610,Bourke Street Mall,pedestrian,3.848065223107552,"LINESTRING (144.9655649 -37.8135442, 144.9655239 -37.8135562)"
6167266610,7913341859,Bourke Street Mall,pedestrian,205.6939345823876,"LINESTRING (144.9655239 -37.8135562, 144.9633331 -37.8141994)"
7913341859,6167441064,Bourke Street Mall,pedestrian,2.2598414303668766,"LINESTRING (144.9633331 -37.8141994, 144.963309 -37.8142064)"
6167441064,2190478938,Bourke Street Mall,pedestrian,6.347774234771292,"LINESTRING (144.963309 -37.8142064, 144.9632407 -37.8142247)"
8871100813,6167359495,,footway,9.765485260248873,"LINESTRING (144.972875 -37.8104641, 144.9729818 -37.8104404)"
6167359495,8871100814,,footway,1.4190959926764763,"LINESTRING (144.9729818 -37.8104404, 144.9729973 -37.8104369)"
8871100814,8871151532,,footway,2.58430903355617,"LINESTRING (144.9729973 -37.8104369, 144.9730226 -37.8104251)"
8871151532,580890030,,footway,1.946792018101102,"LINESTRING (144.9730226 -37.8104251, 144.9730415 -37.810416)"
580890030,8871151531,,footway,1.8530945053815668,"LINESTRING (144.9730415 -37.810416, 144.973056 -37.8104039)"
2190478940,6721914017,Elizabeth Street,pedestrian,6.107439967446138,"LINESTRING (144.9645853 -37.8171732, 144.9646087 -37.817225)"
6721914017,12517269339,Elizabeth Street,pedestrian,79.4594840248384,"LINESTRING (144.9646087 -37.817225, 144.9649263 -37.8178951)"
12517269339,591429117,Elizabeth Street,pedestrian,11.477822428622064,"LINESTRING (144.9649263 -37.8178951, 144.964976 -37.8179907)"
591429117,12517269320,Elizabeth Street,pedestrian,5.19810570808642,"LINESTRING (144.964976 -37.8179907, 144.9649969 -37.8180345)"
12517269320,8956411082,Elizabeth Street,pedestrian,1.2071183035090514,"LINESTRING (144.9649969 -37.8180345, 144.9650031 -37.8180442)"
8956411082,12517269322,Elizabeth Street,pedestrian,1.2031620284912041,"LINESTRING (144.9650031 -37.8180442, 144.9650092 -37.8180539)"
12517269322,12517269323,Elizabeth Street,pedestrian,0.7232492069884218,"LINESTRING (144.9650092 -37.8180539, 144.9650134 -37.8180595)"
12517269323,9512482854,Elizabeth Street,pedestrian,1.1287895141174296,"LINESTRING (144.9650134 -37.8180595, 144.9650227 -37.8180665)"
9512482854,12517269321,Elizabeth Street,pedestrian,0.9049202304519908,"LINESTRING (144.9650227 -37.8180665, 144.9650304 -37.8180719)"
12517269321,12517269324,Elizabeth Street,pedestrian,0.934606327982919,"LINESTRING (144.9650304 -37.8180719, 144.9650396 -37.8180761)"
12517269324,8956411083,Elizabeth Street,pedestrian,2.08296846623553,"LINESTRING (144.9650396 -37.8180761, 144.9650616 -37.818083)"
2193369802,6167191730,Manchester Lane,pedestrian,4.538118435815509,"LINESTRING (144.9657889 -37.8157825, 144.9658066 -37.8158209)"
6167191730,126932343,Manchester Lane,pedestrian,47.96348993408129,"LINESTRING (144.9658066 -37.8158209, 144.9659959 -37.8162261)"
2279006915,6167413280,St James Plaza,pedestrian,4.8445378695688985,"LINESTRING (144.9575096 -37.8159547, 144.9575274 -37.815996)"
6167413280,145220359,St James Plaza,pedestrian,57.22802072165727,"LINESTRING (144.9575274 -37.815996, 144.9577372 -37.816484)"
145220359,6696357491,St James Plaza,pedestrian,57.444253154905105,"LINESTRING (144.9577372 -37.816484, 144.9583534 -37.816314)"
6696357491,7620884639,St James Plaza,pedestrian,3.2727445199797853,"LINESTRING (144.9583534 -37.816314, 144.9583885 -37.8163043)"
7620884639,2189145398,St James Plaza,pedestrian,3.7110172836364814,"LINESTRING (144.9583885 -37.8163043, 144.9584283 -37.8162933)"
2190567601,6167254902,,footway,7.288226274808061,"LINESTRING (144.9648763 -37.8179972, 144.9649032 -37.8180593)"
6725404930,13739866930,,footway,43.167362374809045,"LINESTRING (144.9516902 -37.813733, 144.9515139 -37.8133701)"
13739866930,1492149399,,footway,1.476955402705901,"LINESTRING (144.9515139 -37.8133701, 144.9515075 -37.8133578)"
1492149399,6167278766,,footway,9.4416281937985,"LINESTRING (144.9515075 -37.8133578, 144.9514653 -37.8132796)"
2412954936,2412954937,,footway,14.685047455209842,"LINESTRING (144.9672393 -37.8175408, 144.9670833 -37.8175876)"
2699707720,6800617661,,footway,3.802848290663637,"LINESTRING (144.9662443 -37.8151345, 144.9662038 -37.8151464)"
650268711,6167357875,,footway,9.754711642489939,"LINESTRING (144.9746634 -37.8142515, 144.9745569 -37.8142757)"
2850399839,13762604294,Rose Lane,pedestrian,8.55464467898242,"LINESTRING (144.9539391 -37.8147231, 144.9539763 -37.8147943)"
13762604294,13762604295,Rose Lane,pedestrian,2.1795525475814723,"LINESTRING (144.9539763 -37.8147943, 144.9539846 -37.8148128)"
13762604295,13762604293,Rose Lane,pedestrian,93.5723519799608,"LINESTRING (144.9539846 -37.8148128, 144.9543446 -37.815606)"
13762604293,13762604292,Rose Lane,pedestrian,2.1004690907984838,"LINESTRING (144.9543446 -37.815606, 144.9543527 -37.8156238)"
13762604292,2850399840,Rose Lane,pedestrian,4.669142760183258,"LINESTRING (144.9543527 -37.8156238, 144.9543695 -37.8156637)"
596909576,8172338718,,footway,12.85893040789466,"LINESTRING (144.9629488 -37.8127923, 144.9628976 -37.8126838)"
176703283,6806666956,,footway,1.3346112140094022,"LINESTRING (144.9637187 -37.8112585, 144.9637042 -37.811262)"
3334085161,3334085162,,footway,1.8172162142988955,"LINESTRING (144.9673687 -37.8166508, 144.9673494 -37.8166566)"
3334085162,3334085163,,footway,1.4953836856751708,"LINESTRING (144.9673494 -37.8166566, 144.9673547 -37.8166694)"
3334124363,3334124362,,footway,1.692276038551003,"LINESTRING (144.9676097 -37.8171854, 144.9676279 -37.8171805)"
3334124362,10901587533,,footway,3.006743302712293,"LINESTRING (144.9676279 -37.8171805, 144.9676422 -37.8172051)"
10901587533,3334124360,,footway,13.096786604498453,"LINESTRING (144.9676422 -37.8172051, 144.9677834 -37.817168)"
3334124360,3334086097,,footway,1.327820628847875,"LINESTRING (144.9677834 -37.817168, 144.9677887 -37.8171792)"
246076364,3687642860,,footway,3.635258691602014,"LINESTRING (144.973364 -37.8146003, 144.9733453 -37.8145711)"
131221827,6167236696,Hardware Lane,pedestrian,21.880976131697242,"LINESTRING (144.9609387 -37.8130033, 144.9608495 -37.8128193)"
6167236696,595594361,Hardware Lane,pedestrian,8.475980738166268,"LINESTRING (144.9608495 -37.8128193, 144.9608147 -37.8127481)"
4120677337,6573517641,,footway,5.433382762776576,"LINESTRING (144.9641327 -37.8101023, 144.9641911 -37.8100865)"
6573517641,4120677313,,footway,9.365301164044794,"LINESTRING (144.9641911 -37.8100865, 144.9642906 -37.8100567)"
609094659,6167266591,,footway,24.069100764677124,"LINESTRING (144.9644941 -37.810287, 144.9643912 -37.8104879)"
609088515,6893904171,,footway,10.073452735851703,"LINESTRING (144.9642746 -37.8097751, 144.9641728 -37.8097337)"
609088528,4120677314,,footway,18.620242054130063,"LINESTRING (144.9643294 -37.8098, 144.9645211 -37.8098708)"
4120677314,4120677317,,footway,12.252588379981676,"LINESTRING (144.9645211 -37.8098708, 144.9645652 -37.8099755)"
4120677317,4120677315,,footway,11.045547014737634,"LINESTRING (144.9645652 -37.8099755, 144.9646071 -37.8100693)"
4120677315,609088540,,footway,9.826985270970725,"LINESTRING (144.9646071 -37.8100693, 144.9645644 -37.8101511)"
609088533,4120677319,,footway,1.4760121400254305,"LINESTRING (144.9643439 -37.8100403, 144.9643602 -37.8100372)"
4120677330,4120677331,,footway,0.9531830646986453,"LINESTRING (144.9644208 -37.8100375, 144.9644149 -37.8100447)"
4120677331,4120677332,,footway,0.9657816961681744,"LINESTRING (144.9644149 -37.8100447, 144.9644063 -37.8100501)"
4120677332,4120677333,,footway,0.9670994553457263,"LINESTRING (144.9644063 -37.8100501, 144.9643959 -37.8100529)"
4120677333,4120677334,,footway,0.9687029993985475,"LINESTRING (144.9643959 -37.8100529, 144.9643849 -37.8100528)"
4120677334,4120677335,,footway,0.9624199253881792,"LINESTRING (144.9643849 -37.8100528, 144.9643746 -37.8100499)"
4120677335,4120677336,,footway,0.958892368846375,"LINESTRING (144.9643746 -37.8100499, 144.9643661 -37.8100445)"
4120677336,4120677319,,footway,0.9625076623528912,"LINESTRING (144.9643661 -37.8100445, 144.9643602 -37.8100372)"
4120677319,4120677320,,footway,0.9451675330155589,"LINESTRING (144.9643602 -37.8100372, 144.9643578 -37.8100289)"
4120677320,4120677322,,footway,0.9364853138626056,"LINESTRING (144.9643578 -37.8100289, 144.9643588 -37.8100205)"
4120677322,4120677323,,footway,0.9383677298562071,"LINESTRING (144.9643588 -37.8100205, 144.9643632 -37.8100128)"
4120677323,4120677324,,footway,0.947721803085858,"LINESTRING (144.9643632 -37.8100128, 144.9643706 -37.8100066)"
4120677324,4120677325,,footway,0.9340994121599451,"LINESTRING (144.9643706 -37.8100066, 144.96438 -37.8100027)"
4120677325,4120677326,,footway,0.9375773663921686,"LINESTRING (144.96438 -37.8100027, 144.9643905 -37.8100013)"
4120677326,4120677327,,footway,0.9445033370266323,"LINESTRING (144.9643905 -37.8100013, 144.9644011 -37.8100026)"
4120677327,4120677328,,footway,0.9470636027720286,"LINESTRING (144.9644011 -37.8100026, 144.9644106 -37.8100066)"
4120677328,4120677329,,footway,0.9336086425139913,"LINESTRING (144.9644106 -37.8100066, 144.9644179 -37.8100127)"
4120677329,4120677318,,footway,0.9383677080592153,"LINESTRING (144.9644179 -37.8100127, 144.9644223 -37.8100204)"
4120677318,4120677321,,footway,0.9594366771146834,"LINESTRING (144.9644223 -37.8100204, 144.9644234 -37.810029)"
4120677321,4120677330,,footway,0.9708185948155629,"LINESTRING (144.9644234 -37.810029, 144.9644208 -37.8100375)"
4120677339,4120677317,,footway,8.09203483793457,"LINESTRING (144.9644793 -37.8100014, 144.9645652 -37.8099755)"
4120677317,4120677316,,footway,2.961077599740944,"LINESTRING (144.9645652 -37.8099755, 144.9645969 -37.8099666)"
4269483838,4269483839,,footway,41.24832458231367,"LINESTRING (144.9648651 -37.8161222, 144.9650201 -37.8164729)"
4269483839,13826918603,,footway,4.90331928488546,"LINESTRING (144.9650201 -37.8164729, 144.964968 -37.8164885)"
13826918603,4269483840,,footway,8.595213734150061,"LINESTRING (144.964968 -37.8164885, 144.9649136 -37.8165528)"
4269483840,4269483843,,footway,8.661699226243783,"LINESTRING (144.9649136 -37.8165528, 144.9649477 -37.816626)"
4269483843,594179870,,footway,39.634803064300364,"LINESTRING (144.9649477 -37.816626, 144.9651046 -37.8169607)"
13200408887,4269483845,,footway,5.792261589365716,"LINESTRING (144.9651945 -37.8164922, 144.9651328 -37.8165103)"
4269483845,13811259993,,footway,7.380606576758306,"LINESTRING (144.9651328 -37.8165103, 144.9651207 -37.8165761)"
13811259993,13811259994,,footway,10.945665269178434,"LINESTRING (144.9651207 -37.8165761, 144.9650036 -37.8166092)"
4269483839,13826918604,,footway,4.11142433541902,"LINESTRING (144.9650201 -37.8164729, 144.9650641 -37.8164605)"
13826918604,4269483845,,footway,8.194121782021842,"LINESTRING (144.9650641 -37.8164605, 144.9651328 -37.8165103)"
3334086098,4329375111,,footway,1.9379967844762729,"LINESTRING (144.9678008 -37.8172048, 144.967808 -37.8172213)"
11189766730,4369807451,,footway,3.4195816511580155,"LINESTRING (144.9720386 -37.8134619, 144.9720206 -37.8134892)"
4369807451,6810299151,,footway,23.728459938885383,"LINESTRING (144.9720206 -37.8134892, 144.9721158 -37.8136892)"
4391665570,7275965582,,footway,28.10918903229593,"LINESTRING (144.9640627 -37.8121969, 144.9638033 -37.8120493)"
7275965582,4391665567,,footway,8.685445323825652,"LINESTRING (144.9638033 -37.8120493, 144.9637681 -37.8119762)"
4391665571,4391665566,,footway,58.58154749342545,"LINESTRING (144.9642392 -37.8125656, 144.9636133 -37.8127445)"
13794345655,4391665566,,footway,17.642776261794495,"LINESTRING (144.9636796 -37.8128945, 144.9636133 -37.8127445)"
4391665566,4391665568,,footway,39.827284084108776,"LINESTRING (144.9636133 -37.8127445, 144.9634559 -37.8124081)"
4391665568,13794345656,,footway,3.7739114706570938,"LINESTRING (144.9634559 -37.8124081, 144.9634404 -37.8123764)"
13794345656,7275965581,,footway,33.890749030143894,"LINESTRING (144.9634404 -37.8123764, 144.9638019 -37.8122716)"
7275965581,4391665570,,footway,24.415753093436532,"LINESTRING (144.9638019 -37.8122716, 144.9640627 -37.8121969)"
4391665570,4391665571,,footway,43.774780225651305,"LINESTRING (144.9640627 -37.8121969, 144.9642392 -37.8125656)"
4391665571,13794345654,,footway,17.46552712003077,"LINESTRING (144.9642392 -37.8125656, 144.9643083 -37.8127131)"
6167441078,4391710424,,footway,2.8674166229050906,"LINESTRING (144.9651493 -37.8157769, 144.9651386 -37.8157525)"
4451156236,4451156235,Campbell Arcade entrance,footway,2.8582601383486503,"LINESTRING (144.9658409 -37.8173621, 144.9658313 -37.8173375)"
4451156236,4451156232,Campbell Arcade entrance,footway,3.026323128287327,"LINESTRING (144.9658409 -37.8173621, 144.9658085 -37.8173712)"
4451159326,597547960,Howey Place,pedestrian,15.168922967436146,"LINESTRING (144.9654828 -37.8152643, 144.9656459 -37.8152203)"
597547960,174796871,Howey Place,pedestrian,19.40867327975664,"LINESTRING (144.9656459 -37.8152203, 144.9658545 -37.8151638)"
174796871,597547969,Howey Place,pedestrian,6.768444529377815,"LINESTRING (144.9658545 -37.8151638, 144.9658801 -37.8152213)"
13780588549,13780588555,,footway,7.209080584046122,"LINESTRING (144.9654697 -37.8152865, 144.9654985 -37.8153473)"
13780588555,13780588556,,footway,2.520851564329641,"LINESTRING (144.9654985 -37.8153473, 144.9655169 -37.8153647)"
13780588556,13780588557,,footway,2.503859587092895,"LINESTRING (144.9655169 -37.8153647, 144.9655446 -37.8153698)"
13780588557,13780588558,,footway,3.1935319983582846,"LINESTRING (144.9655446 -37.8153698, 144.9655802 -37.8153643)"
13780588558,2699707715,,footway,15.944295029152986,"LINESTRING (144.9655802 -37.8153643, 144.9656438 -37.8154988)"
2699707715,13780588548,,footway,2.48825811834134,"LINESTRING (144.9656438 -37.8154988, 144.9656603 -37.815517)"
13780588548,13780588559,,footway,2.143913119022882,"LINESTRING (144.9656603 -37.815517, 144.9656815 -37.8155265)"
13780588559,13780588547,,footway,2.2892702523721757,"LINESTRING (144.9656815 -37.8155265, 144.9657074 -37.8155283)"
13780588547,9403163549,,footway,3.3791064014639143,"LINESTRING (144.9657074 -37.8155283, 144.9657441 -37.8155194)"
9403163549,13264326878,,footway,5.5945723342188485,"LINESTRING (144.9657441 -37.8155194, 144.965765 -37.815567)"
9756035311,4544002875,,footway,7.959003318105423,"LINESTRING (144.9658531 -37.8110993, 144.9658843 -37.8111666)"
4544002875,4544002876,,footway,11.498862020533831,"LINESTRING (144.9658843 -37.8111666, 144.9659305 -37.8112635)"
4544002876,9756035312,,footway,7.236796074730357,"LINESTRING (144.9659305 -37.8112635, 144.9659585 -37.8113248)"
6877591107,4544035093,,footway,6.220091831236333,"LINESTRING (144.963551 -37.8117838, 144.9635767 -37.811836)"
4544035093,4544035094,,footway,11.442921450313511,"LINESTRING (144.9635767 -37.811836, 144.9636221 -37.8119326)"
4544035094,6877591106,,footway,8.106597310897065,"LINESTRING (144.9636221 -37.8119326, 144.9636537 -37.8120012)"
13644231170,4716795157,,footway,24.156732013420104,"LINESTRING (144.9538321 -37.8189043, 144.9535834 -37.8188124)"
6167359490,4746122983,,footway,5.623004318402895,"LINESTRING (144.9736766 -37.8123779, 144.9736164 -37.8123948)"
4746122983,7913378921,,footway,4.620501777501149,"LINESTRING (144.9736164 -37.8123948, 144.9735677 -37.8124103)"
7913378921,7913378922,,footway,3.4298612941312108,"LINESTRING (144.9735677 -37.8124103, 144.9735313 -37.8124213)"
7913378922,4746122984,,footway,3.8676633106341516,"LINESTRING (144.9735313 -37.8124213, 144.9734903 -37.8124338)"
4746122984,6167359491,,footway,9.842789384611546,"LINESTRING (144.9734903 -37.8124338, 144.9733861 -37.8124659)"
5015518502,6167413252,,footway,7.277135796614579,"LINESTRING (144.9690115 -37.8125792, 144.9690391 -37.812641)"
6167413252,5015518503,,footway,29.85750431901124,"LINESTRING (144.9690391 -37.812641, 144.9691522 -37.8128946)"
5587121106,6407789669,,footway,45.03412648742373,"LINESTRING (144.9562468 -37.819031, 144.956727 -37.8188913)"
6407789669,5587121107,,footway,5.268656010968788,"LINESTRING (144.956727 -37.8188913, 144.9567832 -37.818875)"
4391710425,6722119690,,footway,1.3887377702937551,"LINESTRING (144.9647638 -37.8149438, 144.9647573 -37.8149324)"
597547724,597547732,Block Place,footway,7.239761839728057,"LINESTRING (144.9644048 -37.8154341, 144.9644329 -37.8154954)"
597547732,13780588535,Block Place,footway,2.9593376698052536,"LINESTRING (144.9644329 -37.8154954, 144.9644352 -37.815522)"
13780588535,13780588534,Block Place,footway,9.574540566378667,"LINESTRING (144.9644352 -37.815522, 144.9644726 -37.815603)"
13780588534,13784145798,Block Place,footway,7.009025744190814,"LINESTRING (144.9644726 -37.815603, 144.9643978 -37.8156246)"
13784145798,13780588536,Block Place,footway,2.002024942314182,"LINESTRING (144.9643978 -37.8156246, 144.9644054 -37.8156416)"
6167344549,8552288768,,footway,23.32788461819843,"LINESTRING (144.9712819 -37.8139697, 144.9710348 -37.8140455)"
8552288768,13264335020,,footway,22.8839903627906,"LINESTRING (144.9710348 -37.8140455, 144.9707909 -37.8141167)"
13264335020,13264322395,,footway,40.73300978531639,"LINESTRING (144.9707909 -37.8141167, 144.9703574 -37.8142448)"
13264322395,6167191153,,footway,15.373916694094955,"LINESTRING (144.9703574 -37.8142448, 144.9701921 -37.8142894)"
6167191153,13789079404,,footway,51.04339119877891,"LINESTRING (144.9701921 -37.8142894, 144.9696499 -37.8144521)"
13789079404,6167191154,,footway,9.509387628910202,"LINESTRING (144.9696499 -37.8144521, 144.9695486 -37.8144818)"
6167191154,6167344527,,footway,41.71156354684471,"LINESTRING (144.9695486 -37.8144818, 144.9691002 -37.814603)"
6167344527,10975626980,,footway,2.296186177660438,"LINESTRING (144.9691002 -37.814603, 144.9690758 -37.8146103)"
6167191713,6167191690,,footway,26.198032043386057,"LINESTRING (144.9540645 -37.819222, 144.9541739 -37.8194415)"
6167191690,6167191691,,footway,150.15676432653672,"LINESTRING (144.9541739 -37.8194415, 144.954738 -37.8207182)"
6167191691,589741404,,footway,10.74722624969705,"LINESTRING (144.954738 -37.8207182, 144.9547711 -37.8208114)"
6167191692,6167191693,,footway,3.871859946293007,"LINESTRING (144.9548791 -37.8187444, 144.9548922 -37.8187777)"
6167191693,6167191694,,footway,3.7981308209855094,"LINESTRING (144.9548922 -37.8187777, 144.9549068 -37.8188099)"
6167191694,6167191695,,footway,2.534538873846489,"LINESTRING (144.9549068 -37.8188099, 144.9548794 -37.8188169)"
6167191695,6167191696,,footway,2.4725428083430674,"LINESTRING (144.9548794 -37.8188169, 144.9548872 -37.8188383)"
6167191696,6167191697,,footway,3.1612849405638856,"LINESTRING (144.9548872 -37.8188383, 144.9548997 -37.818865)"
6167191697,6167191698,,footway,4.069760727128336,"LINESTRING (144.9548997 -37.818865, 144.9549157 -37.8188994)"
6167191698,6167191699,,footway,2.392500900418641,"LINESTRING (144.9549157 -37.8188994, 144.95489 -37.8189064)"
6167191699,6167191700,,footway,1.8283926952360199,"LINESTRING (144.95489 -37.8189064, 144.9548983 -37.8189215)"
6167191700,6167191701,,footway,6.389293472370871,"LINESTRING (144.9548983 -37.8189215, 144.9549254 -37.8189749)"
6167191698,2247180697,,footway,2.8772563933039557,"LINESTRING (144.9549157 -37.8188994, 144.9549446 -37.8188873)"
6167191694,6167191702,,footway,3.1416393939219325,"LINESTRING (144.9549068 -37.8188099, 144.9549405 -37.8188006)"
2247180695,6167191703,,footway,4.852520219931269,"LINESTRING (144.9552773 -37.8187086, 144.9553298 -37.8186953)"
2247180690,6167191704,,footway,4.9583006377802485,"LINESTRING (144.9552797 -37.8187901, 144.9553333 -37.8187764)"
6167191705,6167191706,,footway,4.015262554218326,"LINESTRING (144.9553188 -37.8186174, 144.9553357 -37.818651)"
6167191706,6167191707,,footway,4.3458102593770604,"LINESTRING (144.9553357 -37.818651, 144.9553554 -37.8186869)"
6167191707,6167191703,,footway,2.4392467186955944,"LINESTRING (144.9553554 -37.8186869, 144.9553298 -37.8186953)"
6167191703,6167191708,,footway,1.5417166046618485,"LINESTRING (144.9553298 -37.8186953, 144.9553366 -37.8187081)"
6167191708,6167191709,,footway,3.148529566177945,"LINESTRING (144.9553366 -37.8187081, 144.9553509 -37.8187341)"
6167191709,6167191710,,footway,3.546099750739241,"LINESTRING (144.9553509 -37.8187341, 144.9553678 -37.8187631)"
6167191710,6167191704,,footway,3.3773590548497574,"LINESTRING (144.9553678 -37.8187631, 144.9553333 -37.8187764)"
6167191704,6167191711,,footway,1.619677251900465,"LINESTRING (144.9553333 -37.8187764, 144.9553389 -37.8187903)"
6167191711,6167191712,,footway,6.0245247697688455,"LINESTRING (144.9553389 -37.8187903, 144.9553643 -37.8188407)"
6167191718,11182281887,,footway,20.58604083545054,"LINESTRING (144.9543556 -37.8191349, 144.954576 -37.819073)"
11182281887,6167191701,,footway,32.63395449202715,"LINESTRING (144.954576 -37.819073, 144.9549254 -37.8189749)"
6167191701,11182281893,,footway,32.79544942296241,"LINESTRING (144.9549254 -37.8189749, 144.9552738 -37.8188704)"
11182281893,6167191712,,footway,8.623300916261813,"LINESTRING (144.9552738 -37.8188704, 144.9553643 -37.8188407)"
6167191712,11182281889,,footway,60.49182649883249,"LINESTRING (144.9553643 -37.8188407, 144.9560099 -37.8186543)"
11182281889,6407789670,,footway,50.28973264006594,"LINESTRING (144.9560099 -37.8186543, 144.9565466 -37.8184993)"
13875957756,7512769219,,footway,1.1881918381224812,"LINESTRING (144.9553125 -37.8212087, 144.9553226 -37.8212016)"
7512769219,13875957755,,footway,1.0223267080265794,"LINESTRING (144.9553226 -37.8212016, 144.9553313 -37.8211955)"
13875957755,6167229071,,footway,12.035723504559702,"LINESTRING (144.9553313 -37.8211955, 144.9554422 -37.8211321)"
6167229071,6167229072,,footway,23.243430222691416,"LINESTRING (144.9554422 -37.8211321, 144.9556901 -37.8210601)"
6167229072,6167229073,,footway,30.378316420225147,"LINESTRING (144.9556901 -37.8210601, 144.9559942 -37.8209308)"
6167229073,7913378940,,footway,2.971974517190294,"LINESTRING (144.9559942 -37.8209308, 144.9560259 -37.8209216)"
7913378940,8955976440,,footway,15.551943313886444,"LINESTRING (144.9560259 -37.8209216, 144.9561963 -37.8208847)"
8955976440,1479905301,,footway,55.32266070448926,"LINESTRING (144.9561963 -37.8208847, 144.9567834 -37.8207071)"
1479905301,6167229074,,footway,44.78785846924096,"LINESTRING (144.9567834 -37.8207071, 144.9572621 -37.8205706)"
6167229074,8997942630,,footway,15.437096174276382,"LINESTRING (144.9572621 -37.8205706, 144.9574348 -37.8205466)"
8997942630,6167229075,,footway,2.983139597818247,"LINESTRING (144.9574348 -37.8205466, 144.9574623 -37.8205623)"
589501821,589501824,,footway,8.729048330399763,"LINESTRING (144.9577829 -37.8204688, 144.9577473 -37.8203954)"
589501824,1479897579,,footway,7.691868830648373,"LINESTRING (144.9577473 -37.8203954, 144.957716 -37.8203307)"
1479897579,589484813,,footway,2.665036428139999,"LINESTRING (144.957716 -37.8203307, 144.9577051 -37.8203083)"
589484813,589488568,,footway,3.422864871587201,"LINESTRING (144.9577051 -37.8203083, 144.9576912 -37.8202795)"
589488568,1479897585,,footway,2.842551660273705,"LINESTRING (144.9576912 -37.8202795, 144.9576796 -37.8202556)"
1479897585,589501828,,footway,4.81507862878709,"LINESTRING (144.9576796 -37.8202556, 144.95766 -37.8202151)"
589501828,589501830,,footway,5.900021826311847,"LINESTRING (144.95766 -37.8202151, 144.9576359 -37.8201655)"
13875957756,589711278,,footway,10.340036099669252,"LINESTRING (144.9553125 -37.8212087, 144.9552766 -37.82112)"
589711278,13449374622,,footway,5.476451931285316,"LINESTRING (144.9552766 -37.82112, 144.9552558 -37.8210735)"
13449374622,6167229080,,footway,2.6676892252642372,"LINESTRING (144.9552558 -37.8210735, 144.9552466 -37.8210506)"
6167229080,6167229081,,footway,0.3685536522798964,"LINESTRING (144.9552466 -37.8210506, 144.9552451 -37.8210475)"
6167229081,6167229082,,footway,2.9868205319338883,"LINESTRING (144.9552451 -37.8210475, 144.9552332 -37.8210223)"
6167229082,6167229083,,footway,1.321733709802491,"LINESTRING (144.9552332 -37.8210223, 144.9552281 -37.8210111)"
6167229083,13449374620,,footway,2.2949229624539442,"LINESTRING (144.9552281 -37.8210111, 144.9552198 -37.8209915)"
13449374620,589708357,,footway,6.062095983994314,"LINESTRING (144.9552198 -37.8209915, 144.9551976 -37.8209398)"
589708357,1479928114,,footway,5.570378058783788,"LINESTRING (144.9551976 -37.8209398, 144.9551761 -37.8208926)"
13644368277,13644368284,,footway,14.522751084342698,"LINESTRING (144.9530321 -37.8169998, 144.9529762 -37.8168767)"
13644368284,13644368283,,footway,76.75953914906461,"LINESTRING (144.9529762 -37.8168767, 144.9526806 -37.8162261)"
13644368283,6722698085,,footway,3.0394396254455267,"LINESTRING (144.9526806 -37.8162261, 144.9526677 -37.8162007)"
6722698085,13644368282,,footway,7.5821759501333394,"LINESTRING (144.9526677 -37.8162007, 144.9526397 -37.8161361)"
13644368282,6722698088,,footway,3.432654823537496,"LINESTRING (144.9526397 -37.8161361, 144.9526265 -37.816107)"
6722698088,13644368281,,footway,92.78169102897293,"LINESTRING (144.9526265 -37.816107, 144.9522692 -37.8153206)"
13644368281,6167231017,,footway,4.879760805031547,"LINESTRING (144.9522692 -37.8153206, 144.9522502 -37.8152793)"
6167231017,6167231018,,footway,5.416403405756093,"LINESTRING (144.9522502 -37.8152793, 144.9523084 -37.8152635)"
6167231018,6167231019,,footway,7.4112573443917285,"LINESTRING (144.9523084 -37.8152635, 144.952388 -37.8152418)"
6167231019,2174950797,,footway,3.533164194846464,"LINESTRING (144.952388 -37.8152418, 144.9524257 -37.8152309)"
2174950797,6167231021,,footway,3.3756096401208433,"LINESTRING (144.9524257 -37.8152309, 144.9524622 -37.8152216)"
6167231021,6167231002,,footway,8.173455260650439,"LINESTRING (144.9524622 -37.8152216, 144.95255 -37.8151977)"
6167231002,6167231022,,footway,48.51216316543474,"LINESTRING (144.95255 -37.8151977, 144.9530673 -37.8150473)"
6167231022,13762513533,,footway,34.01240258139534,"LINESTRING (144.9530673 -37.8150473, 144.9534335 -37.8149498)"
13762513533,13762604294,,footway,50.81587299424809,"LINESTRING (144.9534335 -37.8149498, 144.9539763 -37.8147943)"
13762604294,6722792738,,footway,71.16985495404376,"LINESTRING (144.9539763 -37.8147943, 144.9547412 -37.8145871)"
6167344380,6696274749,,footway,61.52326378228177,"LINESTRING (144.9670065 -37.8107563, 144.9663532 -37.8109528)"
6696274749,6167236662,,footway,20.425196147086293,"LINESTRING (144.9663532 -37.8109528, 144.9661354 -37.8110161)"
6167236662,13882913770,,footway,20.271477306884936,"LINESTRING (144.9661354 -37.8110161, 144.9659196 -37.8110797)"
13882913770,9756035311,,footway,6.246818688037576,"LINESTRING (144.9659196 -37.8110797, 144.9658531 -37.8110993)"
9756035311,13882913751,,footway,8.34219132554694,"LINESTRING (144.9658531 -37.8110993, 144.9657644 -37.8111257)"
13882913751,6167236661,,footway,5.7255277827180455,"LINESTRING (144.9657644 -37.8111257, 144.9657031 -37.8111429)"
6167236661,6167266585,,footway,83.80659636367669,"LINESTRING (144.9657031 -37.8111429, 144.9648141 -37.8114125)"
6167344377,6167236684,,footway,21.864510662728154,"LINESTRING (144.9671115 -37.8109926, 144.9668768 -37.8110569)"
6167236684,6167236685,,footway,38.65997468289133,"LINESTRING (144.9668768 -37.8110569, 144.966464 -37.8111755)"
6167236685,9756035312,,footway,47.49713321117399,"LINESTRING (144.966464 -37.8111755, 144.9659585 -37.8113248)"
9756035312,6806701820,,footway,6.164783668786475,"LINESTRING (144.9659585 -37.8113248, 144.9658929 -37.8113442)"
6806701820,6167236686,,footway,47.07922721533002,"LINESTRING (144.9658929 -37.8113442, 144.9653919 -37.8114923)"
6167236686,10904155317,,footway,44.689383989937895,"LINESTRING (144.9653919 -37.8114923, 144.9649144 -37.8116287)"
1479928114,6167247180,,footway,69.99527653097957,"LINESTRING (144.9551761 -37.8208926, 144.9559202 -37.8206706)"
6167247180,6167247181,,footway,71.95056262353937,"LINESTRING (144.9559202 -37.8206706, 144.9566883 -37.8204493)"
6167247181,6167247182,,footway,58.77670978187011,"LINESTRING (144.9566883 -37.8204493, 144.9573146 -37.820266)"
6167247182,589501834,,footway,3.1149769400135674,"LINESTRING (144.9573146 -37.820266, 144.9573434 -37.8202497)"
589501830,6167247183,,footway,53.486112439585824,"LINESTRING (144.9576359 -37.8201655, 144.9582082 -37.8200039)"
6167247183,13449351780,,footway,9.94315407393965,"LINESTRING (144.9582082 -37.8200039, 144.9583142 -37.819973)"
13449351780,6167247184,,footway,66.4705243993476,"LINESTRING (144.9583142 -37.819973, 144.9590228 -37.8197664)"
6167247184,6696357499,,footway,74.82885900540066,"LINESTRING (144.9590228 -37.8197664, 144.9598197 -37.8195321)"
13893310884,6167247301,,footway,2.1720622954782085,"LINESTRING (144.9604826 -37.8192848, 144.9604742 -37.8192664)"
589501821,12260868615,,footway,11.488206743193185,"LINESTRING (144.9577829 -37.8204688, 144.9579034 -37.8204291)"
12260868615,6167247302,,footway,7.227754022996567,"LINESTRING (144.9579034 -37.8204291, 144.9579792 -37.8204041)"
6167247302,6167247303,,footway,18.346380482331448,"LINESTRING (144.9579792 -37.8204041, 144.958171 -37.8203395)"
6167247303,6167247304,,footway,23.64913245252497,"LINESTRING (144.958171 -37.8203395, 144.9583976 -37.8202251)"
6167247304,6167247305,,footway,17.47122387237963,"LINESTRING (144.9583976 -37.8202251, 144.9585747 -37.8201541)"
6167247305,6167247306,,footway,7.6079278900114655,"LINESTRING (144.9585747 -37.8201541, 144.9586554 -37.8201296)"
6167247306,6167247307,,footway,23.934089713081885,"LINESTRING (144.9586554 -37.8201296, 144.9589126 -37.8200598)"
6167247307,6167247308,,footway,14.065610674841151,"LINESTRING (144.9589126 -37.8200598, 144.9590617 -37.8200143)"
6167247308,6167247309,,footway,40.9344566844265,"LINESTRING (144.9590617 -37.8200143, 144.9595 -37.8198913)"
6167247309,6696357502,,footway,27.89549253810858,"LINESTRING (144.9595 -37.8198913, 144.9598006 -37.8198119)"
8955976539,6167247314,,footway,3.7283959747354487,"LINESTRING (144.9615427 -37.8193625, 144.9615747 -37.8193405)"
6167247314,8816580551,,footway,3.303571315046006,"LINESTRING (144.9615747 -37.8193405, 144.9616092 -37.8193288)"
8816580551,6167247315,,footway,26.249229254728487,"LINESTRING (144.9616092 -37.8193288, 144.9618832 -37.8192356)"
6167247315,6167247316,,footway,73.80677034963212,"LINESTRING (144.9618832 -37.8192356, 144.9626717 -37.8190099)"
6167247316,6167489497,,footway,2.8160587991102357,"LINESTRING (144.9626717 -37.8190099, 144.9627007 -37.8189992)"
6167489497,6167247317,,footway,17.76044409022404,"LINESTRING (144.9627007 -37.8189992, 144.9628778 -37.8189226)"
6167247317,6893915092,,footway,122.84648057780672,"LINESTRING (144.9628778 -37.8189226, 144.9641842 -37.818534)"
6893915092,6167254921,,footway,61.71126890499475,"LINESTRING (144.9641842 -37.818534, 144.9648451 -37.8183489)"
6167254921,12854757608,,footway,24.654231702727667,"LINESTRING (144.9648451 -37.8183489, 144.9651083 -37.8182731)"
12854757608,6167247321,,footway,5.868891537469987,"LINESTRING (144.9651083 -37.8182731, 144.9651706 -37.8182543)"
6167247297,6167247324,,footway,3.0955299987206306,"LINESTRING (144.9647568 -37.8180999, 144.9647899 -37.8180905)"
6167247324,6167247325,,footway,44.1565227470614,"LINESTRING (144.9647899 -37.8180905, 144.9646172 -37.817717)"
6167247325,6721914004,,footway,53.50517302563819,"LINESTRING (144.9646172 -37.817717, 144.9644016 -37.8172663)"
6167247328,6721914015,,footway,98.87325175193516,"LINESTRING (144.9642341 -37.8162701, 144.9646307 -37.8171035)"
6167254902,12968695463,,footway,4.057421408516686,"LINESTRING (144.9649032 -37.8180593, 144.9649469 -37.8180477)"
12968695463,12517269320,,footway,4.6398186106967385,"LINESTRING (144.9649469 -37.8180477, 144.9649969 -37.8180345)"
12517269320,6167247330,,footway,5.315815448724506,"LINESTRING (144.9649969 -37.8180345, 144.9650544 -37.8180199)"
6167247330,10142732858,,footway,53.41672849294221,"LINESTRING (144.9650544 -37.8180199, 144.9656281 -37.8178634)"
10142732858,2384091393,,footway,10.16583954701249,"LINESTRING (144.9656281 -37.8178634, 144.9657371 -37.8178332)"
2384091393,12874417487,,footway,11.920706918889673,"LINESTRING (144.9657371 -37.8178332, 144.9658647 -37.8177973)"
12874417487,6167254904,,footway,11.258225594396508,"LINESTRING (144.9658647 -37.8177973, 144.9659853 -37.8177636)"
6167247330,6167254914,,footway,6.876841264665909,"LINESTRING (144.9650544 -37.8180199, 144.9650822 -37.8180778)"
6167254914,12968695453,,footway,1.026880038985689,"LINESTRING (144.9650822 -37.8180778, 144.9650865 -37.8180864)"
12968695453,12968695456,,footway,0.41330647664368186,"LINESTRING (144.9650865 -37.8180864, 144.9650877 -37.81809)"
12968695456,6167254915,,footway,3.7316109764578016,"LINESTRING (144.9650877 -37.81809, 144.9651038 -37.8181211)"
6167254915,6167254916,,footway,3.4562807653779983,"LINESTRING (144.9651038 -37.8181211, 144.9651181 -37.8181501)"
6167254916,591429446,,footway,6.041364104397219,"LINESTRING (144.9651181 -37.8181501, 144.9651437 -37.8182006)"
591429446,8956411079,,footway,4.301820602868524,"LINESTRING (144.9651437 -37.8182006, 144.9651618 -37.8182366)"
8956411079,6167247321,,footway,2.111842555089051,"LINESTRING (144.9651618 -37.8182366, 144.9651706 -37.8182543)"
8956411067,6167254917,,footway,5.741069716204907,"LINESTRING (144.9647346 -37.8181161, 144.9647576 -37.8181645)"
6167254917,13038417667,,footway,2.9048000290561276,"LINESTRING (144.9647576 -37.8181645, 144.9647692 -37.818189)"
13038417667,6167254918,,footway,3.3927323495406423,"LINESTRING (144.9647692 -37.818189, 144.9647828 -37.8182176)"
6167254918,6167254919,,footway,3.392732183221053,"LINESTRING (144.9647828 -37.8182176, 144.9647964 -37.8182462)"
6167254919,13038417669,,footway,2.1811975759920013,"LINESTRING (144.9647964 -37.8182462, 144.9648051 -37.8182646)"
13038417669,6167254920,,footway,5.109873675123634,"LINESTRING (144.9648051 -37.8182646, 144.9648255 -37.8183077)"
6167254920,6167254921,,footway,4.887692390389105,"LINESTRING (144.9648255 -37.8183077, 144.9648451 -37.8183489)"
10901587555,591431020,,footway,2.498585873916607,"LINESTRING (144.9672421 -37.8176268, 144.9672412 -37.8176043)"
591431020,591430822,,footway,4.01888937408218,"LINESTRING (144.9672412 -37.8176043, 144.9672402 -37.8175681)"
591430822,2412954936,,footway,3.0311284303365746,"LINESTRING (144.9672402 -37.8175681, 144.9672393 -37.8175408)"
2412954936,591430541,,footway,4.783974788219372,"LINESTRING (144.9672393 -37.8175408, 144.9672388 -37.8174977)"
591430541,7913378885,,footway,3.2785466305391187,"LINESTRING (144.9672388 -37.8174977, 144.9672369 -37.8174682)"
10940875423,10940875408,,footway,1.3057713373626476,"LINESTRING (144.9724596 -37.8158421, 144.9724735 -37.815838)"
10940875408,6167344582,,footway,2.157277455110029,"LINESTRING (144.9724735 -37.815838, 144.972498 -37.8158379)"
6167344582,6167254933,,footway,90.35033957017141,"LINESTRING (144.972498 -37.8158379, 144.973465 -37.8155656)"
6167254933,6167254934,,footway,10.563780477365782,"LINESTRING (144.973465 -37.8155656, 144.9735758 -37.8155291)"
6167254934,7913378937,,footway,21.01048392378416,"LINESTRING (144.9735758 -37.8155291, 144.9738 -37.8154643)"
6167254938,6167254939,,footway,5.2512114407034725,"LINESTRING (144.9709066 -37.8163026, 144.9709265 -37.8163472)"
6167254939,13739763560,,footway,5.4123057642387895,"LINESTRING (144.9709265 -37.8163472, 144.9709476 -37.816393)"
13739763560,12577052051,,footway,2.8717461938776085,"LINESTRING (144.9709476 -37.816393, 144.9709588 -37.8164173)"
12577052051,6167254943,,footway,2.893525484252466,"LINESTRING (144.9709588 -37.8164173, 144.9709895 -37.816408)"
6167254943,6167254945,,footway,3.025403474489919,"LINESTRING (144.9709895 -37.816408, 144.9710013 -37.8164336)"
6167254945,6167254946,,footway,3.9577773670254954,"LINESTRING (144.9710013 -37.8164336, 144.9710177 -37.8164668)"
6167254946,6167254947,,footway,6.614177393350366,"LINESTRING (144.9710177 -37.8164668, 144.9710444 -37.8165225)"
10901587545,6167254952,,footway,3.838416159989997,"LINESTRING (144.9701024 -37.8167897, 144.9700875 -37.8167572)"
6167254952,6167254953,,footway,5.713911253038311,"LINESTRING (144.9700875 -37.8167572, 144.9700676 -37.8167082)"
6167254953,13449325506,,footway,3.0699208173750487,"LINESTRING (144.9700676 -37.8167082, 144.9700544 -37.8166826)"
13449325506,6167254954,,footway,2.114714074044954,"LINESTRING (144.9700544 -37.8166826, 144.9700469 -37.8166645)"
6167254954,6167254955,,footway,3.6113142407101586,"LINESTRING (144.9700469 -37.8166645, 144.9700357 -37.8166332)"
6167254955,10901587544,,footway,5.312330018468566,"LINESTRING (144.9700357 -37.8166332, 144.9700243 -37.8165862)"
591431024,10901565080,,footway,7.18294873733565,"LINESTRING (144.9675198 -37.8172789, 144.9674721 -37.8172264)"
10901565080,6573650960,,footway,56.614668777358034,"LINESTRING (144.9674721 -37.8172264, 144.9672487 -37.8167481)"
6573650960,6721914042,,footway,30.659900589346492,"LINESTRING (144.9672487 -37.8167481, 144.967129 -37.8164887)"
6721914042,10901587507,,footway,3.250894214213013,"LINESTRING (144.967129 -37.8164887, 144.967135 -37.8164598)"
10901587507,10901587531,,footway,1.44234651624859,"LINESTRING (144.967135 -37.8164598, 144.9671301 -37.8164474)"
591431022,13266224667,,footway,41.66148182439048,"LINESTRING (144.9672613 -37.8173474, 144.9671008 -37.8169943)"
13266224667,13734015873,,footway,41.27513280248432,"LINESTRING (144.9671008 -37.8169943, 144.9669417 -37.8166445)"
13734015873,10901587511,,footway,10.344216245055902,"LINESTRING (144.9669417 -37.8166445, 144.9669023 -37.8165567)"
10901587511,6721914026,,footway,2.859250091909679,"LINESTRING (144.9669023 -37.8165567, 144.9668748 -37.816543)"
6721914026,10901587529,,footway,2.4857203904806173,"LINESTRING (144.9668748 -37.816543, 144.9668657 -37.8165218)"
6167266648,6893904172,,footway,14.452383516568963,"LINESTRING (144.9645405 -37.8095053, 144.9643872 -37.8095518)"
6893904172,6167266592,,footway,33.67918068009674,"LINESTRING (144.9643872 -37.8095518, 144.9640294 -37.809659)"
6167278758,8961546826,,footway,3.986225120189331,"LINESTRING (144.9516716 -37.8132187, 144.9516294 -37.8132317)"
8961546826,13245069200,,footway,57.448935096003595,"LINESTRING (144.9516294 -37.8132317, 144.9518586 -37.8137163)"
6167278761,6167278762,,footway,5.152299068475862,"LINESTRING (144.9521443 -37.8150468, 144.9521995 -37.8150314)"
6167278762,1492150957,,footway,7.597429070735374,"LINESTRING (144.9521995 -37.8150314, 144.9522809 -37.8150087)"
1492150957,1492150946,,footway,3.530211928354336,"LINESTRING (144.9522809 -37.8150087, 144.9523187 -37.8149981)"
1492150946,6167278763,,footway,3.153758856764736,"LINESTRING (144.9523187 -37.8149981, 144.9523525 -37.8149887)"
6167278763,6167278760,,footway,9.022998634417558,"LINESTRING (144.9523525 -37.8149887, 144.9524492 -37.8149618)"
6167278765,3543026232,,footway,6.55726478360303,"LINESTRING (144.9513279 -37.8133216, 144.9513976 -37.8133008)"
3543026232,6167278766,,footway,6.4089007130506905,"LINESTRING (144.9513976 -37.8133008, 144.9514653 -37.8132796)"
6167278766,6167278767,,footway,0.90529557174014,"LINESTRING (144.9514653 -37.8132796, 144.9514752 -37.8132774)"
6167278767,6167278768,,footway,1.08974609192233,"LINESTRING (144.9514752 -37.8132774, 144.9514869 -37.8132742)"
6167278768,1492145857,,footway,0.7531220592198,"LINESTRING (144.9514869 -37.8132742, 144.9514949 -37.8132718)"
1492145857,6167278770,,footway,2.173464516586346,"LINESTRING (144.9514949 -37.8132718, 144.951518 -37.8132649)"
6167278770,6167278771,,footway,0.6385969620112509,"LINESTRING (144.951518 -37.8132649, 144.9515248 -37.8132629)"
6167278771,6167278772,,footway,1.694524859114109,"LINESTRING (144.9515248 -37.8132629, 144.9515428 -37.8132575)"
6167278772,1492149402,,footway,2.3331121973649513,"LINESTRING (144.9515428 -37.8132575, 144.9515676 -37.8132501)"
1492149402,8961546826,,footway,5.812391801751967,"LINESTRING (144.9515676 -37.8132501, 144.9516294 -37.8132317)"
6167278758,7913378956,,footway,27.97409330438596,"LINESTRING (144.9516716 -37.8132187, 144.9519741 -37.8131417)"
7913378956,6167278773,,footway,67.7331710913294,"LINESTRING (144.9519741 -37.8131417, 144.9526978 -37.8129349)"
6167278773,13143709884,,footway,24.313537863114504,"LINESTRING (144.9526978 -37.8129349, 144.9529584 -37.8128625)"
13143709884,6943763805,,footway,1.8555892916327075,"LINESTRING (144.9529584 -37.8128625, 144.9529783 -37.812857)"
6943763805,6943763814,,footway,46.73830441835975,"LINESTRING (144.9529783 -37.812857, 144.9534792 -37.8127177)"
6943763814,6913920122,,footway,34.30753759436008,"LINESTRING (144.9534792 -37.8127177, 144.9538469 -37.8126155)"
2291073998,1492152182,,footway,5.836656372708406,"LINESTRING (144.954011 -37.8123079, 144.9540344 -37.8123571)"
1492152182,6167279387,,footway,4.853496880592952,"LINESTRING (144.9540344 -37.8123571, 144.9540539 -37.812398)"
6167279387,7913378962,,footway,3.929969992740729,"LINESTRING (144.9540539 -37.812398, 144.9540719 -37.8124304)"
7913378962,6167279388,,footway,4.123308999391046,"LINESTRING (144.9540719 -37.8124304, 144.9540861 -37.8124658)"
6167279388,6167279389,,footway,8.696842152995666,"LINESTRING (144.9540861 -37.8124658, 144.954121 -37.8125391)"
6167231015,6167285754,,footway,6.465995740991894,"LINESTRING (144.951223 -37.8130905, 144.951293 -37.8130729)"
6167285754,6167285755,,footway,7.681430042703908,"LINESTRING (144.951293 -37.8130729, 144.9513767 -37.8130534)"
6167285755,6167285756,,footway,0.282421516575017,"LINESTRING (144.9513767 -37.8130534, 144.9513797 -37.8130525)"
6167285756,6167285757,,footway,0.749863931361729,"LINESTRING (144.9513797 -37.8130525, 144.9513872 -37.8130493)"
6167285757,9086085403,,footway,6.721160163305526,"LINESTRING (144.9513872 -37.8130493, 144.95146 -37.8130311)"
9086085403,6167285758,,footway,7.787064704414083,"LINESTRING (144.95146 -37.8130311, 144.9515443 -37.8130099)"
6167285758,9002590965,,footway,52.82257902692994,"LINESTRING (144.9515443 -37.8130099, 144.9521098 -37.8128511)"
9002590965,6913920125,,footway,152.4868654035024,"LINESTRING (144.9521098 -37.8128511, 144.9537403 -37.8123883)"
10904440472,6167289291,,footway,2.742774249834873,"LINESTRING (144.9636888 -37.8094938, 144.963718 -37.8094852)"
6167289291,6167289292,,footway,1.7765887723664897,"LINESTRING (144.963718 -37.8094852, 144.9637369 -37.8094796)"
6167289292,6167289293,,footway,1.2282574289685138,"LINESTRING (144.9637369 -37.8094796, 144.96375 -37.8094758)"
6167289293,13505986727,,footway,1.756212138360651,"LINESTRING (144.96375 -37.8094758, 144.9637687 -37.8094703)"
13505986727,6167289294,,footway,1.6455658651055658,"LINESTRING (144.9637687 -37.8094703, 144.9637862 -37.8094651)"
6167289294,6167289295,,footway,0.7245172338318672,"LINESTRING (144.9637862 -37.8094651, 144.9637939 -37.8094628)"
6167289295,9086096509,,footway,3.831736231006092,"LINESTRING (144.9637939 -37.8094628, 144.9638347 -37.8094508)"
9086096509,10904440471,,footway,1.8134711050520163,"LINESTRING (144.9638347 -37.8094508, 144.963854 -37.8094451)"
6167289296,6167289297,,footway,38.366939113056496,"LINESTRING (144.9639261 -37.8094366, 144.9643347 -37.8093166)"
6167289297,11909792481,,footway,14.766493830263373,"LINESTRING (144.9643347 -37.8093166, 144.9644904 -37.8092672)"
11909792481,6167289298,,footway,29.95517170094634,"LINESTRING (144.9644904 -37.8092672, 144.9648088 -37.8091722)"
6167289298,6167289299,,footway,115.24555957056401,"LINESTRING (144.9648088 -37.8091722, 144.9660398 -37.8088197)"
6167289299,6167344489,,footway,5.7309561205593305,"LINESTRING (144.9660398 -37.8088197, 144.9660998 -37.8087997)"
6167289307,767584204,,footway,16.48734017768264,"LINESTRING (144.9702556 -37.8075848, 144.9704306 -37.807532)"
6167289307,3933095111,,footway,7.931779749742948,"LINESTRING (144.9702556 -37.8075848, 144.9703393 -37.8076112)"
3933095111,6167289308,,footway,9.684256686988418,"LINESTRING (144.9703393 -37.8076112, 144.970441 -37.8076444)"
6167289308,6167289309,,footway,5.001355073945072,"LINESTRING (144.970441 -37.8076444, 144.9704938 -37.807661)"
6167289309,8870964256,,footway,3.9162433342665284,"LINESTRING (144.9704938 -37.807661, 144.9705358 -37.8076726)"
8870964256,8870964255,,footway,3.396064009501893,"LINESTRING (144.9705358 -37.8076726, 144.9705725 -37.8076632)"
8870964255,767584026,,footway,3.5475725156764413,"LINESTRING (144.9705725 -37.8076632, 144.9705877 -37.8076928)"
767584026,6167289310,,footway,5.268083057566844,"LINESTRING (144.9705877 -37.8076928, 144.9706095 -37.807737)"
6167289310,11140041866,,footway,56.68152310477454,"LINESTRING (144.9706095 -37.807737, 144.9700062 -37.807915)"
11140041866,6167289311,,footway,8.375998121661182,"LINESTRING (144.9700062 -37.807915, 144.969917 -37.8079412)"
6167289311,6167289327,,footway,88.50751638878074,"LINESTRING (144.969917 -37.8079412, 144.9689754 -37.8082201)"
6167289318,6167289319,,footway,5.994518317010125,"LINESTRING (144.968684 -37.8082954, 144.9686602 -37.8082448)"
6167289319,6167289320,,footway,5.742285863938532,"LINESTRING (144.9686602 -37.8082448, 144.9686375 -37.8081963)"
6167289320,6167289321,,footway,3.02847820333248,"LINESTRING (144.9686375 -37.8081963, 144.9686256 -37.8081707)"
6167289321,7912946301,,footway,5.966435319020354,"LINESTRING (144.9686256 -37.8081707, 144.9686017 -37.8081204)"
7912946301,6167289304,,footway,5.155833401027827,"LINESTRING (144.9686017 -37.8081204, 144.9685815 -37.8080768)"
6167289322,6167289323,,footway,7.089182034864954,"LINESTRING (144.9688675 -37.8079772, 144.9688951 -37.8080372)"
6167289323,6167289324,,footway,5.777949390773528,"LINESTRING (144.9688951 -37.8080372, 144.9689169 -37.8080863)"
6167289324,6167289325,,footway,3.0181925216695555,"LINESTRING (144.9689169 -37.8080863, 144.9689281 -37.808112)"
6167289325,7912946307,,footway,5.530645569990233,"LINESTRING (144.9689281 -37.808112, 144.9689486 -37.8081591)"
7912946307,6167289327,,footway,7.170050384904708,"LINESTRING (144.9689486 -37.8081591, 144.9689754 -37.8082201)"
6167344360,6721914046,,footway,96.61052792545603,"LINESTRING (144.969716 -37.8166529, 144.9693455 -37.8158336)"
6721914046,10975626986,,footway,1.9445957991210612,"LINESTRING (144.9693455 -37.8158336, 144.9693252 -37.8158267)"
10975626986,10975626998,,footway,1.048741398801253,"LINESTRING (144.9693252 -37.8158267, 144.9693212 -37.8158178)"
6167344493,6167344494,,footway,5.4228012205634695,"LINESTRING (144.9663936 -37.8087126, 144.9664147 -37.8087585)"
6167344494,6167344495,,footway,5.537818510096919,"LINESTRING (144.9664147 -37.8087585, 144.9664365 -37.8088053)"
6167344495,6167344496,,footway,3.0731875764060774,"LINESTRING (144.9664365 -37.8088053, 144.9664485 -37.8088313)"
6167344496,6167344497,,footway,6.112080319093222,"LINESTRING (144.9664485 -37.8088313, 144.9664724 -37.808883)"
6167344497,6167344498,,footway,7.484593926499126,"LINESTRING (144.9664724 -37.808883, 144.9665017 -37.8089463)"
6167344493,6167344499,,footway,103.72231919453829,"LINESTRING (144.9663936 -37.8087126, 144.9659906 -37.8078345)"
6167344498,6725414989,,footway,98.18847308465757,"LINESTRING (144.9665017 -37.8089463, 144.9668778 -37.8097791)"
803083095,6167344530,,footway,5.631250212081196,"LINESTRING (144.9687929 -37.8138322, 144.9687335 -37.8138134)"
10975626982,6167344533,,footway,2.906052982936841,"LINESTRING (144.9691943 -37.8148076, 144.9692056 -37.8148322)"
6167344533,6167344534,,footway,28.414609714292283,"LINESTRING (144.9692056 -37.8148322, 144.9693162 -37.8150727)"
6167344534,10951451928,,footway,17.70932429717516,"LINESTRING (144.9693162 -37.8150727, 144.9693851 -37.8152226)"
10951451928,10951451936,,footway,27.755236224280374,"LINESTRING (144.9693851 -37.8152226, 144.9694932 -37.8154575)"
10951451936,6721914066,,footway,23.688513255455128,"LINESTRING (144.9694932 -37.8154575, 144.9695854 -37.815658)"
6721914066,10975626987,,footway,0.6832504085373493,"LINESTRING (144.9695854 -37.815658, 144.969588 -37.8156638)"
10975626987,10975626993,,footway,1.0994763154719698,"LINESTRING (144.969588 -37.8156638, 144.9695923 -37.8156731)"
6167289318,6167344536,,footway,30.610912206825134,"LINESTRING (144.968684 -37.8082954, 144.9687914 -37.8085577)"
6167344536,6725415002,,footway,67.80452201117397,"LINESTRING (144.9687914 -37.8085577, 144.9690525 -37.8091324)"
1449431389,6167344574,,footway,4.174056860555685,"LINESTRING (144.9738171 -37.8156606, 144.9738011 -37.8156252)"
6167344574,12580521853,,footway,19.550823090069876,"LINESTRING (144.9738011 -37.8156252, 144.9740094 -37.8155642)"
12580521853,13449320993,,footway,3.7538271652050663,"LINESTRING (144.9740094 -37.8155642, 144.9740494 -37.8155525)"
10940875421,6167344579,,footway,4.45542946038326,"LINESTRING (144.9726047 -37.8160436, 144.9725842 -37.8160069)"
6167344579,1449431604,,footway,4.830647215078564,"LINESTRING (144.9725842 -37.8160069, 144.972562 -37.8159671)"
1449431604,6167344580,,footway,3.3938174050745373,"LINESTRING (144.972562 -37.8159671, 144.9725471 -37.8159389)"
6167344580,6167344581,,footway,6.095260823805297,"LINESTRING (144.9725471 -37.8159389, 144.9725205 -37.8158882)"
6167344581,10940875422,,footway,4.0798698893435486,"LINESTRING (144.9725205 -37.8158882, 144.9725032 -37.8158541)"
10940875408,6167344583,,footway,59.996370990931105,"LINESTRING (144.9724735 -37.815838, 144.9722396 -37.8153303)"
6167344583,6721914078,,footway,36.79061091129968,"LINESTRING (144.9722396 -37.8153303, 144.9720947 -37.8150194)"
6721914078,6167344584,,footway,4.803755986106802,"LINESTRING (144.9720947 -37.8150194, 144.9720758 -37.8149788)"
6167344584,6721914072,,footway,4.942747671072315,"LINESTRING (144.9720758 -37.8149788, 144.9720561 -37.8149371)"
6721914072,10168458445,,footway,41.2672658506302,"LINESTRING (144.9720561 -37.8149371, 144.9718901 -37.8145894)"
10168458445,6167344585,,footway,1.8635163423838765,"LINESTRING (144.9718901 -37.8145894, 144.9718826 -37.8145737)"
6167344585,6167344586,,footway,54.25970556966795,"LINESTRING (144.9718826 -37.8145737, 144.9716779 -37.8141126)"
6167289310,6167357820,,footway,10.906564986840472,"LINESTRING (144.9706095 -37.807737, 144.9707317 -37.807721)"
6167357820,6167357828,,footway,10.061791934962915,"LINESTRING (144.9707317 -37.807721, 144.9708451 -37.8077321)"
6167357828,6167357821,,footway,4.585105465627389,"LINESTRING (144.9708451 -37.8077321, 144.9708968 -37.807737)"
6167357821,6167357822,,footway,18.534271961492024,"LINESTRING (144.9708968 -37.807737, 144.9710988 -37.8077839)"
6167357822,6167357823,,footway,12.291789380023484,"LINESTRING (144.9710988 -37.8077839, 144.9712153 -37.8078449)"
6167357823,6167357824,,footway,11.719123586221817,"LINESTRING (144.9712153 -37.8078449, 144.9712996 -37.8079266)"
6167357824,6167357825,,footway,18.739657140187674,"LINESTRING (144.9712996 -37.8079266, 144.9713816 -37.8080824)"
6167357825,6725415015,,footway,38.46999813736531,"LINESTRING (144.9713816 -37.8080824, 144.971514 -37.8084127)"
6725415015,6167357826,,footway,3.6472663685177884,"LINESTRING (144.971514 -37.8084127, 144.971527 -37.8084439)"
6167357824,12583285912,,footway,4.04780242037633,"LINESTRING (144.9712996 -37.8079266, 144.9713402 -37.8079095)"
12583285912,767583992,,footway,3.2825859609098536,"LINESTRING (144.9713402 -37.8079095, 144.971375 -37.8078989)"
767583992,6167357838,,footway,3.2650944621970575,"LINESTRING (144.971375 -37.8078989, 144.9714103 -37.8078899)"
6167357838,12583285915,,footway,1.1962539936672296,"LINESTRING (144.9714103 -37.8078899, 144.9714238 -37.8078911)"
12583285915,6167357832,,footway,3.28399120609065,"LINESTRING (144.9714238 -37.8078911, 144.9714573 -37.8079041)"
6167357832,6167357829,,footway,3.373151067351855,"LINESTRING (144.9714573 -37.8079041, 144.9714921 -37.8079168)"
6167357838,6167357839,,footway,9.117609782556698,"LINESTRING (144.9714103 -37.8078899, 144.9714008 -37.8078081)"
6167357839,8869351952,,footway,5.768726528785667,"LINESTRING (144.9714008 -37.8078081, 144.9713973 -37.8077562)"
8869351952,6167357840,,footway,5.922534156119284,"LINESTRING (144.9713973 -37.8077562, 144.9713846 -37.8077038)"
6167357840,6167357841,,footway,2.415015528608215,"LINESTRING (144.9713846 -37.8077038, 144.971379 -37.8076825)"
6167357841,6167357842,,footway,3.6419967437944756,"LINESTRING (144.971379 -37.8076825, 144.9713733 -37.80765)"
6167357842,12528666295,,footway,7.508950246044279,"LINESTRING (144.9713733 -37.80765, 144.9713646 -37.8075827)"
12528666295,8869351953,,footway,1.67711304650815,"LINESTRING (144.9713646 -37.8075827, 144.9713653 -37.8075676)"
8869351953,6167357843,,footway,5.0728254622813775,"LINESTRING (144.9713653 -37.8075676, 144.9713645 -37.8075219)"
6167357843,6167357844,,footway,9.734782569668981,"LINESTRING (144.9713645 -37.8075219, 144.9713631 -37.8074342)"
767584653,8869352011,,footway,4.939584082471105,"LINESTRING (144.9705606 -37.8074927, 144.9706119 -37.8074747)"
8869352011,3933095112,,footway,5.409303501507293,"LINESTRING (144.9706119 -37.8074747, 144.9706191 -37.8074263)"
6693560640,6167357847,,footway,84.26394479268116,"LINESTRING (144.9728126 -37.8081525, 144.9718643 -37.808051)"
6167357847,6167357831,,footway,15.516889483382661,"LINESTRING (144.9718643 -37.808051, 144.9716887 -37.8080394)"
8488873724,6693560644,,footway,30.995326898717135,"LINESTRING (144.9718314 -37.8083574, 144.9719409 -37.8086228)"
6693560644,7473580184,,footway,1.787865439901067,"LINESTRING (144.9719409 -37.8086228, 144.9719483 -37.8086378)"
7473580184,6167357849,,footway,42.56547617974133,"LINESTRING (144.9719483 -37.8086378, 144.9721203 -37.8089962)"
6167357849,6167357850,,footway,28.32993406441776,"LINESTRING (144.9721203 -37.8089962, 144.9722349 -37.8092347)"
6167357850,6167357851,,footway,5.976233778259396,"LINESTRING (144.9722349 -37.8092347, 144.9722581 -37.8092853)"
6167357851,10205516478,,footway,12.805033491474568,"LINESTRING (144.9722581 -37.8092853, 144.9723089 -37.8093934)"
10205516478,6167357852,,footway,8.333632566910659,"LINESTRING (144.9723089 -37.8093934, 144.9723418 -37.8094638)"
6722119742,6167359491,,footway,5.357195899882989,"LINESTRING (144.9733651 -37.8124206, 144.9733861 -37.8124659)"
6167359491,6167357863,,footway,22.35509908783318,"LINESTRING (144.9733861 -37.8124659, 144.9734707 -37.8126558)"
6167357863,13187245613,,footway,12.627250165892177,"LINESTRING (144.9734707 -37.8126558, 144.9735231 -37.8127617)"
13187245613,6810299070,,footway,2.093046883852075,"LINESTRING (144.9735231 -37.8127617, 144.9735313 -37.8127794)"
6810299070,6167357864,,footway,7.037012752635449,"LINESTRING (144.9735313 -37.8127794, 144.9735589 -37.8128389)"
6167357864,1449431178,,footway,46.8630975398667,"LINESTRING (144.9735589 -37.8128389, 144.9737469 -37.8132339)"
1449431178,1449431624,,footway,1.9025541407459547,"LINESTRING (144.9737469 -37.8132339, 144.9737484 -37.813251)"
1449431624,1449431600,,footway,2.720018946411786,"LINESTRING (144.9737484 -37.813251, 144.9737594 -37.8132739)"
1449431600,6167357865,,footway,3.512135014091705,"LINESTRING (144.9737594 -37.8132739, 144.9737735 -37.8133035)"
6167357865,12545762409,,footway,2.5902538455334203,"LINESTRING (144.9737735 -37.8133035, 144.973784 -37.8133253)"
12545762409,11738479661,,footway,2.4812321692912125,"LINESTRING (144.973784 -37.8133253, 144.973794 -37.8133462)"
11738479661,7388133850,,footway,1.259308218368103,"LINESTRING (144.973794 -37.8133462, 144.9737991 -37.8133568)"
7388133850,12587517959,,footway,4.522276493124203,"LINESTRING (144.9737991 -37.8133568, 144.9738173 -37.8133949)"
12587517959,1449431266,,footway,0.7280619163957408,"LINESTRING (144.9738173 -37.8133949, 144.97382 -37.8134011)"
1449431266,6167357867,,footway,1.5880336105963864,"LINESTRING (144.97382 -37.8134011, 144.9738252 -37.8134148)"
6167357867,2180604212,,footway,1.1980504726673382,"LINESTRING (144.9738252 -37.8134148, 144.97383 -37.8134249)"
2180604212,6167357869,,footway,5.171078351591466,"LINESTRING (144.97383 -37.8134249, 144.9738523 -37.813468)"
6167357869,6167357870,,footway,5.9910426408367226,"LINESTRING (144.9738523 -37.813468, 144.9738967 -37.8135089)"
6167357870,6721914075,,footway,93.85491330657048,"LINESTRING (144.9738967 -37.8135089, 144.9742654 -37.8143023)"
1449431267,6167357876,,footway,8.147979083326707,"LINESTRING (144.9742738 -37.8136579, 144.9742402 -37.8135895)"
6167357876,12535971001,,footway,4.907790310814701,"LINESTRING (144.9742402 -37.8135895, 144.9742302 -37.813546)"
12535971001,6167191747,,footway,21.79229036051719,"LINESTRING (144.9742302 -37.813546, 144.9741491 -37.8133605)"
6167191747,8998978607,,footway,9.913060188719445,"LINESTRING (144.9741491 -37.8133605, 144.9741112 -37.8132764)"
8998978607,6167357877,,footway,13.64572897884721,"LINESTRING (144.9741112 -37.8132764, 144.9740564 -37.8131614)"
6167357877,6167357878,,footway,8.616765626156868,"LINESTRING (144.9740564 -37.8131614, 144.9740535 -37.8130838)"
6167357879,6167357883,,footway,3.913116190190213,"LINESTRING (144.9739219 -37.8129182, 144.9739244 -37.812883)"
6167357883,6167357880,,footway,6.696794118974117,"LINESTRING (144.9739244 -37.812883, 144.9739295 -37.8128228)"
5694419767,588236764,,footway,28.514645467511865,"LINESTRING (144.9733719 -37.8117201, 144.9732528 -37.8114812)"
588236764,588236765,,footway,3.4535450099471285,"LINESTRING (144.9732528 -37.8114812, 144.9732396 -37.8114519)"
588236765,6167359514,,footway,2.845750826077648,"LINESTRING (144.9732396 -37.8114519, 144.9732279 -37.811428)"
6167359514,588236766,,footway,2.57271994159452,"LINESTRING (144.9732279 -37.811428, 144.9732173 -37.8114064)"
588236766,588236775,,footway,4.480703505202827,"LINESTRING (144.9732173 -37.8114064, 144.9732016 -37.811368)"
588236775,588236793,,footway,4.786327944455139,"LINESTRING (144.9732016 -37.811368, 144.973184 -37.8113272)"
588236793,588236800,,footway,5.061206154992941,"LINESTRING (144.973184 -37.8113272, 144.9731656 -37.811284)"
588236800,8378632977,,footway,3.8492886246272646,"LINESTRING (144.9731656 -37.811284, 144.9731514 -37.8112512)"
8378632977,588236801,,footway,3.565892978539252,"LINESTRING (144.9731514 -37.8112512, 144.9731383 -37.8112208)"
588236801,6167418092,,footway,2.702099351932219,"LINESTRING (144.9731383 -37.8112208, 144.973129 -37.8111976)"
6167418092,588236802,,footway,1.5323526824431766,"LINESTRING (144.973129 -37.8111976, 144.9731228 -37.8111847)"
588236802,588236803,,footway,4.245247045882474,"LINESTRING (144.9731228 -37.8111847, 144.9731088 -37.8111481)"
6167359514,1449431539,,footway,5.381634708456678,"LINESTRING (144.9732279 -37.811428, 144.973172 -37.8114476)"
1449431539,11276289484,,footway,1.9572825421083837,"LINESTRING (144.973172 -37.8114476, 144.9731508 -37.8114529)"
11276289484,2189475424,,footway,1.64171926408922,"LINESTRING (144.9731508 -37.8114529, 144.973133 -37.8114573)"
2189475424,2189475428,,footway,3.4882073558504185,"LINESTRING (144.973133 -37.8114573, 144.9730952 -37.8114667)"
2189475428,11276289485,,footway,1.1448254160535134,"LINESTRING (144.9730952 -37.8114667, 144.9730828 -37.8114698)"
11276289485,2189478938,,footway,2.675751444987857,"LINESTRING (144.9730828 -37.8114698, 144.9730538 -37.811477)"
2189478938,6167413242,,footway,9.850311864125798,"LINESTRING (144.9730538 -37.811477, 144.972947 -37.8115034)"
6167413242,13253167094,,footway,38.001899340728976,"LINESTRING (144.972947 -37.8115034, 144.9725384 -37.8116136)"
13253167094,6167413243,,footway,3.5599065530624188,"LINESTRING (144.9725384 -37.8116136, 144.9725002 -37.8116241)"
6167413243,6167413244,,footway,40.012307809883815,"LINESTRING (144.9725002 -37.8116241, 144.9720733 -37.8117476)"
6167413244,6167413245,,footway,42.47683832740249,"LINESTRING (144.9720733 -37.8117476, 144.9716191 -37.8118765)"
6167413245,9756035288,,footway,6.216380613728531,"LINESTRING (144.9716191 -37.8118765, 144.9715526 -37.8118953)"
9756035288,6167413246,,footway,32.48172395438922,"LINESTRING (144.9715526 -37.8118953, 144.9712052 -37.8119937)"
6167413246,6167413247,,footway,42.87562191314139,"LINESTRING (144.9712052 -37.8119937, 144.9707557 -37.8121422)"
6167413247,6167413248,,footway,5.036908228107417,"LINESTRING (144.9707557 -37.8121422, 144.9707056 -37.8121641)"
6167413248,6167413249,,footway,16.378178562266907,"LINESTRING (144.9707056 -37.8121641, 144.9705302 -37.8122132)"
6167413249,6167413250,,footway,3.885059204076638,"LINESTRING (144.9705302 -37.8122132, 144.9704874 -37.8122217)"
6167413250,6167413251,,footway,57.32373816925919,"LINESTRING (144.9704874 -37.8122217, 144.9698729 -37.8123922)"
6167413251,6167413252,,footway,78.44181490985476,"LINESTRING (144.9698729 -37.8123922, 144.9690391 -37.812641)"
6167413252,9528709021,,footway,14.792581952104271,"LINESTRING (144.9690391 -37.812641, 144.9688819 -37.812688)"
9528709021,6167417972,,footway,5.908294447721358,"LINESTRING (144.9688819 -37.812688, 144.9688188 -37.8127061)"
6167417972,6167413253,,footway,49.238863933148885,"LINESTRING (144.9688188 -37.8127061, 144.9682959 -37.8128633)"
6167413253,6167413254,,footway,5.868681713376086,"LINESTRING (144.9682959 -37.8128633, 144.968234 -37.8128829)"
6167413254,9086096515,,footway,14.90497836398302,"LINESTRING (144.968234 -37.8128829, 144.9680768 -37.8129327)"
9086096515,6167413255,,footway,6.732203984917876,"LINESTRING (144.9680768 -37.8129327, 144.9680058 -37.8129552)"
6167413255,6167413256,,footway,82.64832400169767,"LINESTRING (144.9680058 -37.8129552, 144.9671178 -37.8131964)"
6167413256,12639942914,,footway,2.6320080487216826,"LINESTRING (144.9671178 -37.8131964, 144.9670898 -37.8132047)"
12639942914,12639954092,,footway,32.65946851888538,"LINESTRING (144.9670898 -37.8132047, 144.9667426 -37.8133082)"
12639954092,6167413257,,footway,2.623758329483823,"LINESTRING (144.9667426 -37.8133082, 144.9667147 -37.8133165)"
6167413257,2188408828,,footway,19.804187173700512,"LINESTRING (144.9667147 -37.8133165, 144.966505 -37.813381)"
2188408828,3148693057,,footway,13.357091373956571,"LINESTRING (144.966505 -37.813381, 144.9663618 -37.8134207)"
3148693057,2188408832,,footway,48.13427414074412,"LINESTRING (144.9663618 -37.8134207, 144.9658472 -37.813567)"
2188408832,6167413259,,footway,5.234717163093342,"LINESTRING (144.9658472 -37.813567, 144.9657936 -37.8135874)"
6167413259,10904155342,,footway,4.405227190400245,"LINESTRING (144.9657936 -37.8135874, 144.9657466 -37.813601)"
10904155342,7913341855,,footway,4.741064090825414,"LINESTRING (144.9657466 -37.813601, 144.965696 -37.8136156)"
7913341855,6167413260,,footway,1.592652614266683,"LINESTRING (144.965696 -37.8136156, 144.965679 -37.8136205)"
6167413260,7913341856,,footway,1.4616267302700667,"LINESTRING (144.965679 -37.8136205, 144.9656634 -37.813625)"
7913341856,7913341857,,footway,4.937601469647364,"LINESTRING (144.9656634 -37.813625, 144.9656107 -37.8136402)"
7913341857,6167413262,,footway,3.926289340048514,"LINESTRING (144.9656107 -37.8136402, 144.9655688 -37.8136523)"
6167413262,6800617670,,footway,82.02417033128556,"LINESTRING (144.9655688 -37.8136523, 144.9646957 -37.8139099)"
6800617670,6167413264,,footway,13.266699255751776,"LINESTRING (144.9646957 -37.8139099, 144.9645545 -37.8139516)"
6167413264,6167413265,,footway,14.99950506897618,"LINESTRING (144.9645545 -37.8139516, 144.9643956 -37.8140003)"
6167413265,6167413266,,footway,24.643437889177847,"LINESTRING (144.9643956 -37.8140003, 144.9641331 -37.8140773)"
6167413266,6696274731,,footway,20.699894841621273,"LINESTRING (144.9641331 -37.8140773, 144.9639122 -37.8141411)"
6696274731,1327098172,,footway,16.961459386452553,"LINESTRING (144.9639122 -37.8141411, 144.963732 -37.8141951)"
1327098172,1327098173,,footway,29.037036247325247,"LINESTRING (144.963732 -37.8141951, 144.9634225 -37.8142854)"
1327098173,7913341861,,footway,4.330061243678564,"LINESTRING (144.9634225 -37.8142854, 144.9633766 -37.8142994)"
7913341861,13634634816,,footway,2.244008915441843,"LINESTRING (144.9633766 -37.8142994, 144.9633526 -37.8143062)"
13634634816,13634634817,,footway,2.354719652049027,"LINESTRING (144.9633526 -37.8143062, 144.9633274 -37.8143133)"
1327098174,6167413264,Union Lane,pedestrian,3.6977134632927,"LINESTRING (144.9645678 -37.8139832, 144.9645545 -37.8139516)"
13634634817,6167413263,,footway,3.883740168372882,"LINESTRING (144.9633274 -37.8143133, 144.9632864 -37.8143262)"
6167413263,6167413268,,footway,4.841374421562659,"LINESTRING (144.9632864 -37.8143262, 144.9632353 -37.8143423)"
6167413268,6167413269,,footway,3.2003013711805806,"LINESTRING (144.9632353 -37.8143423, 144.9632015 -37.8143529)"
6167413269,3394726642,,footway,5.189233210474923,"LINESTRING (144.9632015 -37.8143529, 144.9631467 -37.8143701)"
3394726642,6167440982,,footway,4.812724835556001,"LINESTRING (144.9631467 -37.8143701, 144.9630959 -37.8143861)"
6167440982,13634634820,,footway,2.2714998405728197,"LINESTRING (144.9630959 -37.8143861, 144.9630718 -37.8143934)"
13634634820,6167413270,,footway,3.5157062031791755,"LINESTRING (144.9630718 -37.8143934, 144.9630345 -37.8144047)"
6167413270,6804242134,,footway,44.179084494663,"LINESTRING (144.9630345 -37.8144047, 144.9625631 -37.814541)"
6804242134,13859962722,,footway,38.950807937883916,"LINESTRING (144.9625631 -37.814541, 144.9621475 -37.8146612)"
13859962722,9756035266,,footway,11.491872958415094,"LINESTRING (144.9621475 -37.8146612, 144.9620249 -37.8146967)"
9756035266,6167413271,,footway,46.53290344856768,"LINESTRING (144.9620249 -37.8146967, 144.9615284 -37.8148403)"
6167413271,6167489462,,footway,60.49274983830839,"LINESTRING (144.9615284 -37.8148403, 144.9608825 -37.815026)"
6167489462,6167413272,,footway,6.6980746400395095,"LINESTRING (144.9608825 -37.815026, 144.960811 -37.8150466)"
6167413272,3394725370,,footway,13.622558336221301,"LINESTRING (144.960811 -37.8150466, 144.960665 -37.8150872)"
3394725370,6167413273,,footway,7.058741026948727,"LINESTRING (144.960665 -37.8150872, 144.9605892 -37.8151079)"
6167413273,6167413274,,footway,25.303492747769653,"LINESTRING (144.9605892 -37.8151079, 144.9603189 -37.8151853)"
6167413274,13271662137,,footway,12.332911273226701,"LINESTRING (144.9603189 -37.8151853, 144.9601877 -37.8152242)"
13271662137,13271662142,,footway,36.87517744317833,"LINESTRING (144.9601877 -37.8152242, 144.9597942 -37.8153379)"
13271662142,13859703757,,footway,8.929241787277663,"LINESTRING (144.9597942 -37.8153379, 144.9596989 -37.8153654)"
13859703757,6167413275,,footway,3.0911168315385136,"LINESTRING (144.9596989 -37.8153654, 144.9596659 -37.8153749)"
6167413275,13859703760,,footway,3.6228359845439533,"LINESTRING (144.9596659 -37.8153749, 144.9596273 -37.8153862)"
13859703760,6804242166,,footway,14.581062929269303,"LINESTRING (144.9596273 -37.8153862, 144.959472 -37.8154318)"
6804242166,6696357490,,footway,100.93924951357022,"LINESTRING (144.959472 -37.8154318, 144.9583999 -37.8157538)"
6167413276,6167413277,,footway,5.466083818992543,"LINESTRING (144.9583383 -37.8157704, 144.9582799 -37.8157871)"
6167413277,6167413278,,footway,3.505276135018855,"LINESTRING (144.9582799 -37.8157871, 144.9582424 -37.8157977)"
6167413278,3394725967,,footway,3.474841927345938,"LINESTRING (144.9582424 -37.8157977, 144.9582055 -37.8158088)"
3394725967,6167413279,,footway,6.814016479193648,"LINESTRING (144.9582055 -37.8158088, 144.9581326 -37.8158294)"
13135522137,6167413281,,footway,2.474743917987743,"LINESTRING (144.9571108 -37.8161079, 144.9570842 -37.8161151)"
6167413281,6167413282,,footway,32.6510955222467,"LINESTRING (144.9570842 -37.8161151, 144.9567356 -37.8162154)"
6167413282,6167413283,,footway,37.48038407889609,"LINESTRING (144.9567356 -37.8162154, 144.9563363 -37.8163324)"
6167413283,6167413284,,footway,38.7981293362027,"LINESTRING (144.9563363 -37.8163324, 144.9559249 -37.8164576)"
6167413284,6167417885,,footway,8.347157659105093,"LINESTRING (144.9559249 -37.8164576, 144.9558359 -37.8164835)"
6167417885,9146197587,,footway,13.268945395955303,"LINESTRING (144.9558359 -37.8164835, 144.955695 -37.8165259)"
9146197587,6167417886,,footway,5.161038698774414,"LINESTRING (144.955695 -37.8165259, 144.9556402 -37.8165424)"
6167417886,11135185780,,footway,75.39797360473261,"LINESTRING (144.9556402 -37.8165424, 144.9548347 -37.8167729)"
11135185780,11135185777,,footway,24.832421206247876,"LINESTRING (144.9548347 -37.8167729, 144.9545694 -37.8168488)"
11135185777,6167417887,,footway,22.85879209332143,"LINESTRING (144.9545694 -37.8168488, 144.9543252 -37.8169187)"
6167417887,10767792508,,footway,28.406865011620923,"LINESTRING (144.9543252 -37.8169187, 144.9540217 -37.8170055)"
10767792508,11135177815,,footway,15.640518818799936,"LINESTRING (144.9540217 -37.8170055, 144.9538546 -37.8170533)"
11135177815,6167230995,,footway,35.895378745068655,"LINESTRING (144.9538546 -37.8170533, 144.9534711 -37.817163)"
6167417887,6167417888,,footway,5.404890890341707,"LINESTRING (144.9543252 -37.8169187, 144.9543047 -37.8168728)"
6167417888,6167417889,,footway,4.414406013337569,"LINESTRING (144.9543047 -37.8168728, 144.9542895 -37.8168349)"
6167230995,6167417897,,footway,7.99320662449088,"LINESTRING (144.9534711 -37.817163, 144.9533847 -37.8171851)"
6167417897,2174966087,,footway,3.346984554357651,"LINESTRING (144.9533847 -37.8171851, 144.9533485 -37.8171943)"
2174966087,6167417898,,footway,1.9890694824797028,"LINESTRING (144.9533485 -37.8171943, 144.953327 -37.8171998)"
6167417898,2174966078,,footway,1.3982473603580898,"LINESTRING (144.953327 -37.8171998, 144.9533119 -37.8172037)"
2174966078,6167417900,,footway,1.9521425805073958,"LINESTRING (144.9533119 -37.8172037, 144.9532908 -37.8172091)"
6167417900,6167417901,,footway,5.441856574211968,"LINESTRING (144.9532908 -37.8172091, 144.953232 -37.8172242)"
6167417901,6167231005,,footway,5.4904733351118145,"LINESTRING (144.953232 -37.8172242, 144.9531725 -37.817239)"
6167417902,6167417903,,footway,10.255454803546263,"LINESTRING (144.9530225 -37.8170389, 144.9531324 -37.8170083)"
6167417903,6167417904,,footway,5.496334607756283,"LINESTRING (144.9531324 -37.8170083, 144.9531913 -37.8169919)"
6167417904,6167417905,,footway,1.0980245280825844,"LINESTRING (144.9531913 -37.8169919, 144.9532031 -37.8169887)"
6167417905,6167417906,,footway,2.2033298639637073,"LINESTRING (144.9532031 -37.8169887, 144.9532267 -37.8169821)"
6167417906,2174966079,,footway,1.5113328727972017,"LINESTRING (144.9532267 -37.8169821, 144.9532429 -37.8169776)"
2174966079,7913378951,,footway,3.6860604023013495,"LINESTRING (144.9532429 -37.8169776, 144.9532824 -37.8169666)"
7913378951,6167230999,,footway,6.794528259248141,"LINESTRING (144.9532824 -37.8169666, 144.9533552 -37.8169463)"
6167230999,6722694980,,footway,99.14725448254339,"LINESTRING (144.9533552 -37.8169463, 144.9529718 -37.8161064)"
6167230995,9086085378,,footway,5.461876861494361,"LINESTRING (144.9534711 -37.817163, 144.9534699 -37.8171138)"
9086085378,6167417913,,footway,4.489117435457555,"LINESTRING (144.9534699 -37.8171138, 144.9534521 -37.8170759)"
6167417913,6167230996,,footway,1.733753454854583,"LINESTRING (144.9534521 -37.8170759, 144.9534451 -37.8170613)"
6167230996,6167230997,,footway,1.4872233023864767,"LINESTRING (144.9534451 -37.8170613, 144.9534384 -37.817049)"
6167230997,2279005521,,footway,2.2239950852532084,"LINESTRING (144.9534384 -37.817049, 144.9534284 -37.8170306)"
2279005521,2279005516,,footway,1.4079470847502813,"LINESTRING (144.9534284 -37.8170306, 144.9534236 -37.8170185)"
2279005516,6167230998,,footway,4.9476121165244935,"LINESTRING (144.9534236 -37.8170185, 144.9534055 -37.8169763)"
6167230998,6167230999,,footway,5.541021341450712,"LINESTRING (144.9534055 -37.8169763, 144.9533552 -37.8169463)"
6167230999,6167417909,,footway,43.73357550213108,"LINESTRING (144.9533552 -37.8169463, 144.9538235 -37.816815)"
6167417909,6167417896,,footway,42.74257637141666,"LINESTRING (144.9538235 -37.816815, 144.9542803 -37.8166847)"
6167417909,6167417910,,footway,3.5760369825831813,"LINESTRING (144.9538235 -37.816815, 144.953835 -37.8168459)"
6167417910,6167417911,,footway,3.0333382091899703,"LINESTRING (144.953835 -37.8168459, 144.9538448 -37.8168721)"
6167417913,6167417914,,footway,14.534217997269446,"LINESTRING (144.9534521 -37.8170759, 144.9536066 -37.8170298)"
6167417889,6167417915,,footway,5.143005027937188,"LINESTRING (144.9542895 -37.8168349, 144.9542345 -37.8168505)"
6167417916,6167417893,,footway,5.884792492002737,"LINESTRING (144.9542191 -37.8167663, 144.9542821 -37.8167486)"
6167417896,6167417917,,footway,46.32362453281817,"LINESTRING (144.9542803 -37.8166847, 144.9547765 -37.816546)"
6167417917,6167417918,,footway,42.52148732726237,"LINESTRING (144.9547765 -37.816546, 144.9552283 -37.8164107)"
6167417918,6167417919,,footway,28.62681068039158,"LINESTRING (144.9552283 -37.8164107, 144.9555334 -37.8163216)"
6167417919,6167417920,,footway,5.282349026975724,"LINESTRING (144.9555334 -37.8163216, 144.9555899 -37.8163056)"
6167417920,6167417921,,footway,13.48783378038884,"LINESTRING (144.9555899 -37.8163056, 144.9557341 -37.8162646)"
6167417921,6167417922,,footway,9.184415417682477,"LINESTRING (144.9557341 -37.8162646, 144.9558323 -37.8162367)"
6167417922,11133502126,,footway,35.63746292220408,"LINESTRING (144.9558323 -37.8162367, 144.956213 -37.8161277)"
11133502126,13143712557,,footway,26.858961227510772,"LINESTRING (144.956213 -37.8161277, 144.9564999 -37.8160455)"
13143712557,6167417923,,footway,18.666271344392193,"LINESTRING (144.9564999 -37.8160455, 144.9566993 -37.8159884)"
6167417923,6167417924,,footway,43.51329650692544,"LINESTRING (144.9566993 -37.8159884, 144.9571644 -37.8158559)"
6167417924,13271661987,,footway,36.67129582551151,"LINESTRING (144.9571644 -37.8158559, 144.9575536 -37.8157383)"
13271661987,9765710406,,footway,2.3287434872193455,"LINESTRING (144.9575536 -37.8157383, 144.9575783 -37.8157308)"
9765710406,6167417925,,footway,21.46655020771312,"LINESTRING (144.9575783 -37.8157308, 144.9578061 -37.8156619)"
6167417925,10227799793,,footway,21.508572500757488,"LINESTRING (144.9578061 -37.8156619, 144.9580354 -37.8155951)"
10227799793,7961383811,,footway,3.61694538621579,"LINESTRING (144.9580354 -37.8155951, 144.9580742 -37.8155844)"
7961383811,9642293310,,footway,4.221556967892138,"LINESTRING (144.9580742 -37.8155844, 144.9581199 -37.8155729)"
9642293310,6167417928,,footway,1.8833386444557718,"LINESTRING (144.9581199 -37.8155729, 144.9581403 -37.8155678)"
6167417928,6167417929,,footway,3.2866108210584812,"LINESTRING (144.9581403 -37.8155678, 144.9581759 -37.8155589)"
6167417929,9642293311,,footway,2.064039360868926,"LINESTRING (144.9581759 -37.8155589, 144.958198 -37.8155527)"
9642293311,6167417930,,footway,4.934520241066984,"LINESTRING (144.958198 -37.8155527, 144.9582508 -37.8155378)"
6167417930,6167417931,,footway,4.0216708839488,"LINESTRING (144.9582508 -37.8155378, 144.9582947 -37.8155278)"
6167417931,6167417932,,footway,36.18900187478204,"LINESTRING (144.9582947 -37.8155278, 144.9586816 -37.8154178)"
6167417932,6167417933,,footway,83.78388213503813,"LINESTRING (144.9586816 -37.8154178, 144.9595766 -37.8151615)"
6167417933,13271662150,,footway,15.668718548578248,"LINESTRING (144.9595766 -37.8151615, 144.9597439 -37.8151134)"
13271662150,6167417936,,footway,39.632665034786825,"LINESTRING (144.9597439 -37.8151134, 144.9601671 -37.8149918)"
6167417936,6167417934,,footway,2.451370148049395,"LINESTRING (144.9601671 -37.8149918, 144.960193 -37.8149837)"
6167417934,6167417935,,footway,28.29053596521148,"LINESTRING (144.960193 -37.8149837, 144.9604959 -37.8148987)"
6167417938,13271662130,,footway,1.757825728049587,"LINESTRING (144.9601991 -37.8150585, 144.9601802 -37.8150636)"
13271662130,6167417939,,footway,7.966197833354187,"LINESTRING (144.9601802 -37.8150636, 144.9600945 -37.8150866)"
6167417935,6167417940,,footway,7.369057892999125,"LINESTRING (144.9604959 -37.8148987, 144.9605755 -37.8148782)"
6167417940,6167417941,,footway,13.103057400986671,"LINESTRING (144.9605755 -37.8148782, 144.9607171 -37.8148419)"
6167417941,6167417942,,footway,7.201177705765959,"LINESTRING (144.9607171 -37.8148419, 144.9607949 -37.8148219)"
6167417942,6167417943,,footway,82.36029872959904,"LINESTRING (144.9607949 -37.8148219, 144.9616725 -37.8145652)"
6167417943,13866690740,,footway,5.701317196106694,"LINESTRING (144.9616725 -37.8145652, 144.9617336 -37.8145482)"
13866690740,9756035261,,footway,17.87809894185261,"LINESTRING (144.9617336 -37.8145482, 144.9619252 -37.8144949)"
9756035261,6167417944,,footway,4.001728514119252,"LINESTRING (144.9619252 -37.8144949, 144.9619681 -37.814483)"
6167417944,6167417945,,footway,95.64362265075638,"LINESTRING (144.9619681 -37.814483, 144.9629889 -37.8141885)"
6167417945,6167417946,,footway,6.11674911144691,"LINESTRING (144.9629889 -37.8141885, 144.9630546 -37.8141706)"
6167417946,13264414931,,footway,1.9746143777419236,"LINESTRING (144.9630546 -37.8141706, 144.9630758 -37.8141648)"
13264414931,6167417947,,footway,3.2489255327049067,"LINESTRING (144.9630758 -37.8141648, 144.9631107 -37.8141553)"
6167417947,6167417948,,footway,3.04408122400038,"LINESTRING (144.9631107 -37.8141553, 144.9631434 -37.8141464)"
6167417948,13264414929,,footway,3.1953586858003264,"LINESTRING (144.9631434 -37.8141464, 144.9631777 -37.814137)"
13264414929,6167417949,,footway,1.7947629233684759,"LINESTRING (144.9631777 -37.814137, 144.963197 -37.8141318)"
6167417949,13634634818,,footway,4.535173825735068,"LINESTRING (144.963197 -37.8141318, 144.9632457 -37.8141185)"
13634634818,6167417950,,footway,1.8621216218153507,"LINESTRING (144.9632457 -37.8141185, 144.9632653 -37.8141122)"
6167417950,7913341858,,footway,2.1495942173004923,"LINESTRING (144.9632653 -37.8141122, 144.9632877 -37.8141045)"
7913341858,1327098181,,footway,4.139410505119819,"LINESTRING (144.9632877 -37.8141045, 144.9633304 -37.8140889)"
1327098181,13893164979,,footway,17.067459903530626,"LINESTRING (144.9633304 -37.8140889, 144.9635124 -37.814036)"
13893164979,1327098198,,footway,11.42198652071177,"LINESTRING (144.9635124 -37.814036, 144.9636342 -37.8140006)"
1327098198,6804242128,,footway,2.8285113611766906,"LINESTRING (144.9636342 -37.8140006, 144.9636649 -37.8139931)"
6804242128,6167417952,,footway,11.228002588703013,"LINESTRING (144.9636649 -37.8139931, 144.9637906 -37.8139761)"
6167417952,6696274736,,footway,36.35227020380558,"LINESTRING (144.9637906 -37.8139761, 144.964178 -37.8138629)"
6696274736,6696274732,,footway,42.97162284291991,"LINESTRING (144.964178 -37.8138629, 144.9646359 -37.813729)"
6696274732,10901153086,,footway,75.17426067950498,"LINESTRING (144.9646359 -37.813729, 144.9654365 -37.8134938)"
10901153086,6167417953,,footway,5.905097678493301,"LINESTRING (144.9654365 -37.8134938, 144.9654742 -37.8134498)"
6167417953,7913341862,,footway,4.004028047341753,"LINESTRING (144.9654742 -37.8134498, 144.9655173 -37.8134383)"
7913341862,6167417954,,footway,3.364468169308965,"LINESTRING (144.9655173 -37.8134383, 144.9655535 -37.8134286)"
6167417954,6167417955,,footway,1.594762566615432,"LINESTRING (144.9655535 -37.8134286, 144.9655707 -37.8134241)"
6167417955,6167417956,,footway,1.5042002086434634,"LINESTRING (144.9655707 -37.8134241, 144.9655869 -37.8134198)"
6167417956,6167417957,,footway,1.5696972897188477,"LINESTRING (144.9655869 -37.8134198, 144.9656038 -37.8134153)"
6167417957,6167417958,,footway,1.6554344566893233,"LINESTRING (144.9656038 -37.8134153, 144.9656216 -37.8134105)"
6167417958,10904155341,,footway,3.0084009263827842,"LINESTRING (144.9656216 -37.8134105, 144.965654 -37.8134019)"
10904155313,10904155315,,footway,1.7424648521677502,"LINESTRING (144.9645553 -37.8114971, 144.9645487 -37.8114823)"
10904155315,6167266618,,footway,1.377596371461395,"LINESTRING (144.9645487 -37.8114823, 144.9645601 -37.8114738)"
6167266618,6725404973,,footway,96.11635479223104,"LINESTRING (144.9645601 -37.8114738, 144.9641818 -37.8106615)"
6725404973,10904158289,,footway,2.8597634296561263,"LINESTRING (144.9641818 -37.8106615, 144.9641582 -37.8106438)"
10904158289,10904158285,,footway,0.6250705725225993,"LINESTRING (144.9641582 -37.8106438, 144.9641558 -37.8106385)"
10904155330,10904155329,,footway,2.4615795958610174,"LINESTRING (144.9653236 -37.8124813, 144.9653139 -37.8124605)"
10904155329,6722197765,,footway,3.917281741066626,"LINESTRING (144.9653139 -37.8124605, 144.9652697 -37.8124565)"
6722197765,6167265882,,footway,95.94463265290956,"LINESTRING (144.9652697 -37.8124565, 144.964903 -37.8116425)"
6167265882,10904155317,,footway,1.8313345827011154,"LINESTRING (144.964903 -37.8116425, 144.9649144 -37.8116287)"
10904155317,10904155311,,footway,2.6017806432153496,"LINESTRING (144.9649144 -37.8116287, 144.9649042 -37.8116067)"
10904155337,6167265878,,footway,1.6798238743471532,"LINESTRING (144.9657608 -37.8135168, 144.9657542 -37.8135026)"
6167265878,6167265879,,footway,1.7379878590797235,"LINESTRING (144.9657542 -37.8135026, 144.9657474 -37.8134879)"
6167265879,6167265880,,footway,1.379922609507734,"LINESTRING (144.9657474 -37.8134879, 144.9657421 -37.8134762)"
6167265880,10904155338,,footway,1.8274671795650415,"LINESTRING (144.9657421 -37.8134762, 144.9657351 -37.8134607)"
10904155340,6167266609,,footway,1.833481855996056,"LINESTRING (144.9655376 -37.8135854, 144.9655304 -37.8135699)"
6167266609,6167266610,,footway,1.624745156991298,"LINESTRING (144.9655304 -37.8135699, 144.9655239 -37.8135562)"
6167266610,6167266611,,footway,1.7514468688228437,"LINESTRING (144.9655239 -37.8135562, 144.965517 -37.8135414)"
6167266611,10904155339,,footway,1.7275724082334076,"LINESTRING (144.965517 -37.8135414, 144.9655102 -37.8135268)"
10904155341,6167417959,,footway,4.487558460723179,"LINESTRING (144.965654 -37.8134019, 144.9657023 -37.813389)"
6167417959,6167417960,,footway,5.180362726542516,"LINESTRING (144.9657023 -37.813389, 144.9657599 -37.8133985)"
6167417960,2188408831,,footway,1.0399865219586437,"LINESTRING (144.9657599 -37.8133985, 144.9657717 -37.8133981)"
2188408831,9756018691,,footway,53.226039660945474,"LINESTRING (144.9657717 -37.8133981, 144.9663394 -37.8132334)"
9756018691,2188408826,,footway,8.294660325617848,"LINESTRING (144.9663394 -37.8132334, 144.9664279 -37.8132078)"
2188408826,13871185396,,footway,11.42535455753066,"LINESTRING (144.9664279 -37.8132078, 144.9665228 -37.8131376)"
13871185396,6167417961,,footway,31.569815868794425,"LINESTRING (144.9665228 -37.8131376, 144.9668582 -37.8130371)"
6167417961,6893904167,,footway,18.798991781335857,"LINESTRING (144.9668582 -37.8130371, 144.9670578 -37.812977)"
6893904167,6737443388,,footway,42.243725911872744,"LINESTRING (144.9670578 -37.812977, 144.9675086 -37.8128468)"
6737443388,6167417962,,footway,37.06833491613404,"LINESTRING (144.9675086 -37.8128468, 144.9679035 -37.8127311)"
6167417962,6167417963,,footway,6.756377824329499,"LINESTRING (144.9679035 -37.8127311, 144.9679761 -37.8127114)"
6167417963,6167417964,,footway,14.782360980768175,"LINESTRING (144.9679761 -37.8127114, 144.9681349 -37.8126682)"
6167417964,6167417965,,footway,5.576140226831213,"LINESTRING (144.9681349 -37.8126682, 144.9681948 -37.8126519)"
6167417965,13271640506,,footway,56.757243569788784,"LINESTRING (144.9681948 -37.8126519, 144.9688019 -37.8124801)"
13271640506,6167417966,,footway,6.601132388485656,"LINESTRING (144.9688019 -37.8124801, 144.9688725 -37.8124601)"
6167417966,6167417969,,footway,34.628592862196214,"LINESTRING (144.9688725 -37.8124601, 144.9692414 -37.812352)"
6167417969,12632110196,,footway,22.081807961577056,"LINESTRING (144.9692414 -37.812352, 144.9694767 -37.8122832)"
12632110196,6167417967,,footway,3.62295547033222,"LINESTRING (144.9694767 -37.8122832, 144.9695153 -37.8122719)"
6167417967,12632110198,,footway,2.579921086070778,"LINESTRING (144.9695153 -37.8122719, 144.9695429 -37.8122641)"
12632110198,10744706178,,footway,14.176713890904958,"LINESTRING (144.9695429 -37.8122641, 144.9696945 -37.8122211)"
10744706178,6167417976,,footway,21.253056084885582,"LINESTRING (144.9696945 -37.8122211, 144.9699218 -37.8121567)"
6167417976,10744706174,,footway,22.831513036102955,"LINESTRING (144.9699218 -37.8121567, 144.9701644 -37.8120841)"
10744706174,6167417968,,footway,21.300139468760424,"LINESTRING (144.9701644 -37.8120841, 144.9703841 -37.8120038)"
6167417969,2188406733,,footway,2.92774087436378,"LINESTRING (144.9692414 -37.812352, 144.9692534 -37.8123766)"
2188406733,6167417970,,footway,3.7396765492092623,"LINESTRING (144.9692534 -37.8123766, 144.9692688 -37.812408)"
6167417970,6167417971,,footway,6.01247172947574,"LINESTRING (144.9692688 -37.812408, 144.969205 -37.8124273)"
6167417972,6167417973,,footway,5.292711565641282,"LINESTRING (144.9688188 -37.8127061, 144.9687972 -37.8126616)"
6167417973,6167417975,,footway,2.8290552732889926,"LINESTRING (144.9687972 -37.8126616, 144.9687857 -37.8126378)"
773059241,6167417976,,footway,3.1014710714731484,"LINESTRING (144.9699099 -37.8121304, 144.9699218 -37.8121567)"
6167417968,6167417977,,footway,6.994626938340104,"LINESTRING (144.9703841 -37.8120038, 144.9704576 -37.8119799)"
6167417977,6167417978,,footway,10.817016346588618,"LINESTRING (144.9704576 -37.8119799, 144.9705735 -37.8119476)"
6167417978,6167417979,,footway,8.222572123238503,"LINESTRING (144.9705735 -37.8119476, 144.9706618 -37.8119235)"
6167417979,6167417980,,footway,56.66669740983427,"LINESTRING (144.9706618 -37.8119235, 144.971265 -37.8117456)"
6167417980,6167417981,,footway,30.341406962462898,"LINESTRING (144.971265 -37.8117456, 144.971588 -37.8116504)"
6167417981,12542951573,,footway,3.8602531506555002,"LINESTRING (144.971588 -37.8116504, 144.9716291 -37.8116383)"
12542951573,6167418088,,footway,38.07356279692703,"LINESTRING (144.9716291 -37.8116383, 144.9720343 -37.8115186)"
6167418088,6167417984,,footway,35.64299692752372,"LINESTRING (144.9720343 -37.8115186, 144.9724138 -37.8114069)"
6167417984,12582096614,,footway,38.73753875061819,"LINESTRING (144.9724138 -37.8114069, 144.9728262 -37.8112854)"
6167417984,6167418085,,footway,5.319765881239146,"LINESTRING (144.9724138 -37.8114069, 144.9724356 -37.8114516)"
6167418085,6167418086,,footway,3.0034427330545053,"LINESTRING (144.9724356 -37.8114516, 144.9724477 -37.8114769)"
12582096613,8871010939,,footway,3.109683073972661,"LINESTRING (144.9728378 -37.8112708, 144.9728712 -37.8112617)"
8871010939,6167418090,,footway,7.090550904190725,"LINESTRING (144.9728712 -37.8112617, 144.972948 -37.8112425)"
6167418090,7913378920,,footway,0.9653322712550296,"LINESTRING (144.972948 -37.8112425, 144.9729585 -37.81124)"
7913378920,7913378919,,footway,2.735876566421723,"LINESTRING (144.9729585 -37.81124, 144.9729878 -37.8112318)"
7913378919,2189485891,,footway,2.0099609152893185,"LINESTRING (144.9729878 -37.8112318, 144.9730092 -37.8112255)"
2189485891,7913378918,,footway,1.461895581181518,"LINESTRING (144.9730092 -37.8112255, 144.9730255 -37.811223)"
7913378918,6167418091,,footway,5.1803002338462925,"LINESTRING (144.9730255 -37.811223, 144.9730815 -37.8112087)"
6167418091,6167418092,,footway,4.360353345027074,"LINESTRING (144.9730815 -37.8112087, 144.973129 -37.8111976)"
6167247327,6167440949,,footway,8.30493548693729,"LINESTRING (144.9639912 -37.8163432, 144.9639596 -37.8162727)"
6167440949,6167440955,,footway,2.1079438043148855,"LINESTRING (144.9639596 -37.8162727, 144.9639516 -37.8162548)"
6167440955,6167440950,,footway,1.567888251820854,"LINESTRING (144.9639516 -37.8162548, 144.9639456 -37.8162415)"
6167440950,6167440951,,footway,3.310336848096641,"LINESTRING (144.9639456 -37.8162415, 144.963933 -37.8162134)"
6167440951,6167440954,,footway,2.377976381419826,"LINESTRING (144.963933 -37.8162134, 144.963924 -37.8161932)"
6167440954,6167440952,,footway,1.308315509700261,"LINESTRING (144.963924 -37.8161932, 144.963919 -37.8161821)"
6167440952,6167440953,,footway,4.065186386515058,"LINESTRING (144.963919 -37.8161821, 144.9639035 -37.8161476)"
6167440954,2247272473,,footway,15.147555392674215,"LINESTRING (144.963924 -37.8161932, 144.9637619 -37.8162389)"
2247271590,6167440955,,footway,14.861712809935932,"LINESTRING (144.9637915 -37.8162972, 144.9639516 -37.8162548)"
2247271583,6167440956,,footway,3.2991086708393,"LINESTRING (144.9634235 -37.8164198, 144.9633884 -37.8164302)"
6167440956,6167440957,,footway,1.1644659254928567,"LINESTRING (144.9633884 -37.8164302, 144.9633924 -37.8164402)"
6167440957,6167440958,,footway,8.223251835572189,"LINESTRING (144.9633924 -37.8164402, 144.9634215 -37.8165106)"
612015105,6167440963,,pedestrian,9.187401375439094,"LINESTRING (144.9637869 -37.8161443, 144.963885 -37.8161161)"
6167440963,6167440964,,pedestrian,24.438558778903854,"LINESTRING (144.963885 -37.8161161, 144.963787 -37.8159101)"
6167440964,612015200,,pedestrian,4.020315821205189,"LINESTRING (144.963787 -37.8159101, 144.9637441 -37.8159225)"
612015200,6167440961,,pedestrian,3.276420768250152,"LINESTRING (144.9637441 -37.8159225, 144.963709 -37.8159323)"
6167440961,6167440962,,pedestrian,8.178108158082306,"LINESTRING (144.963709 -37.8159323, 144.9637402 -37.8160017)"
6167440962,612015104,,pedestrian,1.40529279932189,"LINESTRING (144.9637402 -37.8160017, 144.9637251 -37.8160058)"
612015104,612015105,,pedestrian,16.307149599039768,"LINESTRING (144.9637251 -37.8160058, 144.9637869 -37.8161443)"
6167440953,6167440963,,footway,3.8571123212472784,"LINESTRING (144.9639035 -37.8161476, 144.963885 -37.8161161)"
6167440963,6167440964,,footway,24.438558778903854,"LINESTRING (144.963885 -37.8161161, 144.963787 -37.8159101)"
6167440964,6167440965,,footway,70.78363547749046,"LINESTRING (144.963787 -37.8159101, 144.9635033 -37.8153134)"
6167440965,6167440966,,footway,5.742442315758608,"LINESTRING (144.9635033 -37.8153134, 144.9634796 -37.8152652)"
6167440965,6167440968,,footway,6.4209752655444845,"LINESTRING (144.9635033 -37.8153134, 144.963572 -37.815294)"
6167440968,13264387797,,footway,1.9054967942593881,"LINESTRING (144.963572 -37.815294, 144.9635925 -37.8152885)"
13264387797,6167440969,,footway,3.1791839692314436,"LINESTRING (144.9635925 -37.8152885, 144.9636269 -37.8152798)"
6167440969,6167440970,,footway,3.225399490025285,"LINESTRING (144.9636269 -37.8152798, 144.9636612 -37.8152696)"
6167440970,13264387799,,footway,2.714325725537496,"LINESTRING (144.9636612 -37.8152696, 144.9636905 -37.815262)"
13264387799,6167440971,,footway,2.233003681289695,"LINESTRING (144.9636905 -37.815262, 144.9637145 -37.8152555)"
6167440971,6167440972,,footway,4.949526622539316,"LINESTRING (144.9637145 -37.8152555, 144.9637677 -37.8152411)"
6167440967,6167440973,,footway,6.9629705372781645,"LINESTRING (144.9634494 -37.8151995, 144.963525 -37.8151811)"
6167440973,6167440974,,footway,4.619736438823963,"LINESTRING (144.963525 -37.8151811, 144.9635752 -37.815169)"
6167440974,6167440975,,footway,3.2719445166782015,"LINESTRING (144.9635752 -37.815169, 144.963611 -37.8151611)"
6167440975,6167440976,,footway,4.747810799814657,"LINESTRING (144.963611 -37.8151611, 144.9636629 -37.8151495)"
6167440976,6167440977,,footway,4.83896628472358,"LINESTRING (144.9636629 -37.8151495, 144.9637163 -37.8151392)"
6167440972,6167440978,,footway,6.2789686113994225,"LINESTRING (144.9637677 -37.8152411, 144.9637421 -37.8151883)"
6167440967,6167440979,,footway,10.441534258178581,"LINESTRING (144.9634494 -37.8151995, 144.963386 -37.81512)"
6167440979,6167440980,,footway,24.388684822575946,"LINESTRING (144.963386 -37.81512, 144.9632956 -37.8149123)"
6167440980,13893186631,,footway,7.573029193496475,"LINESTRING (144.9632956 -37.8149123, 144.9632849 -37.8148446)"
13893186631,6804242135,,footway,16.53370071768692,"LINESTRING (144.9632849 -37.8148446, 144.9632211 -37.8147045)"
6804242135,13634634820,,footway,36.9476664547194,"LINESTRING (144.9632211 -37.8147045, 144.9630718 -37.8143934)"
13634634820,13634634819,,footway,2.44374562436523,"LINESTRING (144.9630718 -37.8143934, 144.9630627 -37.8143726)"
13634634819,6167440985,,footway,4.075640511739058,"LINESTRING (144.9630627 -37.8143726, 144.9630487 -37.8143376)"
6167440985,7913378911,,footway,4.520274465890166,"LINESTRING (144.9630487 -37.8143376, 144.9630331 -37.8142988)"
7913378911,7913378912,,footway,3.109664861740502,"LINESTRING (144.9630331 -37.8142988, 144.9630224 -37.8142721)"
7913378912,6167440986,,footway,4.69227717300457,"LINESTRING (144.9630224 -37.8142721, 144.9630063 -37.8142318)"
6167440986,6167417945,,footway,5.044285579052718,"LINESTRING (144.9630063 -37.8142318, 144.9629889 -37.8141885)"
6167417945,6167440987,,footway,97.76395728042282,"LINESTRING (144.9629889 -37.8141885, 144.962603 -37.8133626)"
6167440987,6167440989,,footway,6.992224663604144,"LINESTRING (144.962603 -37.8133626, 144.9625745 -37.8133038)"
6167440989,6520298110,,footway,4.311595221408649,"LINESTRING (144.9625745 -37.8133038, 144.9625574 -37.8132674)"
6520298110,6167440990,,footway,1.723318160487699,"LINESTRING (144.9625574 -37.8132674, 144.9625511 -37.8132527)"
6167440990,6167440991,,footway,96.73393851250871,"LINESTRING (144.9625511 -37.8132527, 144.9621758 -37.8124336)"
6167440991,6167440992,,footway,8.433507297644445,"LINESTRING (144.9621758 -37.8124336, 144.9621441 -37.8123619)"
6167440992,6167440993,,footway,11.378353105445822,"LINESTRING (144.9621441 -37.8123619, 144.9621012 -37.8122652)"
6167440993,6167440994,,footway,6.693966422271115,"LINESTRING (144.9621012 -37.8122652, 144.962076 -37.8122083)"
6167440991,7648218468,,footway,31.468129834210792,"LINESTRING (144.9621758 -37.8124336, 144.9618406 -37.8125319)"
7648218468,6167236695,,footway,53.22231718403076,"LINESTRING (144.9618406 -37.8125319, 144.9612736 -37.812698)"
6167236695,13241914133,,footway,36.204377975081044,"LINESTRING (144.9612736 -37.812698, 144.9608868 -37.8128086)"
6167440994,6167440995,,footway,97.02864275529322,"LINESTRING (144.962076 -37.8122083, 144.9616951 -37.811388)"
6167440995,6167440996,,footway,5.17461271739587,"LINESTRING (144.9616951 -37.811388, 144.9616718 -37.8113452)"
6167440996,6167440997,,footway,6.892560607780324,"LINESTRING (144.9616718 -37.8113452, 144.961647 -37.8112863)"
6167440997,6167440998,,footway,95.86990014084027,"LINESTRING (144.961647 -37.8112863, 144.9612727 -37.8104752)"
6167440998,6167440999,,footway,7.961117092611293,"LINESTRING (144.9612727 -37.8104752, 144.9612379 -37.810409)"
6167440999,7913378975,,footway,5.244986534471311,"LINESTRING (144.9612379 -37.810409, 144.9612165 -37.8103649)"
7913378975,7913378976,,footway,3.306672190817583,"LINESTRING (144.9612165 -37.8103649, 144.961203 -37.8103371)"
7913378976,3394697031,,footway,4.688804872948406,"LINESTRING (144.961203 -37.8103371, 144.9611848 -37.8102974)"
3394697031,6167441000,,footway,7.423587101779088,"LINESTRING (144.9611848 -37.8102974, 144.9611591 -37.8102337)"
6167441040,12911704398,,footway,103.97465104840688,"LINESTRING (144.9615637 -37.8103834, 144.9626706 -37.8100573)"
12911704398,12911704397,,footway,1.6824348908140607,"LINESTRING (144.9626706 -37.8100573, 144.9626885 -37.810052)"
12911704397,12911704396,,footway,6.292044062574238,"LINESTRING (144.9626885 -37.810052, 144.9627555 -37.8100323)"
12911704396,6167289289,,footway,91.68984411376931,"LINESTRING (144.9627555 -37.8100323, 144.9637316 -37.8097447)"
6167441000,6167441001,,footway,102.07023896163243,"LINESTRING (144.9611591 -37.8102337, 144.9607656 -37.8093687)"
11089247094,12821532824,,footway,47.310273261494565,"LINESTRING (144.9612513 -37.8097576, 144.9614566 -37.8101515)"
12821532824,6167441034,,footway,1.5458762934541341,"LINESTRING (144.9614566 -37.8101515, 144.9614629 -37.8101645)"
6167441034,6167441036,,footway,5.0946320571089885,"LINESTRING (144.9614629 -37.8101645, 144.9614828 -37.8102076)"
6167441036,6167441037,,footway,4.988718287781979,"LINESTRING (144.9614828 -37.8102076, 144.9615023 -37.8102498)"
6167441037,6167441038,,footway,3.2954431042850856,"LINESTRING (144.9615023 -37.8102498, 144.9615151 -37.8102777)"
6167441038,6167441039,,footway,2.9464416080842324,"LINESTRING (144.9615151 -37.8102777, 144.9615267 -37.8103026)"
6167441039,6167441040,,footway,9.541698470065352,"LINESTRING (144.9615267 -37.8103026, 144.9615637 -37.8103834)"
6167289288,6167441042,,footway,70.28513717464679,"LINESTRING (144.9616674 -37.810612, 144.9619154 -37.8112139)"
6167441042,6167441044,,footway,5.134372216517142,"LINESTRING (144.9619154 -37.8112139, 144.9618602 -37.8112288)"
6167441044,13264399438,,footway,1.4053747644942414,"LINESTRING (144.9618602 -37.8112288, 144.9618451 -37.8112329)"
13264399438,6167441045,,footway,4.016032553190947,"LINESTRING (144.9618451 -37.8112329, 144.9618019 -37.8112445)"
6167441045,6167441046,,footway,2.634485571221476,"LINESTRING (144.9618019 -37.8112445, 144.9617736 -37.8112522)"
6167441046,13264399436,,footway,2.8726771588185644,"LINESTRING (144.9617736 -37.8112522, 144.9617427 -37.8112605)"
13264399436,6167441047,,footway,2.352212128090787,"LINESTRING (144.9617427 -37.8112605, 144.9617174 -37.8112673)"
6167441047,6167440997,,footway,6.548077369874501,"LINESTRING (144.9617174 -37.8112673, 144.961647 -37.8112863)"
6167441042,6167441043,,footway,6.189549213266015,"LINESTRING (144.9619154 -37.8112139, 144.9619391 -37.8112664)"
6167441043,6167441048,,footway,4.899246096278676,"LINESTRING (144.9619391 -37.8112664, 144.9619566 -37.8113083)"
6167441048,6167441049,,footway,4.952339838191711,"LINESTRING (144.9619566 -37.8113083, 144.9619041 -37.8113243)"
6167441049,6167441050,,footway,5.406603952155029,"LINESTRING (144.9619041 -37.8113243, 144.9618468 -37.8113418)"
6167441050,6167441051,,footway,2.631700364061473,"LINESTRING (144.9618468 -37.8113418, 144.9618189 -37.8113503)"
6167441051,6167441052,,footway,5.246963050680572,"LINESTRING (144.9618189 -37.8113503, 144.9617633 -37.8113673)"
6167441052,6167440995,,footway,6.429953510092616,"LINESTRING (144.9617633 -37.8113673, 144.9616951 -37.811388)"
6167441048,9815371431,,footway,93.42769293761422,"LINESTRING (144.9619566 -37.8113083, 144.9623239 -37.812098)"
9815371431,6167441053,,footway,4.390569252982922,"LINESTRING (144.9623239 -37.812098, 144.9623412 -37.8121351)"
6167441053,6167441054,,footway,6.294497722721678,"LINESTRING (144.9623412 -37.8121351, 144.9623663 -37.8121882)"
6167441054,3394697044,,footway,11.261160518615293,"LINESTRING (144.9623663 -37.8121882, 144.9624112 -37.8122832)"
3394697044,6167441055,,footway,8.687516858428227,"LINESTRING (144.9624112 -37.8122832, 144.9624458 -37.8123565)"
6167440994,6167236650,,footway,27.95095420796678,"LINESTRING (144.962076 -37.8122083, 144.9617784 -37.8122959)"
6167236650,11087142621,,footway,48.850249507127614,"LINESTRING (144.9617784 -37.8122959, 144.961258 -37.8124484)"
11087142621,10598310134,,footway,9.588480026758086,"LINESTRING (144.961258 -37.8124484, 144.9611557 -37.812478)"
10598310134,11087142620,,footway,35.18578963936256,"LINESTRING (144.9611557 -37.812478, 144.9607808 -37.8125877)"
6167441053,6167236654,,footway,5.267839291658673,"LINESTRING (144.9623412 -37.8121351, 144.9622847 -37.8121507)"
6167236654,6167236653,,footway,5.407176168518335,"LINESTRING (144.9622847 -37.8121507, 144.9622267 -37.8121667)"
6167236653,6167236652,,footway,2.6214479957756516,"LINESTRING (144.9622267 -37.8121667, 144.9621986 -37.8121745)"
6167236652,6167236651,,footway,5.2595215734293586,"LINESTRING (144.9621986 -37.8121745, 144.9621422 -37.8121901)"
6167236651,6167440994,,footway,6.169377161493248,"LINESTRING (144.9621422 -37.8121901, 144.962076 -37.8122083)"
6167441055,6167236693,,footway,5.485364427201173,"LINESTRING (144.9624458 -37.8123565, 144.9623874 -37.8123737)"
6167236693,7913378998,,footway,5.402506265355416,"LINESTRING (144.9623874 -37.8123737, 144.9623295 -37.8123898)"
7913378998,7913378997,,footway,2.604824399701027,"LINESTRING (144.9623295 -37.8123898, 144.9623016 -37.8123976)"
7913378997,6167236694,,footway,5.271481386157038,"LINESTRING (144.9623016 -37.8123976, 144.9622451 -37.8124133)"
6167236694,6167440991,,footway,6.504920276429281,"LINESTRING (144.9622451 -37.8124133, 144.9621758 -37.8124336)"
13794345644,596909539,,footway,15.34200214074951,"LINESTRING (144.9625604 -37.8126018, 144.9626203 -37.8127316)"
596909539,13794345664,,footway,10.126714613525206,"LINESTRING (144.9626203 -37.8127316, 144.9626601 -37.8128172)"
13794345664,6167441056,,footway,42.57907052561229,"LINESTRING (144.9626601 -37.8128172, 144.9628275 -37.8131771)"
6167441056,6167441057,,footway,5.801224984176812,"LINESTRING (144.9628275 -37.8131771, 144.9627652 -37.8131941)"
6167441057,7913379026,,footway,5.141440973750818,"LINESTRING (144.9627652 -37.8131941, 144.96271 -37.8132092)"
7913379026,7913379028,,footway,2.69160169201835,"LINESTRING (144.96271 -37.8132092, 144.9626811 -37.8132171)"
7913379028,6167441058,,footway,5.383202708108629,"LINESTRING (144.9626811 -37.8132171, 144.9626233 -37.8132329)"
6167441058,6167440990,,footway,6.726650777018221,"LINESTRING (144.9626233 -37.8132329, 144.9625511 -37.8132527)"
7913379027,13264414924,,footway,3.0670975559921207,"LINESTRING (144.9627299 -37.8133258, 144.9626971 -37.8133351)"
13264414924,6167441059,,footway,2.2726463180119625,"LINESTRING (144.9626971 -37.8133351, 144.9626728 -37.813342)"
6167441059,6167440987,,footway,6.557702303312249,"LINESTRING (144.9626728 -37.813342, 144.962603 -37.8133626)"
7913379027,7913379025,,footway,2.8336555634981795,"LINESTRING (144.9627299 -37.8133258, 144.9627602 -37.8133172)"
7913379025,13264414927,,footway,3.0799897845507362,"LINESTRING (144.9627602 -37.8133172, 144.9627932 -37.813308)"
13264414927,6167441060,,footway,2.0188870207515444,"LINESTRING (144.9627932 -37.813308, 144.9628148 -37.8133019)"
6167441060,6167441061,,footway,5.643273340940311,"LINESTRING (144.9628148 -37.8133019, 144.9628752 -37.8132849)"
6167441056,6167441062,,footway,5.573674969677589,"LINESTRING (144.9628275 -37.8131771, 144.9628469 -37.8132249)"
6167441062,6167441061,,footway,7.110511352122074,"LINESTRING (144.9628469 -37.8132249, 144.9628752 -37.8132849)"
6167441061,13893164962,,footway,9.100713062140182,"LINESTRING (144.9628752 -37.8132849, 144.9629114 -37.8133617)"
13893164962,6167417950,,footway,88.93792477405218,"LINESTRING (144.9629114 -37.8133617, 144.9632653 -37.8141122)"
6167417950,6167441063,,footway,9.621020226372531,"LINESTRING (144.9632653 -37.8141122, 144.9633032 -37.8141935)"
6167441063,6167441064,,footway,1.5201592681183298,"LINESTRING (144.9633032 -37.8141935, 144.963309 -37.8142064)"
6167441064,6167441065,,footway,1.578347656842939,"LINESTRING (144.963309 -37.8142064, 144.963315 -37.8142198)"
6167441065,6167441066,,footway,7.758759024124212,"LINESTRING (144.963315 -37.8142198, 144.9633433 -37.814286)"
6167441066,13634634816,,footway,2.3869162927709624,"LINESTRING (144.9633433 -37.814286, 144.9633526 -37.8143062)"
13634634816,6167441067,,footway,51.33384349545288,"LINESTRING (144.9633526 -37.8143062, 144.9635435 -37.8147432)"
6167441067,6167440977,,footway,46.51213583937824,"LINESTRING (144.9635435 -37.8147432, 144.9637163 -37.8151392)"
6167440972,6167441069,,footway,46.818932051378695,"LINESTRING (144.9637677 -37.8152411, 144.9639467 -37.8156383)"
6167441069,6167441068,,footway,50.88272191348638,"LINESTRING (144.9639467 -37.8156383, 144.9641443 -37.8160691)"
6167441068,6167191164,,footway,4.679233168773821,"LINESTRING (144.9641443 -37.8160691, 144.9640996 -37.8160919)"
6167191164,13264421502,,footway,2.1332595711580664,"LINESTRING (144.9640996 -37.8160919, 144.9640768 -37.8160984)"
13264421502,6167191165,,footway,3.9103502697223993,"LINESTRING (144.9640768 -37.8160984, 144.964035 -37.8161103)"
6167191165,6167191166,,footway,3.337330473734227,"LINESTRING (144.964035 -37.8161103, 144.9639993 -37.8161204)"
6167191166,13264421504,,footway,1.9533072133860085,"LINESTRING (144.9639993 -37.8161204, 144.9639784 -37.8161263)"
13264421504,6167191167,,footway,1.89154491788775,"LINESTRING (144.9639784 -37.8161263, 144.9639582 -37.8161321)"
6167191167,6167440953,,footway,5.114419099886707,"LINESTRING (144.9639582 -37.8161321, 144.9639035 -37.8161476)"
6167440953,6167191168,,footway,46.3821654241269,"LINESTRING (144.9639035 -37.8161476, 144.9634074 -37.8162881)"
6167191168,9748242974,,footway,4.035712770375913,"LINESTRING (144.9634074 -37.8162881, 144.9633645 -37.8163009)"
9748242974,6167489477,,footway,157.11530580807093,"LINESTRING (144.9633645 -37.8163009, 144.9616873 -37.8167841)"
10975626981,6167344533,,footway,2.5499604928892214,"LINESTRING (144.9691785 -37.8148403, 144.9692056 -37.8148322)"
6167344533,6167191741,,footway,82.88299940029161,"LINESTRING (144.9692056 -37.8148322, 144.9700879 -37.814572)"
6167191741,13264335004,,footway,30.373423838138848,"LINESTRING (144.9700879 -37.814572, 144.9704113 -37.8144768)"
13264335004,13264335007,,footway,37.34436885300432,"LINESTRING (144.9704113 -37.8144768, 144.9708101 -37.8143623)"
13264335007,13264335009,,footway,0.5444478554674186,"LINESTRING (144.9708101 -37.8143623, 144.9708159 -37.8143606)"
13264335009,6167344554,,footway,53.36113211034976,"LINESTRING (144.9708159 -37.8143606, 144.9713857 -37.8141969)"
6167247327,3394726640,,footway,5.304210174108284,"LINESTRING (144.9639912 -37.8163432, 144.9640475 -37.8163262)"
3394726640,6167191727,,footway,3.861408933981406,"LINESTRING (144.9640475 -37.8163262, 144.9640888 -37.8163145)"
6167191727,6167191728,,footway,3.2035978258538798,"LINESTRING (144.9640888 -37.8163145, 144.9641232 -37.8163051)"
6167191728,6167191729,,footway,6.167621102420419,"LINESTRING (144.9641232 -37.8163051, 144.964188 -37.816284)"
6167191729,6167247328,,footway,4.342444913646019,"LINESTRING (144.964188 -37.816284, 144.9642341 -37.8162701)"
6167441068,6167441070,,footway,5.0273796232477,"LINESTRING (144.9641443 -37.8160691, 144.9641637 -37.8161117)"
6167441070,6167441071,,footway,3.6251576922203865,"LINESTRING (144.9641637 -37.8161117, 144.9641774 -37.8161425)"
6167441071,6167441072,,footway,3.3178649847841784,"LINESTRING (144.9641774 -37.8161425, 144.9641899 -37.8161707)"
6167441072,6167441073,,footway,3.5535681723245234,"LINESTRING (144.9641899 -37.8161707, 144.9642033 -37.8162009)"
6167441073,6167247328,,footway,8.145404396815454,"LINESTRING (144.9642033 -37.8162009, 144.9642341 -37.8162701)"
6167441078,6167441079,,footway,4.991133813274793,"LINESTRING (144.9651493 -37.8157769, 144.9651702 -37.8158187)"
6167441079,6167441080,,footway,3.5699085867253357,"LINESTRING (144.9651702 -37.8158187, 144.9651838 -37.815849)"
6167441080,6167441081,,footway,3.4343193516699957,"LINESTRING (144.9651838 -37.815849, 144.9651974 -37.815878)"
6167441081,6167441082,,footway,3.4729406882688996,"LINESTRING (144.9651974 -37.815878, 144.9652109 -37.8159074)"
6167441082,6167441077,,footway,8.702106479818653,"LINESTRING (144.9652109 -37.8159074, 144.9652453 -37.8159809)"
6167441085,10901565102,,footway,10.102707309410714,"LINESTRING (144.9663088 -37.8155978, 144.9664164 -37.8155662)"
6167441086,10901565103,,footway,6.6287310635915775,"LINESTRING (144.9663097 -37.8155089, 144.9663805 -37.8154886)"
6167278765,6167231010,,footway,5.821677625261293,"LINESTRING (144.9513279 -37.8133216, 144.9513064 -37.813272)"
6167231010,1492145785,,footway,5.268229980774103,"LINESTRING (144.9513064 -37.813272, 144.9512938 -37.8132256)"
1492145785,6167231011,,footway,1.0296896235630542,"LINESTRING (144.9512938 -37.8132256, 144.9512905 -37.8132167)"
6167231011,6167231012,,footway,2.9724957178153324,"LINESTRING (144.9512905 -37.8132167, 144.9512798 -37.8131913)"
6167231012,6167231013,,footway,0.37094651221885894,"LINESTRING (144.9512798 -37.8131913, 144.9512775 -37.8131885)"
6167231013,6167231014,,footway,4.414331646438123,"LINESTRING (144.9512775 -37.8131885, 144.9512517 -37.8131544)"
6167231014,6167231015,,footway,7.529243961869726,"LINESTRING (144.9512517 -37.8131544, 144.951223 -37.8130905)"
6167285758,1492149394,,footway,7.118306760505732,"LINESTRING (144.9515443 -37.8130099, 144.9515837 -37.8130659)"
1492149394,7913378957,,footway,3.628449491131647,"LINESTRING (144.9515837 -37.8130659, 144.9515982 -37.8130965)"
7913378957,1492145824,,footway,0.34757333799208606,"LINESTRING (144.9515982 -37.8130965, 144.9516004 -37.8130991)"
1492145824,7913378958,,footway,3.138281149957031,"LINESTRING (144.9516004 -37.8130991, 144.9516138 -37.8131253)"
7913378958,7913378959,,footway,1.464897867448823,"LINESTRING (144.9516138 -37.8131253, 144.9516228 -37.8131364)"
7913378959,9086085402,,footway,5.70100205697836,"LINESTRING (144.9516228 -37.8131364, 144.9516503 -37.8131829)"
9086085402,6167278758,,footway,4.393955722294715,"LINESTRING (144.9516503 -37.8131829, 144.9516716 -37.8132187)"
6167489418,6167489419,,footway,26.61729382198586,"LINESTRING (144.9588867 -37.8106562, 144.9589878 -37.8108822)"
6167489419,6167489420,,footway,5.100716054376362,"LINESTRING (144.9589878 -37.8108822, 144.9590079 -37.8109253)"
6167489420,7913378972,,footway,3.516383696330334,"LINESTRING (144.9590079 -37.8109253, 144.9590218 -37.810955)"
7913378972,7913378971,,footway,2.6629992727446745,"LINESTRING (144.9590218 -37.810955, 144.9590323 -37.8109775)"
7913378971,6167489421,,footway,5.373748215295044,"LINESTRING (144.9590323 -37.8109775, 144.9590535 -37.8110229)"
6167489421,6167489422,,footway,10.53262103318162,"LINESTRING (144.9590535 -37.8110229, 144.959095 -37.8111119)"
6167489419,6167285767,,footway,4.60789242691949,"LINESTRING (144.9589878 -37.8108822, 144.9590377 -37.8108697)"
6167285767,6167285768,,footway,78.72819922378281,"LINESTRING (144.9590377 -37.8108697, 144.9598729 -37.8106166)"
6167285768,13010526860,,footway,19.291063924812143,"LINESTRING (144.9598729 -37.8106166, 144.9600778 -37.8105551)"
13010526860,6167285769,,footway,66.23199511358723,"LINESTRING (144.9600778 -37.8105551, 144.9607814 -37.8103442)"
6167285769,12821532825,,footway,30.454095077031088,"LINESTRING (144.9607814 -37.8103442, 144.9611074 -37.8102526)"
12821532825,6167441000,,footway,5.012659222013807,"LINESTRING (144.9611074 -37.8102526, 144.9611591 -37.8102337)"
6167441000,12821532826,,footway,3.5714161837736835,"LINESTRING (144.9611591 -37.8102337, 144.9611986 -37.8102264)"
6167489423,6167285766,,footway,7.422232571646042,"LINESTRING (144.9586967 -37.810968, 144.9587758 -37.8109449)"
6167285766,3543021913,,footway,13.84417778226913,"LINESTRING (144.9587758 -37.8109449, 144.9589231 -37.8109013)"
3543021913,6167489419,,footway,6.078943248059325,"LINESTRING (144.9589231 -37.8109013, 144.9589878 -37.8108822)"
6167489423,6167489424,,footway,4.669763672608325,"LINESTRING (144.9586967 -37.810968, 144.9587153 -37.8110074)"
6167489424,7913378968,,footway,3.7924974594090872,"LINESTRING (144.9587153 -37.8110074, 144.9587304 -37.8110394)"
7913378968,7913378967,,footway,2.6795526732571675,"LINESTRING (144.9587304 -37.8110394, 144.9587411 -37.811062)"
7913378967,6167489425,,footway,5.0621876214759425,"LINESTRING (144.9587411 -37.811062, 144.9587613 -37.8111047)"
6167489425,6167489426,,footway,11.022425807631494,"LINESTRING (144.9587613 -37.8111047, 144.9588052 -37.8111977)"
6167489422,6167489427,,footway,46.83154812488061,"LINESTRING (144.959095 -37.8111119, 144.959273 -37.8115095)"
6167489427,6167489428,,footway,50.2968784193542,"LINESTRING (144.959273 -37.8115095, 144.9594646 -37.8119364)"
6167489422,2291073985,,footway,27.355918147600057,"LINESTRING (144.959095 -37.8111119, 144.9593859 -37.8110254)"
2291073985,6167285782,,footway,114.85120213709604,"LINESTRING (144.9593859 -37.8110254, 144.9606071 -37.810662)"
6167285782,6167285783,,footway,36.615800930256505,"LINESTRING (144.9606071 -37.810662, 144.9609973 -37.810548)"
6167285783,6167440998,,footway,25.561804836306635,"LINESTRING (144.9609973 -37.810548, 144.9612727 -37.8104752)"
6167489426,6167285780,,footway,7.036837972946274,"LINESTRING (144.9588052 -37.8111977, 144.9588801 -37.8111756)"
6167285780,6167285781,,footway,14.224590105998837,"LINESTRING (144.9588801 -37.8111756, 144.9590314 -37.8111307)"
6167285781,6167489422,,footway,5.976533103329956,"LINESTRING (144.9590314 -37.8111307, 144.959095 -37.8111119)"
6167489426,6167489429,,footway,96.90182098069869,"LINESTRING (144.9588052 -37.8111977, 144.9591826 -37.8120178)"
6167489423,6167489410,,footway,103.82845977952523,"LINESTRING (144.9586967 -37.810968, 144.9582926 -37.8100892)"
6167489429,6167489430,,footway,5.356577673479125,"LINESTRING (144.9591826 -37.8120178, 144.959201 -37.8120638)"
6167489430,6167489431,,footway,5.46509230001466,"LINESTRING (144.959201 -37.8120638, 144.9592195 -37.8121108)"
6167489428,6167489432,,footway,5.304027407880144,"LINESTRING (144.9594646 -37.8119364, 144.9594834 -37.8119818)"
6167489432,6167489433,,footway,5.804750658848116,"LINESTRING (144.9594834 -37.8119818, 144.9595061 -37.8120309)"
6167489428,6167489434,,footway,4.782560752284665,"LINESTRING (144.9594646 -37.8119364, 144.9594127 -37.8119491)"
6167489434,6167489435,,footway,13.758857436926133,"LINESTRING (144.9594127 -37.8119491, 144.9592656 -37.8119909)"
6167489435,6167489429,,footway,7.894981664893645,"LINESTRING (144.9592656 -37.8119909, 144.9591826 -37.8120178)"
6167489433,6167489436,,footway,4.59976866483314,"LINESTRING (144.9595061 -37.8120309, 144.9594568 -37.8120446)"
6167489436,6167489437,,footway,13.732837595876195,"LINESTRING (144.9594568 -37.8120446, 144.9593097 -37.8120857)"
6167489437,6167489431,,footway,8.41705710026256,"LINESTRING (144.9593097 -37.8120857, 144.9592195 -37.8121108)"
6167489433,6167489438,,footway,69.23327560027202,"LINESTRING (144.9595061 -37.8120309, 144.959766 -37.8126196)"
6167489438,6167489439,,footway,26.637811000323996,"LINESTRING (144.959766 -37.8126196, 144.9598685 -37.8128454)"
6167489440,6167489431,,footway,97.32351730933684,"LINESTRING (144.9595872 -37.8129377, 144.9592195 -37.8121108)"
6167489439,3394725588,,footway,4.772338872862837,"LINESTRING (144.9598685 -37.8128454, 144.9598184 -37.8128618)"
3394725588,6167236648,,footway,13.056620282292268,"LINESTRING (144.9598184 -37.8128618, 144.9596814 -37.8129068)"
6167236648,6167489440,,footway,8.975848698295144,"LINESTRING (144.9596814 -37.8129068, 144.9595872 -37.8129377)"
6167489440,6167236647,,footway,68.01825661361185,"LINESTRING (144.9595872 -37.8129377, 144.9588659 -37.813157)"
6167236647,6167236646,,footway,22.62308137265309,"LINESTRING (144.9588659 -37.813157, 144.9586233 -37.8132241)"
6167236646,6167236645,,footway,24.658629167485714,"LINESTRING (144.9586233 -37.8132241, 144.9583563 -37.8132911)"
6167236645,6522457700,,footway,89.8447234260913,"LINESTRING (144.9583563 -37.8132911, 144.957394 -37.8135602)"
6167489440,6167489441,,footway,6.036192245942481,"LINESTRING (144.9595872 -37.8129377, 144.959612 -37.8129884)"
6167489441,6167489442,,footway,11.181643171995965,"LINESTRING (144.959612 -37.8129884, 144.959658 -37.8130823)"
6167489442,6167489443,,footway,8.694093189270514,"LINESTRING (144.959658 -37.8130823, 144.9596938 -37.8131553)"
6167489439,6167489444,,footway,7.213500886129492,"LINESTRING (144.9598685 -37.8128454, 144.9598981 -37.812906)"
6167489444,6167489445,,footway,11.205524039573401,"LINESTRING (144.9598981 -37.812906, 144.9599442 -37.8130001)"
6167489445,6167489446,,footway,8.513393684212762,"LINESTRING (144.9599442 -37.8130001, 144.9599792 -37.8130716)"
13183456796,6167231033,,footway,2.3261519806879827,"LINESTRING (144.960179 -37.813015, 144.9602039 -37.813008)"
6167231033,6167231034,,footway,16.983895319711625,"LINESTRING (144.9602039 -37.813008, 144.9603853 -37.812956)"
6167489443,3394725583,,footway,8.795829990915932,"LINESTRING (144.9596938 -37.8131553, 144.9597872 -37.8131272)"
3394725583,6167231032,,footway,11.904311029074508,"LINESTRING (144.9597872 -37.8131272, 144.959914 -37.81309)"
6167231032,6167489446,,footway,6.093588617208038,"LINESTRING (144.959914 -37.81309, 144.9599792 -37.8130716)"
6167489446,6167489447,,footway,44.45221621392174,"LINESTRING (144.9599792 -37.8130716, 144.960142 -37.8134507)"
6167489447,6167489448,,footway,53.43134275152684,"LINESTRING (144.960142 -37.8134507, 144.9603592 -37.8139002)"
6167489448,6167489450,,footway,5.334980510528184,"LINESTRING (144.9603592 -37.8139002, 144.9603008 -37.813913)"
6167489450,6167489451,,footway,13.567965935122933,"LINESTRING (144.9603008 -37.813913, 144.9601584 -37.8139597)"
6167489451,6167489452,,footway,8.225943649145067,"LINESTRING (144.9601584 -37.8139597, 144.9600717 -37.8139873)"
6167489448,6167489449,,footway,4.255171848059145,"LINESTRING (144.9603592 -37.8139002, 144.9603792 -37.8139351)"
6167489449,6167489453,,footway,5.522069517978377,"LINESTRING (144.9603792 -37.8139351, 144.9604015 -37.8139816)"
6167489453,6167489454,,footway,6.0376964653577145,"LINESTRING (144.9604015 -37.8139816, 144.9603383 -37.8140027)"
6167489454,6167489455,,footway,13.696197993477545,"LINESTRING (144.9603383 -37.8140027, 144.9601949 -37.8140505)"
6167489455,6167489456,,footway,8.260217890855701,"LINESTRING (144.9601949 -37.8140505, 144.9601084 -37.8140793)"
6167489456,6167489457,,footway,6.912621711616128,"LINESTRING (144.9601084 -37.8140793, 144.9600798 -37.8140213)"
6167489457,6167489452,,footway,3.8405586060669865,"LINESTRING (144.9600798 -37.8140213, 144.9600717 -37.8139873)"
6167489452,6167489443,,footway,98.15818760880282,"LINESTRING (144.9600717 -37.8139873, 144.9596938 -37.8131553)"
6167489456,6167417935,,footway,97.1371967863694,"LINESTRING (144.9601084 -37.8140793, 144.9604959 -37.8148987)"
6167489453,6167417942,,footway,99.49215118260949,"LINESTRING (144.9604015 -37.8139816, 144.9607949 -37.8148219)"
6167417942,6167489458,,footway,5.311170881170321,"LINESTRING (144.9607949 -37.8148219, 144.9608147 -37.8148671)"
6167489458,6167489459,,footway,3.845751932006158,"LINESTRING (144.9608147 -37.8148671, 144.9608284 -37.8149)"
6167489459,6167489460,,footway,2.6393521217097313,"LINESTRING (144.9608284 -37.8149, 144.9608381 -37.8149225)"
6167489460,6167489461,,footway,2.9647661071160907,"LINESTRING (144.9608381 -37.8149225, 144.9608489 -37.8149478)"
6167489461,6167489462,,footway,9.170002076776015,"LINESTRING (144.9608489 -37.8149478, 144.9608825 -37.815026)"
6167413273,6167489463,,footway,8.65410332293401,"LINESTRING (144.9605892 -37.8151079, 144.9605564 -37.8150344)"
6167489463,6167489464,,footway,3.0701505560992426,"LINESTRING (144.9605564 -37.8150344, 144.9605445 -37.8150084)"
6167489464,6167489465,,footway,2.7290939718138416,"LINESTRING (144.9605445 -37.8150084, 144.9605346 -37.8149851)"
6167489465,3394725369,,footway,4.4279514256208445,"LINESTRING (144.9605346 -37.8149851, 144.9605189 -37.8149472)"
3394725369,6167417935,,footway,5.751494716367059,"LINESTRING (144.9605189 -37.8149472, 144.9604959 -37.8148987)"
6167489462,6167489466,,footway,99.47874204417738,"LINESTRING (144.9608825 -37.815026, 144.9612584 -37.8158712)"
6167413273,6167489467,,footway,100.30931327095887,"LINESTRING (144.9605892 -37.8151079, 144.9609776 -37.8159575)"
6167489467,6167489468,,footway,7.837169680264715,"LINESTRING (144.9609776 -37.8159575, 144.9610606 -37.815932)"
6167489468,6167489469,,footway,13.910432538477663,"LINESTRING (144.9610606 -37.815932, 144.9612079 -37.8158867)"
6167489469,6167489466,,footway,4.767798281640354,"LINESTRING (144.9612079 -37.8158867, 144.9612584 -37.8158712)"
6167489466,6167489470,,footway,4.5161242467114295,"LINESTRING (144.9612584 -37.8158712, 144.9612786 -37.8159086)"
6167489470,6167489471,,footway,5.136802303378498,"LINESTRING (144.9612786 -37.8159086, 144.9613011 -37.8159513)"
6167489471,6167489472,,footway,5.6737243712139955,"LINESTRING (144.9613011 -37.8159513, 144.9612418 -37.8159713)"
6167489472,6167489473,,footway,13.731703934650312,"LINESTRING (144.9612418 -37.8159713, 144.9610938 -37.8160103)"
6167489473,6167489474,,footway,7.67331108351477,"LINESTRING (144.9610938 -37.8160103, 144.9610111 -37.8160321)"
6167489474,6167489476,,footway,98.6848045114163,"LINESTRING (144.9610111 -37.8160321, 144.9613975 -37.8168667)"
6167489471,13893269801,,footway,40.93464404754773,"LINESTRING (144.9613011 -37.8159513, 144.9614617 -37.8162974)"
13893269801,13702694785,,footway,18.823955447766597,"LINESTRING (144.9614617 -37.8162974, 144.9615354 -37.8164566)"
13702694785,6167489477,,footway,38.732614327856496,"LINESTRING (144.9615354 -37.8164566, 144.9616873 -37.8167841)"
6167489476,6167191171,,footway,29.733687753337655,"LINESTRING (144.9613975 -37.8168667, 144.9610819 -37.816962)"
6167191171,6167191172,,footway,42.63452327463482,"LINESTRING (144.9610819 -37.816962, 144.9606255 -37.8170903)"
6167191172,6721913992,,footway,57.54743185681893,"LINESTRING (144.9606255 -37.8170903, 144.9600129 -37.817271)"
6721913992,6167191173,,footway,32.088255524131434,"LINESTRING (144.9600129 -37.817271, 144.9596705 -37.81737)"
6167191173,6696357516,,footway,42.33786803081754,"LINESTRING (144.9596705 -37.81737, 144.9592153 -37.8174929)"
6167489477,6167191169,,footway,5.9125438844460625,"LINESTRING (144.9616873 -37.8167841, 144.9616241 -37.8168021)"
6167191169,6167191170,,footway,12.779133716350819,"LINESTRING (144.9616241 -37.8168021, 144.9614875 -37.816841)"
6167191170,6167489476,,footway,8.42227551209558,"LINESTRING (144.9614875 -37.816841, 144.9613975 -37.8168667)"
6167489477,6167489478,,footway,4.63158355431072,"LINESTRING (144.9616873 -37.8167841, 144.961719 -37.8168174)"
6167489478,7048272407,,footway,5.450480521814809,"LINESTRING (144.961719 -37.8168174, 144.9617389 -37.8168639)"
7048272407,7048272393,,footway,3.10621578876218,"LINESTRING (144.9617389 -37.8168639, 144.9617513 -37.8168901)"
7048272393,6167489479,,footway,2.142033021818617,"LINESTRING (144.9617513 -37.8168901, 144.9617607 -37.8169079)"
6167489479,6167489480,,footway,9.482501314057341,"LINESTRING (144.9617607 -37.8169079, 144.9617896 -37.8169902)"
6167489476,6167489481,,footway,4.824592539331116,"LINESTRING (144.9613975 -37.8168667, 144.9614164 -37.8169075)"
6167489481,7048272405,,footway,3.7863216931462658,"LINESTRING (144.9614164 -37.8169075, 144.9614313 -37.8169395)"
7048272405,7048272391,,footway,3.25068763435755,"LINESTRING (144.9614313 -37.8169395, 144.961444 -37.816967)"
7048272391,6167489482,,footway,3.2776011465607966,"LINESTRING (144.961444 -37.816967, 144.9614569 -37.8169947)"
6167489482,6167489483,,footway,9.628349595585945,"LINESTRING (144.9614569 -37.8169947, 144.9614947 -37.8170761)"
6167489483,3394726515,,footway,8.367436851496352,"LINESTRING (144.9614947 -37.8170761, 144.9615839 -37.8170501)"
3394726515,6167191726,,footway,12.841818990166706,"LINESTRING (144.9615839 -37.8170501, 144.9617208 -37.8170102)"
6167191726,6167489480,,footway,6.451754614683999,"LINESTRING (144.9617208 -37.8170102, 144.9617896 -37.8169902)"
6167489480,13827254556,,footway,79.90730066301842,"LINESTRING (144.9617896 -37.8169902, 144.9626406 -37.8167401)"
13827254556,11133262899,,footway,60.3145236935748,"LINESTRING (144.9626406 -37.8167401, 144.9632826 -37.8165506)"
11133262899,6167440958,,footway,13.011109720251389,"LINESTRING (144.9632826 -37.8165506, 144.9634215 -37.8165106)"
6167440958,6167247327,,footway,53.49289300555176,"LINESTRING (144.9634215 -37.8165106, 144.9639912 -37.8163432)"
6167489483,6167489484,,footway,99.40472069116373,"LINESTRING (144.9614947 -37.8170761, 144.9618773 -37.8179187)"
6167489485,6167489486,,footway,50.20463963510507,"LINESTRING (144.9621688 -37.8178279, 144.9619702 -37.8174039)"
6167489486,6167489480,,footway,48.59317758746225,"LINESTRING (144.9619702 -37.8174039, 144.9617896 -37.8169902)"
6167489484,6167489487,,footway,8.26234537681874,"LINESTRING (144.9618773 -37.8179187, 144.9619646 -37.8178914)"
6167489487,6167489488,,footway,14.376241325913327,"LINESTRING (144.9619646 -37.8178914, 144.9621165 -37.8178439)"
6167489488,6167489485,,footway,4.935525903267903,"LINESTRING (144.9621165 -37.8178439, 144.9621688 -37.8178279)"
6167489484,6167489489,,footway,4.169827334153736,"LINESTRING (144.9618773 -37.8179187, 144.9618969 -37.8179529)"
6167489489,6167489490,,footway,7.14317144554197,"LINESTRING (144.9618969 -37.8179529, 144.9619272 -37.8180126)"
6167489490,6167489491,,footway,96.23306809957828,"LINESTRING (144.9619272 -37.8180126, 144.9622987 -37.818828)"
6167489491,6167247293,,footway,7.250457559040279,"LINESTRING (144.9622987 -37.818828, 144.9623761 -37.8188057)"
6167247293,6167247294,,footway,14.31716471886448,"LINESTRING (144.9623761 -37.8188057, 144.962529 -37.8187618)"
6167247294,6167489492,,footway,5.002815289407184,"LINESTRING (144.962529 -37.8187618, 144.9625824 -37.8187464)"
6167489492,12472978338,,footway,30.257603985109267,"LINESTRING (144.9625824 -37.8187464, 144.9624685 -37.8184892)"
12472978338,12472978337,,footway,17.266695618434287,"LINESTRING (144.9624685 -37.8184892, 144.9624036 -37.8183424)"
12472978337,6167489493,,footway,48.93854085309772,"LINESTRING (144.9624036 -37.8183424, 144.9622194 -37.8179264)"
6167489493,6167489494,,footway,5.4388931748952185,"LINESTRING (144.9622194 -37.8179264, 144.9621622 -37.8179449)"
6167489494,591428011,,footway,14.386597034493901,"LINESTRING (144.9621622 -37.8179449, 144.9620086 -37.8179891)"
591428011,6167489490,,footway,7.6270365028174405,"LINESTRING (144.9620086 -37.8179891, 144.9619272 -37.8180126)"
13201759148,6893915091,,footway,23.69573000411472,"LINESTRING (144.9639042 -37.8183642, 144.9641571 -37.8182912)"
6893915091,6167247298,,footway,7.370497875246935,"LINESTRING (144.9641571 -37.8182912, 144.9642352 -37.8182673)"
6167247298,6167247296,,footway,27.956321410589236,"LINESTRING (144.9642352 -37.8182673, 144.9645334 -37.8181808)"
6167247296,8956411067,,footway,19.11553710282594,"LINESTRING (144.9645334 -37.8181808, 144.9647346 -37.8181161)"
8956411067,6167247297,,footway,2.655908813455607,"LINESTRING (144.9647346 -37.8181161, 144.9647568 -37.8180999)"
13201690281,591410671,,footway,2.178120935320839,"LINESTRING (144.9626207 -37.8188282, 144.9626293 -37.8188466)"
591410671,591410981,,footway,3.386556604411389,"LINESTRING (144.9626293 -37.8188466, 144.9626427 -37.8188752)"
591410981,13201690282,,footway,2.4615587020286998,"LINESTRING (144.9626427 -37.8188752, 144.9626524 -37.818896)"
6167489493,7913378906,,footway,6.593240394877078,"LINESTRING (144.9622194 -37.8179264, 144.9621902 -37.8178717)"
7913378906,6167489485,,footway,5.213860700934284,"LINESTRING (144.9621902 -37.8178717, 144.9621688 -37.8178279)"
11655507924,589741404,,footway,15.783757246217464,"LINESTRING (144.9546016 -37.8208577, 144.9547711 -37.8208114)"
589741404,589742841,,footway,10.478569387339048,"LINESTRING (144.9547711 -37.8208114, 144.9548221 -37.8208967)"
589742841,13875462539,,footway,3.4881070402136474,"LINESTRING (144.9548221 -37.8208967, 144.9548339 -37.8209267)"
589501821,6407789666,,footway,43.817317637825326,"LINESTRING (144.9577829 -37.8204688, 144.9579611 -37.8208374)"
589501834,6407789667,,footway,31.190189343844445,"LINESTRING (144.9573434 -37.8202497, 144.9572288 -37.8199838)"
6407789667,6913853665,,footway,58.42801735977453,"LINESTRING (144.9572288 -37.8199838, 144.9569992 -37.8194899)"
6167229075,6167229076,,footway,24.654089273542162,"LINESTRING (144.9574623 -37.8205623, 144.9575645 -37.8207691)"
6407789670,9146197569,,footway,5.181020194671881,"LINESTRING (144.9565466 -37.8184993, 144.9566011 -37.8184817)"
9146197569,6167191719,,footway,13.537423649899464,"LINESTRING (144.9566011 -37.8184817, 144.9567454 -37.8184396)"
6167191719,6407789671,,footway,7.511296054615122,"LINESTRING (144.9567454 -37.8184396, 144.9568254 -37.8184161)"
6407789671,6407789672,,footway,102.57119476062324,"LINESTRING (144.9568254 -37.8184161, 144.9572276 -37.8192834)"
6407789671,9755989501,,footway,17.437555149221552,"LINESTRING (144.9568254 -37.8184161, 144.9570111 -37.8183615)"
9755989501,9755989497,,footway,63.02779598169112,"LINESTRING (144.9570111 -37.8183615, 144.9576834 -37.8181665)"
9755989497,2180785581,,footway,22.778041914786794,"LINESTRING (144.9576834 -37.8181665, 144.9579264 -37.8180961)"
2180785581,6696357497,,footway,101.6086265587317,"LINESTRING (144.9579264 -37.8180961, 144.9590188 -37.817801)"
6407789671,6407789673,,footway,8.375232159509897,"LINESTRING (144.9568254 -37.8184161, 144.956795 -37.8183446)"
6407789673,6407789674,,footway,3.049011461502317,"LINESTRING (144.956795 -37.8183446, 144.956785 -37.8183183)"
6407789674,6407789675,,footway,3.3015779580439673,"LINESTRING (144.956785 -37.8183183, 144.9567727 -37.8182902)"
6407789675,6407789676,,footway,3.5818756677728,"LINESTRING (144.9567727 -37.8182902, 144.9567587 -37.8182599)"
6407789676,6407789677,,footway,4.7664277782366815,"LINESTRING (144.9567587 -37.8182599, 144.95674 -37.8182196)"
6407789678,6167191705,,footway,104.70995597650622,"LINESTRING (144.9564311 -37.8182836, 144.9553188 -37.8186174)"
6167191705,6167191692,,footway,41.20115373751489,"LINESTRING (144.9553188 -37.8186174, 144.9548791 -37.8187444)"
6167191692,6167191181,,footway,20.22818667194523,"LINESTRING (144.9548791 -37.8187444, 144.9546632 -37.8188067)"
6167191181,13762767706,,footway,7.318003247456714,"LINESTRING (144.9546632 -37.8188067, 144.9545845 -37.8188279)"
13762767706,6167230991,,footway,30.89161798970768,"LINESTRING (144.9545845 -37.8188279, 144.9542522 -37.8189172)"
13860482302,6167191179,,footway,5.590092016433467,"LINESTRING (144.9567022 -37.818197, 144.9566431 -37.8182154)"
6167191179,6167191180,,footway,13.571164190252661,"LINESTRING (144.9566431 -37.8182154, 144.9564983 -37.8182573)"
6167191180,6407789678,,footway,6.59776826985055,"LINESTRING (144.9564983 -37.8182573, 144.9564311 -37.8182836)"
6407789678,6407789679,,footway,7.430725336917104,"LINESTRING (144.9564311 -37.8182836, 144.95646 -37.8183465)"
6407789679,6407789680,,footway,3.712595038322222,"LINESTRING (144.95646 -37.8183465, 144.9564752 -37.8183777)"
6407789680,6407789681,,footway,3.2324431288961315,"LINESTRING (144.9564752 -37.8183777, 144.9564907 -37.8184041)"
6407789681,6407789682,,footway,3.1663924327300226,"LINESTRING (144.9564907 -37.8184041, 144.9565055 -37.8184301)"
6407789682,6407789670,,footway,8.490517867113473,"LINESTRING (144.9565055 -37.8184301, 144.9565466 -37.8184993)"
6407789678,6407789683,,footway,45.940108657650136,"LINESTRING (144.9564311 -37.8182836, 144.9562539 -37.8178943)"
6407789683,6407789684,,footway,47.991397809412355,"LINESTRING (144.9562539 -37.8178943, 144.9560699 -37.8174873)"
6407789684,6407789985,,footway,5.822942124076434,"LINESTRING (144.9560699 -37.8174873, 144.9561322 -37.8174697)"
6407789985,6407789986,,footway,13.833219450662334,"LINESTRING (144.9561322 -37.8174697, 144.9562632 -37.8174009)"
6407789986,6407789987,,footway,8.661925041601334,"LINESTRING (144.9562632 -37.8174009, 144.956351 -37.8173657)"
6407789677,6407789996,,footway,2.4457818669123106,"LINESTRING (144.95674 -37.8182196, 144.9567238 -37.8182017)"
6407789996,13860482311,,footway,94.91064949698318,"LINESTRING (144.9567238 -37.8182017, 144.956355 -37.8173982)"
13860482311,6407789987,,footway,3.6244208669439755,"LINESTRING (144.956355 -37.8173982, 144.956351 -37.8173657)"
6407789987,6407790002,,footway,4.674738399838645,"LINESTRING (144.956351 -37.8173657, 144.956334 -37.8173258)"
6407790002,6407789997,,footway,5.871026190197079,"LINESTRING (144.956334 -37.8173258, 144.9563071 -37.8172774)"
6407789997,6407789998,,footway,8.509840430031144,"LINESTRING (144.9563071 -37.8172774, 144.9562125 -37.8172931)"
6407789998,6407789999,,footway,13.327699830091634,"LINESTRING (144.9562125 -37.8172931, 144.956066 -37.8173233)"
6407789999,6407790000,,footway,6.302368244463685,"LINESTRING (144.956066 -37.8173233, 144.955997 -37.8173384)"
6407790000,6407790001,,footway,8.82149550827575,"LINESTRING (144.955997 -37.8173384, 144.9560319 -37.8174129)"
6407790001,6407789684,,footway,8.909958925459897,"LINESTRING (144.9560319 -37.8174129, 144.9560699 -37.8174873)"
6407790000,6167417886,,footway,93.76975181995986,"LINESTRING (144.955997 -37.8173384, 144.9556402 -37.8165424)"
6167417886,6407790003,,footway,8.636129876767798,"LINESTRING (144.9556402 -37.8165424, 144.9556073 -37.8164691)"
6407790003,6407790004,,footway,4.611583923398872,"LINESTRING (144.9556073 -37.8164691, 144.9555889 -37.8164302)"
6407790004,6407790005,,footway,3.432649450275513,"LINESTRING (144.9555889 -37.8164302, 144.9555757 -37.8164011)"
6407790005,6407790006,,footway,4.221204370889937,"LINESTRING (144.9555757 -37.8164011, 144.9555558 -37.8163665)"
6407790006,6167417919,,footway,5.3596830867584675,"LINESTRING (144.9555558 -37.8163665, 144.9555334 -37.8163216)"
6167413284,6407790007,,footway,8.432815529085417,"LINESTRING (144.9559249 -37.8164576, 144.9558947 -37.8163855)"
6407790007,6407790008,,footway,4.621447344285727,"LINESTRING (144.9558947 -37.8163855, 144.9558781 -37.816346)"
6407790008,6407790009,,footway,3.4038444312305103,"LINESTRING (144.9558781 -37.816346, 144.9558659 -37.8163169)"
6407790009,6407790010,,footway,4.211142324148098,"LINESTRING (144.9558659 -37.8163169, 144.9558508 -37.8162809)"
6407790010,6167417922,,footway,5.169251742315773,"LINESTRING (144.9558508 -37.8162809, 144.9558323 -37.8162367)"
6167413284,12606856016,,footway,49.51490350752571,"LINESTRING (144.9559249 -37.8164576, 144.95612 -37.816876)"
12606856016,6407789997,,footway,47.500805782621434,"LINESTRING (144.95612 -37.816876, 144.9563071 -37.8172774)"
6167417919,6407790011,,footway,98.51475484938,"LINESTRING (144.9555334 -37.8163216, 144.9551523 -37.8154871)"
6407790011,6407790013,,footway,5.079508881537171,"LINESTRING (144.9551523 -37.8154871, 144.9552079 -37.8154749)"
6407790013,6407790014,,footway,13.168196153714502,"LINESTRING (144.9552079 -37.8154749, 144.9553494 -37.8154365)"
6407790014,6407790015,,footway,9.344786151362442,"LINESTRING (144.9553494 -37.8154365, 144.9554488 -37.815407)"
6167489448,6520298103,,footway,37.871806601159314,"LINESTRING (144.9603592 -37.8139002, 144.9607622 -37.813781)"
6520298103,6520298104,,footway,5.062490471738929,"LINESTRING (144.9607622 -37.813781, 144.9608194 -37.8137764)"
6520298104,6520298105,,footway,39.03397749752975,"LINESTRING (144.9608194 -37.8137764, 144.961236 -37.8136562)"
6520298105,6520298107,,footway,39.86846756774928,"LINESTRING (144.961236 -37.8136562, 144.9616614 -37.8135332)"
6520298107,6520298108,,footway,11.813961658963185,"LINESTRING (144.9616614 -37.8135332, 144.9617872 -37.8134962)"
6520298108,11087142622,,footway,29.085553188058128,"LINESTRING (144.9617872 -37.8134962, 144.962099 -37.8134097)"
711778937,6167278765,,footway,95.48560749972033,"LINESTRING (144.9503059 -37.8136092, 144.9513279 -37.8133216)"
13882913733,13882913758,,footway,16.756238301787686,"LINESTRING (144.9657867 -37.8104923, 144.9658537 -37.8106336)"
13882913758,596918519,,footway,5.632654847306053,"LINESTRING (144.9658537 -37.8106336, 144.9659176 -37.8106359)"
6573513191,13882913747,,footway,1.813090263930103,"LINESTRING (144.9655472 -37.8107865, 144.965528 -37.8107924)"
13882913747,6573513192,,footway,23.304103331888474,"LINESTRING (144.965528 -37.8107924, 144.9654351 -37.8105958)"
10904440469,9086096510,,footway,4.3428331593340985,"LINESTRING (144.9640229 -37.8096449, 144.9640058 -37.8096082)"
9086096510,12737898492,,footway,2.6764693698424353,"LINESTRING (144.9640058 -37.8096082, 144.9639952 -37.8095856)"
12737898492,6167266593,,footway,2.840532955371841,"LINESTRING (144.9639952 -37.8095856, 144.963984 -37.8095616)"
6167266593,6167266594,,footway,3.3835439597092494,"LINESTRING (144.963984 -37.8095616, 144.9639707 -37.809533)"
6167266594,12737898490,,footway,2.864408199698281,"LINESTRING (144.9639707 -37.809533, 144.9639594 -37.8095088)"
12737898490,6167266595,,footway,2.6495374313067055,"LINESTRING (144.9639594 -37.8095088, 144.963949 -37.8094864)"
6167266595,10904440470,,footway,4.093677379876043,"LINESTRING (144.963949 -37.8094864, 144.9639329 -37.8094518)"
6167289290,10904440477,,footway,2.399483098630178,"LINESTRING (144.9636322 -37.8095199, 144.9636517 -37.8095048)"
10904440477,13097852469,,footway,8.728674186844566,"LINESTRING (144.9636517 -37.8095048, 144.9636178 -37.8094309)"
13097852469,13097852466,,footway,3.9309458097389585,"LINESTRING (144.9636178 -37.8094309, 144.9636026 -37.8093976)"
13097852466,11070633919,,footway,36.88539580380112,"LINESTRING (144.9636026 -37.8093976, 144.9634594 -37.8090853)"
10904440474,2841675062,,footway,5.549800607807651,"LINESTRING (144.9637264 -37.809733, 144.9637056 -37.8096858)"
2841675062,6167266623,,footway,4.565087834311127,"LINESTRING (144.9637056 -37.8096858, 144.9636884 -37.809647)"
6167266623,6167266624,,footway,0.5400870249742663,"LINESTRING (144.9636884 -37.809647, 144.9636864 -37.8096424)"
6167266624,6167266625,,footway,2.9524061542300792,"LINESTRING (144.9636864 -37.8096424, 144.9636753 -37.8096173)"
6167266625,6167266626,,footway,1.6126843590523048,"LINESTRING (144.9636753 -37.8096173, 144.9636692 -37.8096036)"
6167266626,6167266627,,footway,4.363717947402398,"LINESTRING (144.9636692 -37.8096036, 144.9636528 -37.8095665)"
6167266627,10904440473,,footway,3.42090493359221,"LINESTRING (144.9636528 -37.8095665, 144.96364 -37.8095374)"
6167289296,10904440476,,footway,3.290666577310885,"LINESTRING (144.9639261 -37.8094366, 144.9638888 -37.8094348)"
10904440476,11909792488,,footway,122.87434505540982,"LINESTRING (144.9638888 -37.8094348, 144.9634116 -37.8083945)"
6573650960,6573650961,,footway,11.732867361107457,"LINESTRING (144.9672487 -37.8167481, 144.9673757 -37.8167161)"
6573650961,3334085164,,footway,2.3608916432278093,"LINESTRING (144.9673757 -37.8167161, 144.9673673 -37.8166959)"
3334124360,6573650962,,footway,3.9389856989698333,"LINESTRING (144.9677834 -37.817168, 144.967769 -37.8171344)"
6693560641,6693560642,,footway,64.60349314678899,"LINESTRING (144.9725851 -37.8082077, 144.9718553 -37.8082671)"
6693560642,6693560643,,footway,5.056072758736668,"LINESTRING (144.9718553 -37.8082671, 144.9718039 -37.8082874)"
8624899327,13179599746,,footway,111.75632603914445,"LINESTRING (144.9557901 -37.8107012, 144.9562052 -37.8116527)"
13179599746,6696335578,,footway,3.640342645463657,"LINESTRING (144.9562052 -37.8116527, 144.9562187 -37.8116837)"
6696335578,6696335579,,footway,4.68810836178949,"LINESTRING (144.9562187 -37.8116837, 144.9562358 -37.8117237)"
6696335579,7048272412,,footway,2.7768073687345542,"LINESTRING (144.9562358 -37.8117237, 144.9562459 -37.8117474)"
7048272412,7048272413,,footway,1.2786522213182705,"LINESTRING (144.9562459 -37.8117474, 144.9562506 -37.8117583)"
7048272413,2266561263,,footway,2.34264354491632,"LINESTRING (144.9562506 -37.8117583, 144.9562591 -37.8117783)"
2266561263,7048272411,,footway,0.9475815501319529,"LINESTRING (144.9562591 -37.8117783, 144.9562625 -37.8117864)"
7048272411,6696335580,,footway,4.899935800366992,"LINESTRING (144.9562625 -37.8117864, 144.9562804 -37.8118282)"
6696335580,6696335581,,footway,10.932587212658945,"LINESTRING (144.9562804 -37.8118282, 144.9563202 -37.8119215)"
6696335578,6167285762,,footway,6.961686657816405,"LINESTRING (144.9562187 -37.8116837, 144.9562924 -37.811661)"
6167285762,2266560307,,footway,1.704172022046063,"LINESTRING (144.9562924 -37.811661, 144.9563086 -37.8116526)"
2266560307,4520380519,,footway,4.331559707722485,"LINESTRING (144.9563086 -37.8116526, 144.9563548 -37.8116392)"
4520380519,6167285763,,footway,3.1835256996065375,"LINESTRING (144.9563548 -37.8116392, 144.956389 -37.8116299)"
6167285763,9146197746,,footway,6.039428676933764,"LINESTRING (144.956389 -37.8116299, 144.9564535 -37.8116114)"
9146197746,6522457695,,footway,4.712716054619388,"LINESTRING (144.9564535 -37.8116114, 144.9565048 -37.8115993)"
6522457695,6522457693,,footway,4.742600791911142,"LINESTRING (144.9565048 -37.8115993, 144.9565234 -37.8116394)"
6522457693,6522457691,,footway,4.15183804111996,"LINESTRING (144.9565234 -37.8116394, 144.9565397 -37.8116745)"
6522457691,6522457689,,footway,3.0388929055438165,"LINESTRING (144.9565397 -37.8116745, 144.9565516 -37.8117002)"
6522457689,6522457694,,footway,0.8637915596064364,"LINESTRING (144.9565516 -37.8117002, 144.956555 -37.8117075)"
6522457694,2266562052,,footway,3.666986542604544,"LINESTRING (144.956555 -37.8117075, 144.9565694 -37.8117385)"
2266562052,11086513558,,footway,0.6042267710068294,"LINESTRING (144.9565694 -37.8117385, 144.9565718 -37.8117436)"
11086513558,6522457696,,footway,10.21616522527239,"LINESTRING (144.9565718 -37.8117436, 144.9566118 -37.81183)"
11089247092,6804266358,,footway,1.0806852182713778,"LINESTRING (144.9575767 -37.811296, 144.9575882 -37.8112926)"
6804266358,6167489423,,footway,104.0480154258264,"LINESTRING (144.9575882 -37.8112926, 144.9586967 -37.810968)"
6696335581,7961383815,,footway,3.3764450503809007,"LINESTRING (144.9563202 -37.8119215, 144.9563565 -37.8119117)"
7961383815,9146197745,,footway,4.224431126078851,"LINESTRING (144.9563565 -37.8119117, 144.9564019 -37.8118994)"
9146197745,8633989586,,footway,2.59197618117337,"LINESTRING (144.9564019 -37.8118994, 144.9564296 -37.8118915)"
8633989586,6167285775,,footway,3.4341813345390717,"LINESTRING (144.9564296 -37.8118915, 144.9564656 -37.8118796)"
6167285775,6167285776,,footway,1.9931100002605189,"LINESTRING (144.9564656 -37.8118796, 144.9564866 -37.8118729)"
6167285776,6167285777,,footway,1.2695345924571133,"LINESTRING (144.9564866 -37.8118729, 144.9564998 -37.8118683)"
6167285777,6167285778,,footway,2.3375454233955932,"LINESTRING (144.9564998 -37.8118683, 144.9565238 -37.8118593)"
6167285778,8633989589,,footway,1.3467327051740903,"LINESTRING (144.9565238 -37.8118593, 144.9565379 -37.8118546)"
8633989589,7913378965,,footway,2.165288774058892,"LINESTRING (144.9565379 -37.8118546, 144.9565606 -37.8118471)"
7913378965,6522457696,,footway,4.891698684525456,"LINESTRING (144.9565606 -37.8118471, 144.9566118 -37.81183)"
6696357538,6522457700,,footway,95.4925866082649,"LINESTRING (144.9570281 -37.8127503, 144.957394 -37.8135602)"
6522457696,6167285779,,footway,7.220782553645948,"LINESTRING (144.9566118 -37.81183, 144.9566874 -37.8118048)"
6167285779,6167489426,,footway,198.28694822601884,"LINESTRING (144.9566874 -37.8118048, 144.9588052 -37.8111977)"
6696335581,6910691034,,footway,14.405933299028776,"LINESTRING (144.9563202 -37.8119215, 144.9563774 -37.8120431)"
6910691034,12067046233,,footway,15.760058873333115,"LINESTRING (144.9563774 -37.8120431, 144.9564394 -37.8121763)"
12067046233,13167074782,,footway,7.925470154758224,"LINESTRING (144.9564394 -37.8121763, 144.9564712 -37.8122431)"
13167074782,8633989584,,footway,2.6452846469537388,"LINESTRING (144.9564712 -37.8122431, 144.9564818 -37.8122654)"
8633989584,13167074783,,footway,8.858909380506558,"LINESTRING (144.9564818 -37.8122654, 144.9565169 -37.8123402)"
13167074783,6696357531,,footway,46.649028320617745,"LINESTRING (144.9565169 -37.8123402, 144.956702 -37.812734)"
6696335583,6696335584,,footway,6.670212687658082,"LINESTRING (144.9571148 -37.8136424, 144.9571388 -37.8136994)"
6696335584,6696357485,,footway,11.35332739361405,"LINESTRING (144.9571388 -37.8136994, 144.9571866 -37.8137944)"
6696357485,6696357486,,footway,9.12585983449436,"LINESTRING (144.9571866 -37.8137944, 144.9572249 -37.8138708)"
6696357486,6722694956,,footway,98.13356350681961,"LINESTRING (144.9572249 -37.8138708, 144.9576096 -37.8147006)"
6722694956,6696357487,,footway,3.3014915061320007,"LINESTRING (144.9576096 -37.8147006, 144.9576226 -37.8147285)"
6696357487,10227799801,,footway,7.0717373571189786,"LINESTRING (144.9576226 -37.8147285, 144.9576382 -37.814791)"
10227799793,6696357488,,footway,3.7295223630929746,"LINESTRING (144.9580354 -37.8155951, 144.9580498 -37.8156267)"
6696357488,13271661981,,footway,4.44189399724358,"LINESTRING (144.9580498 -37.8156267, 144.958066 -37.8156646)"
13271661981,7913378993,,footway,1.5458551052819722,"LINESTRING (144.958066 -37.8156646, 144.9580716 -37.8156778)"
7913378993,7913378992,,footway,3.330210086883146,"LINESTRING (144.9580716 -37.8156778, 144.9580838 -37.8157062)"
7913378992,13271661983,,footway,4.607584622056318,"LINESTRING (144.9580838 -37.8157062, 144.9580995 -37.8157458)"
13271661983,6696357489,,footway,3.8983175556693554,"LINESTRING (144.9580995 -37.8157458, 144.9581128 -37.8157793)"
6696357489,6167413279,,footway,5.827633365094386,"LINESTRING (144.9581128 -37.8157793, 144.9581326 -37.8158294)"
6167417931,6696357527,,footway,4.697868898334503,"LINESTRING (144.9582947 -37.8155278, 144.9583132 -37.8155675)"
6696357527,7913378991,,footway,4.745617700007768,"LINESTRING (144.9583132 -37.8155675, 144.9583319 -37.8156076)"
7913378991,7913378990,,footway,3.134367328168467,"LINESTRING (144.9583319 -37.8156076, 144.9583442 -37.8156341)"
7913378990,6696357526,,footway,7.3339253380448115,"LINESTRING (144.9583442 -37.8156341, 144.958373 -37.8156961)"
6696357526,6696357490,,footway,6.82825222934248,"LINESTRING (144.958373 -37.8156961, 144.9583999 -37.8157538)"
6696357490,6167413276,,footway,5.72837150627384,"LINESTRING (144.9583999 -37.8157538, 144.9583383 -37.8157704)"
6167413279,6696357491,,footway,57.19292651502214,"LINESTRING (144.9581326 -37.8158294, 144.9583534 -37.816314)"
6696357491,6696357525,,footway,34.02023735463367,"LINESTRING (144.9583534 -37.816314, 144.9584814 -37.8166032)"
6696357525,6696357492,,footway,11.075660784892229,"LINESTRING (144.9584814 -37.8166032, 144.9585229 -37.8166974)"
6696357492,6696357520,,footway,4.429193533477185,"LINESTRING (144.9585229 -37.8166974, 144.9585401 -37.8167349)"
6696357520,6696357493,,footway,53.42827501616176,"LINESTRING (144.9585401 -37.8167349, 144.9587488 -37.8171869)"
6696357493,6696357494,,footway,45.82076281557395,"LINESTRING (144.9587488 -37.8171869, 144.9589255 -37.8175752)"
6696357494,6696357495,,footway,5.844913007935441,"LINESTRING (144.9589255 -37.8175752, 144.9589478 -37.8176248)"
6696357495,7048272402,,footway,3.6892403973709835,"LINESTRING (144.9589478 -37.8176248, 144.9589619 -37.8176561)"
7048272402,7048272388,,footway,3.2103628328400853,"LINESTRING (144.9589619 -37.8176561, 144.9589743 -37.8176833)"
7048272388,6696357496,,footway,3.248984807982258,"LINESTRING (144.9589743 -37.8176833, 144.9589809 -37.8177121)"
6696357496,6696357497,,footway,10.416272278195155,"LINESTRING (144.9589809 -37.8177121, 144.9590188 -37.817801)"
6696357497,6696357498,,footway,92.06487845914776,"LINESTRING (144.9590188 -37.817801, 144.9593595 -37.8185852)"
6696357498,6696357512,,footway,6.629406585966718,"LINESTRING (144.9593595 -37.8185852, 144.9593991 -37.818636)"
6696357499,6696357500,,footway,5.573616717219363,"LINESTRING (144.9598197 -37.8195321, 144.9598213 -37.8195823)"
6696357500,7913378894,,footway,5.647334098651634,"LINESTRING (144.9598213 -37.8195823, 144.9598177 -37.8196331)"
7913378894,7913378897,,footway,3.9197815796165503,"LINESTRING (144.9598177 -37.8196331, 144.9598141 -37.8196683)"
7913378897,6696357501,,footway,7.422342575911386,"LINESTRING (144.9598141 -37.8196683, 144.9598065 -37.8197349)"
6696357501,6696357502,,footway,8.56221518354388,"LINESTRING (144.9598065 -37.8197349, 144.9598006 -37.8198119)"
6167247287,6696357503,,footway,8.38373731934396,"LINESTRING (144.9600428 -37.8194449, 144.9601322 -37.8194189)"
6696357503,6167247299,,footway,34.174653755315795,"LINESTRING (144.9601322 -37.8194189, 144.9604986 -37.8193173)"
6167247299,6721913584,,footway,35.49327271171818,"LINESTRING (144.9604986 -37.8193173, 144.9608773 -37.8192077)"
6696357499,7620884628,,footway,2.185414005928347,"LINESTRING (144.9598197 -37.8195321, 144.9598413 -37.8195224)"
7620884628,6167247285,,footway,4.8403201892111065,"LINESTRING (144.9598413 -37.8195224, 144.9598892 -37.819501)"
6167247285,8956411042,,footway,4.260189146415261,"LINESTRING (144.9598892 -37.819501, 144.9599318 -37.8194828)"
8956411042,6167247286,,footway,2.5948594938642118,"LINESTRING (144.9599318 -37.8194828, 144.9599576 -37.8194715)"
6167247286,12513822704,,footway,3.588970357567124,"LINESTRING (144.9599576 -37.8194715, 144.9599956 -37.8194598)"
12513822704,6167247287,,footway,4.47279501791123,"LINESTRING (144.9599956 -37.8194598, 144.9600428 -37.8194449)"
6696357502,9105320419,,footway,12.395603107426842,"LINESTRING (144.9598006 -37.8198119, 144.9599333 -37.8197746)"
9105320419,9105320420,,footway,12.498928633010149,"LINESTRING (144.9599333 -37.8197746, 144.9600672 -37.8197372)"
9105320420,6167247310,,footway,15.018687761856102,"LINESTRING (144.9600672 -37.8197372, 144.9602282 -37.8196925)"
6167247310,6167247311,,footway,29.299645342077476,"LINESTRING (144.9602282 -37.8196925, 144.9605394 -37.819599)"
6167247311,6167247312,,footway,26.317392300037817,"LINESTRING (144.9605394 -37.819599, 144.960821 -37.8195195)"
6696357503,6696357504,,footway,91.26056757653971,"LINESTRING (144.9601322 -37.8194189, 144.9597507 -37.8186544)"
6696357504,6696357505,,footway,8.280239531293752,"LINESTRING (144.9597507 -37.8186544, 144.9596723 -37.8186956)"
6696357505,6696357506,,footway,10.974469382634986,"LINESTRING (144.9596723 -37.8186956, 144.9595701 -37.8187522)"
6696357506,6696357507,,footway,10.071714345684153,"LINESTRING (144.9595701 -37.8187522, 144.9594768 -37.8188047)"
6696357504,9561515021,,footway,4.727707642888206,"LINESTRING (144.9597507 -37.8186544, 144.9597294 -37.8186153)"
9561515021,6696357508,,footway,0.7778651186738875,"LINESTRING (144.9597294 -37.8186153, 144.9597258 -37.8186089)"
6696357508,9561515024,,footway,1.360937783542704,"LINESTRING (144.9597258 -37.8186089, 144.9597198 -37.8185976)"
9561515024,7913379012,,footway,1.0335035262939134,"LINESTRING (144.9597198 -37.8185976, 144.9597153 -37.818589)"
7913379012,2189158028,,footway,4.788059945667137,"LINESTRING (144.9597153 -37.818589, 144.9596959 -37.8185487)"
2189158028,8955976535,,footway,6.784807508850847,"LINESTRING (144.9596959 -37.8185487, 144.9596694 -37.8184913)"
8955976535,6696357509,,footway,4.668440768233438,"LINESTRING (144.9596694 -37.8184913, 144.9596534 -37.8184512)"
6696357509,6696357510,,footway,6.6505770379715585,"LINESTRING (144.9596534 -37.8184512, 144.9595982 -37.8184921)"
6696357510,7088275791,,footway,1.5060011063055687,"LINESTRING (144.9595982 -37.8184921, 144.9595854 -37.8185011)"
7088275791,7913379013,,footway,4.717967383291079,"LINESTRING (144.9595854 -37.8185011, 144.9595467 -37.8185305)"
7913379013,6696357511,,footway,8.573665301583562,"LINESTRING (144.9595467 -37.8185305, 144.9594739 -37.8185818)"
6696357511,6696357512,,footway,8.919940051457905,"LINESTRING (144.9594739 -37.8185818, 144.9593991 -37.818636)"
6696357509,6696357513,,footway,87.01879024452086,"LINESTRING (144.9596534 -37.8184512, 144.9593248 -37.8177118)"
6696357513,6696357514,,footway,10.297027258000185,"LINESTRING (144.9593248 -37.8177118, 144.9592874 -37.8176239)"
6696357514,13264327241,,footway,1.5729211667079748,"LINESTRING (144.9592874 -37.8176239, 144.9592809 -37.8176107)"
13264327241,7048272389,,footway,1.7297544777358702,"LINESTRING (144.9592809 -37.8176107, 144.9592737 -37.8175962)"
7048272389,7048272403,,footway,3.2174846030780295,"LINESTRING (144.9592737 -37.8175962, 144.9592604 -37.8175692)"
7048272403,13264327239,,footway,1.753635550988183,"LINESTRING (144.9592604 -37.8175692, 144.9592531 -37.8175545)"
13264327239,6696357515,,footway,1.9072517383995404,"LINESTRING (144.9592531 -37.8175545, 144.9592452 -37.8175385)"
6696357515,6696357516,,footway,5.705036144986843,"LINESTRING (144.9592452 -37.8175385, 144.9592153 -37.8174929)"
6696357494,11182312634,,footway,71.51992671121404,"LINESTRING (144.9589255 -37.8175752, 144.9581619 -37.8177949)"
11182312634,6167191178,,footway,26.825260851423014,"LINESTRING (144.9581619 -37.8177949, 144.9578754 -37.8178771)"
6167191178,6407789996,,footway,107.60764836729209,"LINESTRING (144.9578754 -37.8178771, 144.9567238 -37.8182017)"
6407789996,13860482302,,footway,1.9720997143826566,"LINESTRING (144.9567238 -37.8182017, 144.9567022 -37.818197)"
6696357516,7620884650,,footway,2.1220210777037796,"LINESTRING (144.9592153 -37.8174929, 144.9591912 -37.8174928)"
7620884650,6167191174,,footway,4.7605968311259526,"LINESTRING (144.9591912 -37.8174928, 144.9591405 -37.8175077)"
6167191174,6167191175,,footway,5.9382363350344525,"LINESTRING (144.9591405 -37.8175077, 144.9590769 -37.8175255)"
6167191175,6167191176,,footway,3.2782683738402643,"LINESTRING (144.9590769 -37.8175255, 144.9590421 -37.817536)"
6167191176,6167191177,,footway,4.537637965723589,"LINESTRING (144.9590421 -37.817536, 144.9589935 -37.8175496)"
6167191177,6696357517,,footway,4.371426728200877,"LINESTRING (144.9589935 -37.8175496, 144.958947 -37.8175634)"
6696357517,6696357494,,footway,2.301963210570328,"LINESTRING (144.958947 -37.8175634, 144.9589255 -37.8175752)"
6696357513,13707148631,,footway,44.088417089355886,"LINESTRING (144.9593248 -37.8177118, 144.959792 -37.8175689)"
13707148631,13707148627,,footway,25.197062608803414,"LINESTRING (144.959792 -37.8175689, 144.9600588 -37.8174868)"
13707148627,6721913990,,footway,4.2651651523381755,"LINESTRING (144.9600588 -37.8174868, 144.9601042 -37.8174734)"
6721913990,6167191724,,footway,10.660411329985669,"LINESTRING (144.9601042 -37.8174734, 144.9602184 -37.8174415)"
6167191724,9561515048,,footway,5.4584839570675685,"LINESTRING (144.9602184 -37.8174415, 144.9602768 -37.817425)"
9561515048,6167191725,,footway,3.231156501777734,"LINESTRING (144.9602768 -37.817425, 144.9603114 -37.8174153)"
6167191725,6721913989,,footway,6.882357031545642,"LINESTRING (144.9603114 -37.8174153, 144.9603849 -37.8173942)"
6721913989,6167489483,,footway,103.90038832559858,"LINESTRING (144.9603849 -37.8173942, 144.9614947 -37.8170761)"
6696357497,3394725163,,footway,6.877839424306106,"LINESTRING (144.9590188 -37.817801, 144.9590922 -37.8177798)"
3394725163,6167191721,,footway,5.091525742101938,"LINESTRING (144.9590922 -37.8177798, 144.9591463 -37.8177636)"
6167191721,6167191722,,footway,3.3584783166904892,"LINESTRING (144.9591463 -37.8177636, 144.9591823 -37.8177536)"
6167191722,6167191723,,footway,5.2619366741380915,"LINESTRING (144.9591823 -37.8177536, 144.9592386 -37.8177377)"
6167191723,6696357513,,footway,8.116011061565109,"LINESTRING (144.9592386 -37.8177377, 144.9593248 -37.8177118)"
6696357516,6696357518,,footway,98.66971406903711,"LINESTRING (144.9592153 -37.8174929, 144.958827 -37.816659)"
6696357518,6430275320,,footway,8.074298816197764,"LINESTRING (144.958827 -37.816659, 144.9587416 -37.8166855)"
6430275320,7088275790,,footway,4.176933721483958,"LINESTRING (144.9587416 -37.8166855, 144.9586969 -37.8166981)"
7088275790,7913379009,,footway,2.9766067081676044,"LINESTRING (144.9586969 -37.8166981, 144.9586651 -37.8167072)"
7913379009,6696357519,,footway,3.7659064828719657,"LINESTRING (144.9586651 -37.8167072, 144.958625 -37.816719)"
6696357519,6696357520,,footway,7.680966339683002,"LINESTRING (144.958625 -37.816719, 144.9585401 -37.8167349)"
6696357518,6696357521,,footway,5.155788449471684,"LINESTRING (144.958827 -37.816659, 144.9588068 -37.8166154)"
6696357521,6696357523,,footway,5.685380979782629,"LINESTRING (144.9588068 -37.8166154, 144.9587853 -37.8165671)"
6696357523,13660681377,,footway,4.141208578346651,"LINESTRING (144.9587853 -37.8165671, 144.9587607 -37.8165353)"
13660681377,6696357522,,footway,36.95971206495602,"LINESTRING (144.9587607 -37.8165353, 144.9586171 -37.8162224)"
6696357522,6933072622,,footway,31.771288301986743,"LINESTRING (144.9586171 -37.8162224, 144.9584934 -37.8159535)"
6933072622,6696357490,,footway,23.644819906846422,"LINESTRING (144.9584934 -37.8159535, 144.9583999 -37.8157538)"
6696357523,6696357524,,footway,8.302114443528525,"LINESTRING (144.9587853 -37.8165671, 144.958692 -37.8165779)"
6696357524,7088275789,,footway,4.1189647123395305,"LINESTRING (144.958692 -37.8165779, 144.9586457 -37.8165832)"
7088275789,7913379010,,footway,3.292644443181429,"LINESTRING (144.9586457 -37.8165832, 144.9586087 -37.8165875)"
7913379010,6430275318,,footway,3.714626217193483,"LINESTRING (144.9586087 -37.8165875, 144.9585668 -37.8165914)"
6430275318,6696357525,,footway,7.63272481734336,"LINESTRING (144.9585668 -37.8165914, 144.9584814 -37.8166032)"
6522457700,6167236644,,footway,3.481363155847846,"LINESTRING (144.957394 -37.8135602, 144.9573567 -37.8135706)"
6167236644,6167236643,,footway,5.9545955892486635,"LINESTRING (144.9573567 -37.8135706, 144.9572938 -37.8135903)"
6167236643,6167236642,,footway,3.262193759306323,"LINESTRING (144.9572938 -37.8135903, 144.9572596 -37.8136016)"
6167236642,6167236641,,footway,5.994122501380516,"LINESTRING (144.9572596 -37.8136016, 144.9571952 -37.8136191)"
6167236641,7961383814,,footway,5.043825252225048,"LINESTRING (144.9571952 -37.8136191, 144.9571414 -37.8136347)"
7961383814,6696335583,,footway,2.493291513455988,"LINESTRING (144.9571414 -37.8136347, 144.9571148 -37.8136424)"
6522457700,6522457699,,footway,6.865321306781853,"LINESTRING (144.957394 -37.8135602, 144.9574204 -37.8136184)"
6522457699,6522457702,,footway,11.351230210244895,"LINESTRING (144.9574204 -37.8136184, 144.9574638 -37.8137147)"
6522457702,6522457701,,footway,9.410356571960808,"LINESTRING (144.9574638 -37.8137147, 144.9574999 -37.8137945)"
6522457701,6167231030,,footway,100.31635079839924,"LINESTRING (144.9574999 -37.8137945, 144.9585706 -37.8134857)"
6167231030,6167231031,,footway,83.56509090643326,"LINESTRING (144.9585706 -37.8134857, 144.959461 -37.8132252)"
6167231031,6167489443,,footway,21.91816052204789,"LINESTRING (144.959461 -37.8132252, 144.9596938 -37.8131553)"
6522457701,13135520192,,footway,4.476956746828862,"LINESTRING (144.9574999 -37.8137945, 144.9575173 -37.8138324)"
6696335583,6167236640,,footway,101.983740199634,"LINESTRING (144.9571148 -37.8136424, 144.9560267 -37.8139572)"
6167236640,9765780333,,footway,5.55205299168578,"LINESTRING (144.9560267 -37.8139572, 144.9559674 -37.8139742)"
9765780333,6913920119,,footway,97.21157408474099,"LINESTRING (144.9559674 -37.8139742, 144.9549289 -37.8142714)"
6696357486,6696357530,,footway,3.565764942696879,"LINESTRING (144.9572249 -37.8138708, 144.9572633 -37.8138606)"
6696357530,3394725585,,footway,3.5741162083787543,"LINESTRING (144.9572633 -37.8138606, 144.9573018 -37.8138504)"
3394725585,6167231027,,footway,6.009503482539402,"LINESTRING (144.9573018 -37.8138504, 144.957367 -37.8138344)"
6167231027,6167231028,,footway,3.255009240592349,"LINESTRING (144.957367 -37.8138344, 144.9574021 -37.8138252)"
6167231028,6167231029,,footway,5.9551900421255315,"LINESTRING (144.9574021 -37.8138252, 144.9574646 -37.8138047)"
6167231029,6522457701,,footway,3.308059470390518,"LINESTRING (144.9574646 -37.8138047, 144.9574999 -37.8137945)"
6696357531,8178852154,,footway,2.3574653989686545,"LINESTRING (144.956702 -37.812734, 144.956727 -37.8127264)"
8178852154,6696357532,,footway,4.747555369371655,"LINESTRING (144.956727 -37.8127264, 144.9567773 -37.812711)"
6696357532,8633989587,,footway,3.9740218200802104,"LINESTRING (144.9567773 -37.812711, 144.9568194 -37.8126981)"
8633989587,7913379005,,footway,1.9604920155845071,"LINESTRING (144.9568194 -37.8126981, 144.9568402 -37.8126918)"
7913379005,7088275786,,footway,3.245560774360415,"LINESTRING (144.9568402 -37.8126918, 144.9568746 -37.8126813)"
7088275786,8633989588,,footway,1.7067105751033573,"LINESTRING (144.9568746 -37.8126813, 144.9568927 -37.8126758)"
8633989588,6696357533,,footway,4.21137021970474,"LINESTRING (144.9568927 -37.8126758, 144.9569373 -37.8126621)"
6696357533,6696357534,,footway,4.9783705549011525,"LINESTRING (144.9569373 -37.8126621, 144.9569904 -37.8126467)"
6696357535,8178852152,,footway,2.5826053699120157,"LINESTRING (144.9567438 -37.8128303, 144.9567712 -37.812822)"
8178852152,6696357536,,footway,4.670999160584161,"LINESTRING (144.9567712 -37.812822, 144.9568214 -37.8128084)"
6696357536,7913379006,,footway,5.995787026280586,"LINESTRING (144.9568214 -37.8128084, 144.9568856 -37.8127904)"
7913379006,7088275785,,footway,3.251646343335077,"LINESTRING (144.9568856 -37.8127904, 144.9569204 -37.8127806)"
7088275785,6696357537,,footway,5.95058038010675,"LINESTRING (144.9569204 -37.8127806, 144.9569841 -37.8127627)"
6696357537,6696357538,,footway,4.111619775740585,"LINESTRING (144.9569841 -37.8127627, 144.9570281 -37.8127503)"
594179870,6721914028,,footway,2.3660663656992407,"LINESTRING (144.9651046 -37.8169607, 144.9651139 -37.8169807)"
597547728,12482688128,,footway,8.470619694297762,"LINESTRING (144.9639812 -37.815628, 144.9640716 -37.8156019)"
12482688128,597547732,,footway,33.9381595789486,"LINESTRING (144.9640716 -37.8156019, 144.9644329 -37.8154954)"
597547732,597547733,,footway,10.339993489793972,"LINESTRING (144.9644329 -37.8154954, 144.964543 -37.815463)"
597547733,13780588528,,footway,21.397219966461478,"LINESTRING (144.964543 -37.815463, 144.9646224 -37.8156452)"
13780588528,12482688130,,footway,4.967056355659128,"LINESTRING (144.9646224 -37.8156452, 144.9646197 -37.8156899)"
12482688130,12482688129,,footway,8.543113265108934,"LINESTRING (144.9646197 -37.8156899, 144.964654 -37.8157619)"
12482688129,2020832914,,footway,13.840802746744014,"LINESTRING (144.964654 -37.8157619, 144.9647052 -37.8158798)"
2020832914,6167441075,Block Arcade,footway,2.4962338373593043,"LINESTRING (144.9647052 -37.8158798, 144.9647143 -37.8159011)"
3132496570,6722119700,Royal Arcade,footway,0.8766146941857399,"LINESTRING (144.9642969 -37.8149835, 144.9643007 -37.8149908)"
598401524,598405143,Royal Arcade,footway,49.164158273104675,"LINESTRING (144.9639219 -37.8141612, 144.9641154 -37.8145767)"
598405143,13796245108,Royal Arcade,footway,14.250306506256797,"LINESTRING (144.9641154 -37.8145767, 144.9641716 -37.8146971)"
13796245108,598401462,Royal Arcade,footway,1.545853273370129,"LINESTRING (144.9641716 -37.8146971, 144.9641772 -37.8147103)"
598401462,3132496574,Royal Arcade,footway,12.073300449013956,"LINESTRING (144.9641772 -37.8147103, 144.9642231 -37.8148128)"
3132496574,3132496570,Royal Arcade,footway,20.029830797564742,"LINESTRING (144.9642231 -37.8148128, 144.9642969 -37.8149835)"
598405144,598405143,Royal Arcade,footway,50.88807486785845,"LINESTRING (144.9635739 -37.8147369, 144.9641154 -37.8145767)"
6696274732,6696274733,,footway,5.690460198693847,"LINESTRING (144.9646359 -37.813729, 144.9646157 -37.8136803)"
6696274734,6722197784,,footway,1.2053963435513249,"LINESTRING (144.964244 -37.8128633, 144.9642393 -37.8128531)"
6696274736,6696274739,,footway,5.758709249735846,"LINESTRING (144.964178 -37.8138629, 144.9641565 -37.8138139)"
6722209686,6696274738,,footway,4.217637194452362,"LINESTRING (144.9637968 -37.8129805, 144.9637811 -37.8129446)"
6696274738,6696274742,,footway,5.1711607438130995,"LINESTRING (144.9637811 -37.8129446, 144.9637604 -37.812901)"
6696274742,6696274743,,footway,6.365085279078061,"LINESTRING (144.9637604 -37.812901, 144.9636927 -37.8129211)"
6696274743,13794345655,,footway,3.169742211673258,"LINESTRING (144.9636927 -37.8129211, 144.9636796 -37.8128945)"
6722209691,13794345654,,footway,3.4628385771729673,"LINESTRING (144.9643211 -37.8127426, 144.9643083 -37.8127131)"
6167344493,6167289302,,footway,2.7690741741786473,"LINESTRING (144.9663936 -37.8087126, 144.9664243 -37.8087072)"
6167289302,6167289303,,footway,124.79491665167845,"LINESTRING (144.9664243 -37.8087072, 144.9677524 -37.8083149)"
6167289303,6167289304,,footway,77.64640254897334,"LINESTRING (144.9677524 -37.8083149, 144.9685815 -37.8080768)"
6167344489,8552288757,,footway,96.11657069397288,"LINESTRING (144.9660998 -37.8087997, 144.9657239 -37.8079867)"
6167344489,6167289300,,footway,7.986567961026147,"LINESTRING (144.9660998 -37.8087997, 144.9661834 -37.8087718)"
6167289300,6167289301,,footway,13.312554438703623,"LINESTRING (144.9661834 -37.8087718, 144.9663227 -37.8087252)"
6167289301,6167344493,,footway,6.3981414944459285,"LINESTRING (144.9663227 -37.8087252, 144.9663936 -37.8087126)"
2841675054,6167344486,,footway,6.066491563174607,"LINESTRING (144.9661817 -37.8089669, 144.9661566 -37.808916)"
6167344486,6167344487,,footway,3.0779635705179342,"LINESTRING (144.9661566 -37.808916, 144.9661459 -37.8088896)"
6167344487,6167344488,,footway,5.676249911453565,"LINESTRING (144.9661459 -37.8088896, 144.9661217 -37.8088422)"
6167344488,6167344489,,footway,5.096159474448693,"LINESTRING (144.9661217 -37.8088422, 144.9660998 -37.8087997)"
6167344384,2841675054,,footway,7.689811715295318,"LINESTRING (144.9662126 -37.8090317, 144.9661817 -37.8089669)"
6167344384,12482689597,,footway,121.24553078138851,"LINESTRING (144.9662126 -37.8090317, 144.9649159 -37.809399)"
12482689597,6167266648,,footway,35.0996924616856,"LINESTRING (144.9649159 -37.809399, 144.9645405 -37.8095053)"
6167344498,6167289317,,footway,6.389134991220289,"LINESTRING (144.9665017 -37.8089463, 144.9664333 -37.8089655)"
6167289317,6167289316,,footway,13.203675277311923,"LINESTRING (144.9664333 -37.8089655, 144.9662934 -37.8090083)"
6167289316,6167344384,,footway,7.574396964769564,"LINESTRING (144.9662934 -37.8090083, 144.9662126 -37.8090317)"
6721913560,6721913561,,footway,26.642413065780453,"LINESTRING (144.9547399 -37.8199884, 144.9550247 -37.8199073)"
6721913561,7648255681,,footway,19.58575513435909,"LINESTRING (144.9550247 -37.8199073, 144.9552343 -37.8198482)"
7648255681,6721913562,,footway,113.7974122207584,"LINESTRING (144.9552343 -37.8198482, 144.9564522 -37.819505)"
6721913562,6721913563,,footway,45.81551918406688,"LINESTRING (144.9564522 -37.819505, 144.9569407 -37.8193628)"
6721913563,6721913564,,footway,5.65211332807638,"LINESTRING (144.9569407 -37.8193628, 144.9570013 -37.819346)"
6721913564,6721913565,,footway,13.659777375938521,"LINESTRING (144.9570013 -37.819346, 144.9571478 -37.8193055)"
6721913565,6407789672,,footway,7.442053155183433,"LINESTRING (144.9571478 -37.8193055, 144.9572276 -37.8192834)"
6407789672,6721913566,,footway,26.54181882933048,"LINESTRING (144.9572276 -37.8192834, 144.9575115 -37.819203)"
6721913566,13712915296,,footway,55.460776390900136,"LINESTRING (144.9575115 -37.819203, 144.9581035 -37.8190323)"
13712915296,13327907561,,footway,22.07062946978745,"LINESTRING (144.9581035 -37.8190323, 144.9583391 -37.8189644)"
13327907561,6913920111,,footway,6.943254829058686,"LINESTRING (144.9583391 -37.8189644, 144.9584132 -37.818943)"
6913920111,6721913568,,footway,47.29712660510457,"LINESTRING (144.9584132 -37.818943, 144.958918 -37.8187973)"
6721913568,6721913569,,footway,43.48495652431561,"LINESTRING (144.958918 -37.8187973, 144.9593781 -37.8186549)"
6721913569,6696357512,,footway,2.796327420704276,"LINESTRING (144.9593781 -37.8186549, 144.9593991 -37.818636)"
6696357512,8955976464,,footway,5.230517873121476,"LINESTRING (144.9593991 -37.818636, 144.9594245 -37.8186786)"
8955976464,2182436439,,footway,5.8846350581977,"LINESTRING (144.9594245 -37.8186786, 144.959446 -37.8187288)"
2182436439,6696357507,,footway,8.850081682456677,"LINESTRING (144.959446 -37.8187288, 144.9594768 -37.8188047)"
6696357507,6696357499,,footway,86.19656192560886,"LINESTRING (144.9594768 -37.8188047, 144.9598197 -37.8195321)"
6696357504,6721913570,,footway,32.84808815291176,"LINESTRING (144.9597507 -37.8186544, 144.9601016 -37.8185539)"
6721913570,6721913571,,footway,40.09149721733343,"LINESTRING (144.9601016 -37.8185539, 144.9605271 -37.8184253)"
6721913572,8955976493,,footway,6.647580658970003,"LINESTRING (144.9605479 -37.8184747, 144.9606187 -37.8184539)"
8955976493,7913379014,,footway,3.397556526535079,"LINESTRING (144.9606187 -37.8184539, 144.9606549 -37.8184433)"
7913379014,2189158025,,footway,5.055755410333577,"LINESTRING (144.9606549 -37.8184433, 144.9607095 -37.8184292)"
2189158025,6721913574,,footway,4.239608497418592,"LINESTRING (144.9607095 -37.8184292, 144.9607542 -37.818415)"
6721913574,6721913575,,footway,7.174274141138805,"LINESTRING (144.9607542 -37.818415, 144.9608316 -37.8183948)"
6721913575,6721913582,,footway,48.123523179730995,"LINESTRING (144.9608316 -37.8183948, 144.961009 -37.8188049)"
6721913582,6721913583,,footway,38.71113818869437,"LINESTRING (144.961009 -37.8188049, 144.961156 -37.8191336)"
6721913583,8955976536,,footway,2.872177258979344,"LINESTRING (144.961156 -37.8191336, 144.9611665 -37.8191581)"
8955976536,6167247291,,footway,3.637437991909343,"LINESTRING (144.9611665 -37.8191581, 144.961206 -37.8191485)"
6167247291,7913378938,,footway,20.323071428414107,"LINESTRING (144.961206 -37.8191485, 144.9614235 -37.8190872)"
7913378938,8520770217,,footway,36.86818732858134,"LINESTRING (144.9614235 -37.8190872, 144.9618178 -37.8189754)"
8520770217,6167247292,,footway,3.471302809355561,"LINESTRING (144.9618178 -37.8189754, 144.9618548 -37.8189646)"
6167247292,6167489491,,footway,41.92209566465484,"LINESTRING (144.9618548 -37.8189646, 144.9622987 -37.818828)"
6721913571,6721913572,,footway,5.7808098397671674,"LINESTRING (144.9605271 -37.8184253, 144.9605479 -37.8184747)"
6721913572,6933053520,,footway,39.73609904682,"LINESTRING (144.9605479 -37.8184747, 144.9607177 -37.8188064)"
6933053520,6721913584,,footway,46.705498038673205,"LINESTRING (144.9607177 -37.8188064, 144.9608773 -37.8192077)"
6721913584,6167247288,,footway,6.8239065960231695,"LINESTRING (144.9608773 -37.8192077, 144.9609505 -37.8191875)"
6167247288,12514091461,,footway,2.272655910723034,"LINESTRING (144.9609505 -37.8191875, 144.9609751 -37.8191813)"
12514091461,6167247289,,footway,3.769857534479329,"LINESTRING (144.9609751 -37.8191813, 144.9610159 -37.819171)"
6167247289,591415025,,footway,1.24926519268049,"LINESTRING (144.9610159 -37.819171, 144.9610293 -37.8191673)"
591415025,6167247290,,footway,2.301192884532068,"LINESTRING (144.9610293 -37.8191673, 144.9610542 -37.819161)"
6167247290,9561515030,,footway,3.619155248669124,"LINESTRING (144.9610542 -37.819161, 144.9610932 -37.8191507)"
9561515030,6721913583,,footway,5.8460534448880335,"LINESTRING (144.9610932 -37.8191507, 144.961156 -37.8191336)"
589499483,589473175,,footway,5.2721410230091506,"LINESTRING (144.9609971 -37.8194604, 144.9609772 -37.8194156)"
589473175,6721913986,,footway,5.81269948852065,"LINESTRING (144.9609772 -37.8194156, 144.9609539 -37.8193666)"
6721913986,6721913985,,footway,3.459496563973869,"LINESTRING (144.9609539 -37.8193666, 144.9609395 -37.8193376)"
6721913985,591415229,,footway,6.400332319179019,"LINESTRING (144.9609395 -37.8193376, 144.960914 -37.8192836)"
591415229,6721913584,,footway,9.022812187090413,"LINESTRING (144.960914 -37.8192836, 144.9608773 -37.8192077)"
6721913575,6721913996,,footway,8.942698089581299,"LINESTRING (144.9608316 -37.8183948, 144.9608005 -37.8183181)"
6721913988,11031479456,,footway,47.21031542792016,"LINESTRING (144.9607616 -37.8182377, 144.9605828 -37.8178367)"
11031479456,6933053558,,footway,12.952011364424918,"LINESTRING (144.9605828 -37.8178367, 144.9605337 -37.8177267)"
6933053558,6721913989,,footway,39.1617126201685,"LINESTRING (144.9605337 -37.8177267, 144.9603849 -37.8173942)"
6721913990,2180785613,,footway,8.956819924832438,"LINESTRING (144.9601042 -37.8174734, 144.96007 -37.8173974)"
2180785613,13264327237,,footway,1.591755588542192,"LINESTRING (144.96007 -37.8173974, 144.9600639 -37.8173839)"
13264327237,7048272390,,footway,1.7558603143878386,"LINESTRING (144.9600639 -37.8173839, 144.9600572 -37.817369)"
7048272390,7048272404,,footway,3.302852088347134,"LINESTRING (144.9600572 -37.817369, 144.9600445 -37.817341)"
7048272404,13264327235,,footway,1.827461382077532,"LINESTRING (144.9600445 -37.817341, 144.9600375 -37.8173255)"
13264327235,6721913991,,footway,1.7558604759666536,"LINESTRING (144.9600375 -37.8173255, 144.9600308 -37.8173106)"
6721913991,6721913992,,footway,4.669348554585822,"LINESTRING (144.9600308 -37.8173106, 144.9600129 -37.817271)"
6721913988,6721913993,,footway,24.285379332552,"LINESTRING (144.9607616 -37.8182377, 144.9610208 -37.8181629)"
6721913993,6721913994,,footway,29.262899979644093,"LINESTRING (144.9610208 -37.8181629, 144.961334 -37.8180747)"
6721913994,6721913995,,footway,22.118485306214705,"LINESTRING (144.961334 -37.8180747, 144.9615699 -37.8180062)"
6721913995,6167489484,,footway,28.75586357646245,"LINESTRING (144.9615699 -37.8180062, 144.9618773 -37.8179187)"
6721913996,6721913997,,footway,63.90481868660015,"LINESTRING (144.9608005 -37.8183181, 144.9614781 -37.8181118)"
6721913997,6721913998,,footway,38.115525912624044,"LINESTRING (144.9614781 -37.8181118, 144.9618894 -37.8180047)"
6721913998,6167489490,,footway,3.4418095595910874,"LINESTRING (144.9618894 -37.8180047, 144.9619272 -37.8180126)"
6721913996,6721913987,,footway,5.198561509002131,"LINESTRING (144.9608005 -37.8183181, 144.9607783 -37.8182747)"
6167489493,6721914007,,footway,28.246450602720596,"LINESTRING (144.9622194 -37.8179264, 144.9625188 -37.817835)"
6721914007,6721914000,,footway,9.019277752711574,"LINESTRING (144.9625188 -37.817835, 144.962605 -37.8177911)"
6721914000,6721914001,,footway,67.0482568861061,"LINESTRING (144.962605 -37.8177911, 144.9633181 -37.8175792)"
6721914001,6721914002,,footway,48.63569414716905,"LINESTRING (144.9633181 -37.8175792, 144.9638349 -37.8174245)"
6721914002,6721914003,,footway,27.728482399368623,"LINESTRING (144.9638349 -37.8174245, 144.9641302 -37.8173377)"
6721914003,13827254563,,footway,5.347266444432263,"LINESTRING (144.9641302 -37.8173377, 144.96419 -37.8173293)"
13827254563,6721914004,,footway,19.90025106702382,"LINESTRING (144.96419 -37.8173293, 144.9644016 -37.8172663)"
6167489485,6721914008,,footway,22.047191823645424,"LINESTRING (144.9621688 -37.8178279, 144.9624084 -37.8177702)"
6721914008,6721914009,,footway,70.9314675212227,"LINESTRING (144.9624084 -37.8177702, 144.9631641 -37.8175488)"
6721914009,11133262902,,footway,47.758203605057055,"LINESTRING (144.9631641 -37.8175488, 144.9636735 -37.817401)"
11133262902,6721914010,,footway,12.548621319735036,"LINESTRING (144.9636735 -37.817401, 144.9638075 -37.8173625)"
6721914010,6721914011,,footway,32.27194288159319,"LINESTRING (144.9638075 -37.8173625, 144.9641503 -37.8172596)"
6721914011,13827254562,,footway,3.5698793640664133,"LINESTRING (144.9641503 -37.8172596, 144.9641809 -37.8172385)"
13827254562,6721914012,,footway,16.914738266361603,"LINESTRING (144.9641809 -37.8172385, 144.9643603 -37.817184)"
6721914012,6721914013,,footway,6.732660750114262,"LINESTRING (144.9643603 -37.817184, 144.9644324 -37.8171638)"
6721914013,7913379030,,footway,4.149864732998782,"LINESTRING (144.9644324 -37.8171638, 144.9644764 -37.8171504)"
7913379030,7913379031,,footway,1.170450243255043,"LINESTRING (144.9644764 -37.8171504, 144.9644888 -37.8171466)"
7913379031,7913379032,,footway,1.2523949551803684,"LINESTRING (144.9644888 -37.8171466, 144.9645021 -37.8171426)"
7913379032,7913379029,,footway,1.244165773565148,"LINESTRING (144.9645021 -37.8171426, 144.9645153 -37.8171386)"
7913379029,6721914014,,footway,4.3421226362033005,"LINESTRING (144.9645153 -37.8171386, 144.9645613 -37.8171245)"
6721914014,6721914015,,footway,6.540098179801895,"LINESTRING (144.9645613 -37.8171245, 144.9646307 -37.8171035)"
6721914004,6721914016,,footway,6.015138875712747,"LINESTRING (144.9644016 -37.8172663, 144.9644697 -37.817262)"
6721914016,7913379036,,footway,4.811290705404352,"LINESTRING (144.9644697 -37.817262, 144.9645215 -37.8172482)"
7913379036,7913379035,,footway,0.21690643381435734,"LINESTRING (144.9645215 -37.8172482, 144.9645238 -37.8172475)"
7913379035,7913379034,,footway,2.924896197252307,"LINESTRING (144.9645238 -37.8172475, 144.9645552 -37.8172389)"
7913379034,7913379033,,footway,0.34417174813961215,"LINESTRING (144.9645552 -37.8172389, 144.9645589 -37.8172379)"
7913379033,6721914017,,footway,4.612715205098688,"LINESTRING (144.9645589 -37.8172379, 144.9646087 -37.817225)"
6721914017,6721914018,,footway,6.569351707991746,"LINESTRING (144.9646087 -37.817225, 144.9646791 -37.8172054)"
6721914004,6167247326,,footway,4.229998846429371,"LINESTRING (144.9644016 -37.8172663, 144.9643823 -37.8172314)"
6721914012,13827254564,,footway,3.429951191368751,"LINESTRING (144.9643603 -37.817184, 144.9643598 -37.8171531)"
13827254564,6167247327,,footway,95.57231945318065,"LINESTRING (144.9643598 -37.8171531, 144.9639912 -37.8163432)"
6721914018,6167247330,,footway,96.25348936084426,"LINESTRING (144.9646791 -37.8172054, 144.9650544 -37.8180199)"
6167247329,10901587509,,footway,3.936589110767608,"LINESTRING (144.9646528 -37.8171521, 144.9646695 -37.817185)"
10901587509,6721914018,,footway,2.4168795367942852,"LINESTRING (144.9646695 -37.817185, 144.9646791 -37.8172054)"
10901587509,8956411047,,footway,1.5760458463609572,"LINESTRING (144.9646695 -37.817185, 144.9646863 -37.8171801)"
8956411047,6721914019,,footway,39.07745944504602,"LINESTRING (144.9646863 -37.8171801, 144.9651028 -37.8170585)"
6721914019,6721914020,,footway,17.704795421603595,"LINESTRING (144.9651028 -37.8170585, 144.9652915 -37.8170034)"
6721914020,6721914021,,footway,28.728892131022633,"LINESTRING (144.9652915 -37.8170034, 144.9655977 -37.816914)"
6721914021,13789082469,,footway,6.512826549008091,"LINESTRING (144.9655977 -37.816914, 144.9656671 -37.8168937)"
13789082469,6721914022,,footway,48.65664953060134,"LINESTRING (144.9656671 -37.8168937, 144.9661857 -37.8167423)"
6721914022,6721914023,,footway,12.223636145884614,"LINESTRING (144.9661857 -37.8167423, 144.966316 -37.8167043)"
6721914023,6721914024,,footway,11.691303692310646,"LINESTRING (144.966316 -37.8167043, 144.9664406 -37.8166679)"
6721914024,6721914025,,footway,12.464732937319594,"LINESTRING (144.9664406 -37.8166679, 144.9665734 -37.816629)"
6721914027,114583519,,footway,10.832289732121053,"LINESTRING (144.9665813 -37.8166451, 144.9666251 -37.8167363)"
114583519,13734015872,,footway,25.23084628089687,"LINESTRING (144.9666251 -37.8167363, 144.9668943 -37.8166584)"
6721914025,6721914026,,footway,28.20280025138911,"LINESTRING (144.9665734 -37.816629, 144.9668748 -37.816543)"
6721914025,6721914027,Cathedral Arcade,footway,1.917588182502302,"LINESTRING (144.9665734 -37.816629, 144.9665813 -37.8166451)"
6721914015,8956411048,,footway,3.613036037320277,"LINESTRING (144.9646307 -37.8171035, 144.9646706 -37.8171111)"
8956411048,6721914028,,footway,41.62948562524227,"LINESTRING (144.9646706 -37.8171111, 144.9651139 -37.8169807)"
6721914028,6721914029,,footway,28.679384652648324,"LINESTRING (144.9651139 -37.8169807, 144.9654201 -37.8168926)"
6721914029,6721914030,,footway,20.462222766923446,"LINESTRING (144.9654201 -37.8168926, 144.9656379 -37.8168283)"
6721914030,6721914031,,footway,27.592998759097167,"LINESTRING (144.9656379 -37.8168283, 144.9659323 -37.8167431)"
6721914031,6721914032,,footway,25.18162113037492,"LINESTRING (144.9659323 -37.8167431, 144.9662003 -37.8166639)"
6721914032,6721914033,,footway,38.12901315074272,"LINESTRING (144.9662003 -37.8166639, 144.9666053 -37.8165423)"
6721914033,6721914034,,footway,22.470294333343634,"LINESTRING (144.9666053 -37.8165423, 144.9668441 -37.8164709)"
10901587526,10901587519,,footway,4.707253699546433,"LINESTRING (144.9668751 -37.8164386, 144.9669252 -37.8164238)"
10901587519,10901587515,,footway,1.5768434314353719,"LINESTRING (144.9669252 -37.8164238, 144.9669421 -37.8164191)"
10901587515,10901587516,,footway,0.1514173558694955,"LINESTRING (144.9669421 -37.8164191, 144.9669437 -37.8164186)"
10901587516,6721914036,,footway,1.9532981322680834,"LINESTRING (144.9669437 -37.8164186, 144.9669646 -37.8164127)"
6721914036,10901587517,,footway,1.556560123073602,"LINESTRING (144.9669646 -37.8164127, 144.9669813 -37.8164081)"
10901587517,10901587518,,footway,1.9674327940269378,"LINESTRING (144.9669813 -37.8164081, 144.9670025 -37.8164025)"
10901587518,10901587527,,footway,3.463139752214898,"LINESTRING (144.9670025 -37.8164025, 144.9670394 -37.8163917)"
10901587529,6167266606,,footway,1.7892414615499506,"LINESTRING (144.9668657 -37.8165218, 144.9668593 -37.8165065)"
6167266606,10901587528,,footway,2.5411106797597838,"LINESTRING (144.9668593 -37.8165065, 144.9668501 -37.8164848)"
6800617660,12639925785,,footway,4.009301468638384,"LINESTRING (144.96636 -37.81542, 144.9663584 -37.8153839)"
12639925785,8552288748,,footway,9.703383140237694,"LINESTRING (144.9663584 -37.8153839, 144.9663223 -37.8153013)"
8552288748,2699707720,,footway,19.7464164313246,"LINESTRING (144.9663223 -37.8153013, 144.9662443 -37.8151345)"
2699707720,8552288750,,footway,19.641804931897163,"LINESTRING (144.9662443 -37.8151345, 144.9661705 -37.8149675)"
8552288750,6722119693,,footway,44.52302400078793,"LINESTRING (144.9661705 -37.8149675, 144.9660002 -37.8145898)"
6722119693,10901565084,,footway,3.701160380658378,"LINESTRING (144.9660002 -37.8145898, 144.9659616 -37.8145766)"
10901565084,10901565087,,footway,2.5540216058608984,"LINESTRING (144.9659616 -37.8145766, 144.9659516 -37.814555)"
6721914039,7913341873,,footway,6.200456925441459,"LINESTRING (144.9669261 -37.8165492, 144.9669919 -37.8165293)"
7913341873,6721914040,,footway,2.03462506820025,"LINESTRING (144.9669919 -37.8165293, 144.9670136 -37.816523)"
6721914040,10901587521,,footway,0.7982105710540145,"LINESTRING (144.9670136 -37.816523, 144.9670221 -37.8165205)"
10901587521,7913378892,,footway,0.8185919912596417,"LINESTRING (144.9670221 -37.8165205, 144.9670308 -37.8165179)"
7913378892,6721914041,,footway,4.2944015344869015,"LINESTRING (144.9670308 -37.8165179, 144.9670766 -37.8165046)"
10901587507,6721914043,,footway,62.776511836587176,"LINESTRING (144.967135 -37.8164598, 144.9678042 -37.8162647)"
6721914043,6721914054,,footway,23.56524481191534,"LINESTRING (144.9678042 -37.8162647, 144.9680562 -37.8161932)"
6721914054,6721914044,,footway,27.583953938585378,"LINESTRING (144.9680562 -37.8161932, 144.9683509 -37.8161089)"
6721914044,6721914045,,footway,50.65755636332066,"LINESTRING (144.9683509 -37.8161089, 144.9688918 -37.8159534)"
6721914045,10975626986,,footway,40.66996680576694,"LINESTRING (144.9688918 -37.8159534, 144.9693252 -37.8158267)"
6721914038,13866446590,,footway,36.96547632820346,"LINESTRING (144.9671089 -37.8163965, 144.9675056 -37.8162875)"
13866446590,6721914047,,footway,24.064169692607,"LINESTRING (144.9675056 -37.8162875, 144.9677633 -37.8162153)"
6721914047,6721914052,,footway,25.035135104821308,"LINESTRING (144.9677633 -37.8162153, 144.9680305 -37.8161382)"
6721914052,13866446584,,footway,13.859777940777576,"LINESTRING (144.9680305 -37.8161382, 144.968178 -37.8160946)"
13866446584,6721914048,,footway,4.970640188783819,"LINESTRING (144.968178 -37.8160946, 144.9682255 -37.8160704)"
6721914048,13866446588,,footway,26.623301929180336,"LINESTRING (144.9682255 -37.8160704, 144.9685096 -37.8159883)"
13866446588,13866446591,,footway,7.217590558983009,"LINESTRING (144.9685096 -37.8159883, 144.9685866 -37.815966)"
13866446591,6721914050,,footway,25.56688454157409,"LINESTRING (144.9685866 -37.815966, 144.9688594 -37.8158871)"
6721914050,10975626988,,footway,40.879690380241485,"LINESTRING (144.9688594 -37.8158871, 144.9692936 -37.8157567)"
6721914052,6721914053,,footway,3.047125164958351,"LINESTRING (144.9680305 -37.8161382, 144.968043 -37.8161638)"
6721914053,6721914054,,footway,3.4639831827782235,"LINESTRING (144.968043 -37.8161638, 144.9680562 -37.8161932)"
10901587531,6167265866,,footway,2.0811538725501033,"LINESTRING (144.9671301 -37.8164474, 144.9671223 -37.8164297)"
6167265866,10901587530,,footway,1.9594346139179608,"LINESTRING (144.9671223 -37.8164297, 144.9671163 -37.8164127)"
6721914038,10901587508,,footway,3.404268780334958,"LINESTRING (144.9671089 -37.8163965, 144.9670745 -37.8163825)"
10901587508,3924931353,,footway,12.692435294257026,"LINESTRING (144.9670745 -37.8163825, 144.9670264 -37.8162747)"
3924931353,3924931349,,footway,65.47857385546168,"LINESTRING (144.9670264 -37.8162747, 144.9667691 -37.8157212)"
3924931349,6167265867,,footway,16.61570553854581,"LINESTRING (144.9667691 -37.8157212, 144.966705 -37.8155804)"
6167265867,13083737099,,footway,2.4677325237980106,"LINESTRING (144.966705 -37.8155804, 144.9667149 -37.8155596)"
13083737099,10901565098,,footway,1.7711377326340492,"LINESTRING (144.9667149 -37.8155596, 144.9667221 -37.8155447)"
10901565098,10901587506,,footway,2.093043922076299,"LINESTRING (144.9667221 -37.8155447, 144.9667139 -37.815527)"
10975626997,6721914055,,footway,4.604896708987838,"LINESTRING (144.9693607 -37.8158291, 144.9694097 -37.8158146)"
6721914055,6721914056,,footway,13.249879400860229,"LINESTRING (144.9694097 -37.8158146, 144.9695507 -37.8157729)"
6721914056,10975626991,,footway,4.707285906024842,"LINESTRING (144.9695507 -37.8157729, 144.9696008 -37.8157581)"
10975626985,6721914058,,footway,27.144780328859657,"LINESTRING (144.9696207 -37.8157336, 144.9699092 -37.8156474)"
6721914058,6721914059,,footway,30.85778164346718,"LINESTRING (144.9699092 -37.8156474, 144.9702373 -37.8155497)"
6721914059,6721914060,,footway,55.06737782542315,"LINESTRING (144.9702373 -37.8155497, 144.9708267 -37.8153838)"
6721914060,6721914061,,footway,40.72991055264871,"LINESTRING (144.9708267 -37.8153838, 144.9712611 -37.8152577)"
6721914061,6721914062,,footway,12.5992549100649,"LINESTRING (144.9712611 -37.8152577, 144.9713952 -37.8152181)"
6721914062,6721914063,,footway,38.55409585651531,"LINESTRING (144.9713952 -37.8152181, 144.9718072 -37.8151005)"
10975626996,10975626988,,footway,1.4992627285698883,"LINESTRING (144.9692994 -37.8157694, 144.9692936 -37.8157567)"
10975626988,6721914051,,footway,2.0367941760759116,"LINESTRING (144.9692936 -37.8157567, 144.9693047 -37.8157406)"
6721914051,10975626984,,footway,94.88836315264255,"LINESTRING (144.9693047 -37.8157406, 144.9689325 -37.8149383)"
10975626984,6167344362,,footway,2.7832664091995567,"LINESTRING (144.9689325 -37.8149383, 144.9689113 -37.8149197)"
6167344362,10975626975,,footway,3.2984334991965056,"LINESTRING (144.9689113 -37.8149197, 144.9688984 -37.8148918)"
10975626998,6167344361,,footway,2.900066505152815,"LINESTRING (144.9693212 -37.8158178, 144.9693101 -37.8157932)"
6167344361,10975626996,,footway,2.804599337568662,"LINESTRING (144.9693101 -37.8157932, 144.9692994 -37.8157694)"
10975626995,6721914064,,footway,4.691323721461826,"LINESTRING (144.9693164 -37.8157372, 144.9693664 -37.8157226)"
6721914064,6721914065,,footway,13.767392437169676,"LINESTRING (144.9693664 -37.8157226, 144.9695132 -37.8156799)"
6721914065,10975626994,,footway,4.552045358788165,"LINESTRING (144.9695132 -37.8156799, 144.9695617 -37.8156657)"
10975626987,10951451926,,footway,56.96312505719533,"LINESTRING (144.969588 -37.8156638, 144.9701944 -37.815485)"
10951451926,6721914067,,footway,22.91136342348692,"LINESTRING (144.9701944 -37.815485, 144.9704431 -37.8154243)"
6721914067,6721914068,,footway,93.56876686563369,"LINESTRING (144.9704431 -37.8154243, 144.9714389 -37.81513)"
6721914068,12609174577,,footway,30.01166162072508,"LINESTRING (144.9714389 -37.81513, 144.9717589 -37.8150369)"
12609174577,6721914069,,footway,2.723206534624099,"LINESTRING (144.9717589 -37.8150369, 144.9717738 -37.8150154)"
6721914069,7620823062,,footway,2.975331219000988,"LINESTRING (144.9717738 -37.8150154, 144.9718045 -37.8150042)"
7620823062,6721914070,,footway,1.9042232595507547,"LINESTRING (144.9718045 -37.8150042, 144.9718243 -37.8149973)"
6721914070,6721914071,,footway,15.612704113113107,"LINESTRING (144.9718243 -37.8149973, 144.9719906 -37.8149485)"
6721914071,7620823082,,footway,4.000420787227738,"LINESTRING (144.9719906 -37.8149485, 144.9720337 -37.8149371)"
7620823082,6721914072,,footway,1.97236617761282,"LINESTRING (144.9720337 -37.8149371, 144.9720561 -37.8149371)"
6721914072,12609174578,,footway,1.7798979098079266,"LINESTRING (144.9720561 -37.8149371, 144.9720763 -37.8149365)"
12609174578,6721914073,,footway,53.421139893679474,"LINESTRING (144.9720763 -37.8149365, 144.9726476 -37.8147745)"
6721914073,3687642860,,footway,65.45087845578709,"LINESTRING (144.9726476 -37.8147745, 144.9733453 -37.8145711)"
3687642860,6865975496,,footway,5.665779179081415,"LINESTRING (144.9733453 -37.8145711, 144.9734057 -37.8145535)"
6865975496,6721914074,,footway,37.33370779029021,"LINESTRING (144.9734057 -37.8145535, 144.9738027 -37.8144354)"
6721914074,6721914075,,footway,43.337638084674445,"LINESTRING (144.9738027 -37.8144354, 144.9742654 -37.8143023)"
6721914063,7620823060,,footway,3.038412317766449,"LINESTRING (144.9718072 -37.8151005, 144.9718397 -37.8150913)"
7620823060,6721914076,,footway,2.2236675469551743,"LINESTRING (144.9718397 -37.8150913, 144.9718635 -37.8150846)"
6721914076,6721914077,,footway,15.512177779158515,"LINESTRING (144.9718635 -37.8150846, 144.9720295 -37.8150378)"
6721914077,7620823084,,footway,2.4691274303419815,"LINESTRING (144.9720295 -37.8150378, 144.9720559 -37.8150303)"
7620823084,6721914078,,footway,3.624299709432875,"LINESTRING (144.9720559 -37.8150303, 144.9720947 -37.8150194)"
6721914078,6721914079,,footway,6.909127591211526,"LINESTRING (144.9720947 -37.8150194, 144.9721671 -37.8149954)"
6721914079,6721914080,,footway,114.13203548880402,"LINESTRING (144.9721671 -37.8149954, 144.9733805 -37.8146338)"
6721914080,7786207498,,footway,17.24728172690894,"LINESTRING (144.9733805 -37.8146338, 144.9735644 -37.8145803)"
7786207498,7786212689,,footway,21.385960850288413,"LINESTRING (144.9735644 -37.8145803, 144.9737924 -37.8145139)"
7786212689,6721914081,,footway,3.4841015263384905,"LINESTRING (144.9737924 -37.8145139, 144.9738283 -37.8145007)"
6721914081,8873761629,,footway,41.14860911834334,"LINESTRING (144.9738283 -37.8145007, 144.9742714 -37.8143829)"
8873761629,8873761630,,footway,2.1132454734345227,"LINESTRING (144.9742714 -37.8143829, 144.9742951 -37.8143799)"
8873761630,6721914082,,footway,1.3099785731628775,"LINESTRING (144.9742951 -37.8143799, 144.9743076 -37.8143863)"
6721914080,11377107095,,footway,18.17564366606503,"LINESTRING (144.9733805 -37.8146338, 144.9734573 -37.8147858)"
6721914082,6721914083,,footway,6.557571303579415,"LINESTRING (144.9743076 -37.8143863, 144.9743779 -37.8143668)"
6721914083,7913378928,,footway,3.2454748616694458,"LINESTRING (144.9743779 -37.8143668, 144.9744123 -37.8143563)"
7913378928,7913378927,,footway,3.672506432073917,"LINESTRING (144.9744123 -37.8143563, 144.9744506 -37.8143432)"
7913378927,6721914084,,footway,4.620916140194947,"LINESTRING (144.9744506 -37.8143432, 144.9745002 -37.8143296)"
6721914084,6721914085,,footway,6.9258799483431694,"LINESTRING (144.9745002 -37.8143296, 144.9745727 -37.8143054)"
6721914082,6167357871,,footway,58.20505133444623,"LINESTRING (144.9743076 -37.8143863, 144.974528 -37.8148807)"
6167357871,6167254935,,footway,36.71878928635028,"LINESTRING (144.974528 -37.8148807, 144.9746566 -37.8151954)"
6721914075,6138135272,,footway,3.4795769208685954,"LINESTRING (144.9742654 -37.8143023, 144.9742801 -37.8143314)"
6138135272,6721914082,,footway,6.556958218951306,"LINESTRING (144.9742801 -37.8143314, 144.9743076 -37.8143863)"
6167254935,12609157681,,footway,1.8640693893751468,"LINESTRING (144.9746566 -37.8151954, 144.9746515 -37.8152117)"
12609157681,6721914087,,footway,4.3868152505837745,"LINESTRING (144.9746515 -37.8152117, 144.9746652 -37.8152497)"
6721914087,12580521866,,footway,3.5439430442057724,"LINESTRING (144.9746652 -37.8152497, 144.9746806 -37.8152792)"
12580521866,7913378932,,footway,1.807767703603955,"LINESTRING (144.9746806 -37.8152792, 144.9746886 -37.8152942)"
7913378932,7913378931,,footway,1.408976343825899,"LINESTRING (144.9746886 -37.8152942, 144.9746945 -37.815306)"
7913378931,7913378930,,footway,2.803738528722732,"LINESTRING (144.9746945 -37.815306, 144.9747068 -37.8153293)"
7913378930,7913378929,,footway,0.5731428852488412,"LINESTRING (144.9747068 -37.8153293, 144.9747092 -37.8153341)"
7913378929,12580521859,,footway,3.0732671873690744,"LINESTRING (144.9747092 -37.8153341, 144.9747225 -37.8153597)"
12580521859,1449431187,,footway,4.406931229734963,"LINESTRING (144.9747225 -37.8153597, 144.9747416 -37.8153964)"
6167357873,9141341237,,footway,3.7602872437210357,"LINESTRING (144.9749691 -37.8150897, 144.9750031 -37.8150692)"
6167357869,7388133846,,footway,7.899479593688933,"LINESTRING (144.9738523 -37.813468, 144.973934 -37.8134386)"
7388133846,7388133855,,footway,0.11163110458902235,"LINESTRING (144.973934 -37.8134386, 144.9739351 -37.8134381)"
7388133855,8873733123,,footway,0.4548369936084338,"LINESTRING (144.9739351 -37.8134381, 144.9739398 -37.8134364)"
8873733123,12586956092,,footway,4.871443099282629,"LINESTRING (144.9739398 -37.8134364, 144.9739902 -37.8134183)"
12586956092,11738479662,,footway,0.418209190679429,"LINESTRING (144.9739902 -37.8134183, 144.9739945 -37.8134167)"
11738479662,6167191746,,footway,2.9088897016051747,"LINESTRING (144.9739945 -37.8134167, 144.9740246 -37.8134059)"
6167191746,1449431578,,footway,4.257364634272786,"LINESTRING (144.9740246 -37.8134059, 144.9740686 -37.81339)"
1449431578,6167191747,,footway,7.808027860888621,"LINESTRING (144.9740686 -37.81339, 144.9741491 -37.8133605)"
2279153642,8998978609,,footway,62.07596398816593,"LINESTRING (144.9744199 -37.8124837, 144.9741164 -37.8129885)"
8998978609,6167357878,,footway,11.939873187822267,"LINESTRING (144.9741164 -37.8129885, 144.9740535 -37.8130838)"
6167357880,6721912681,,footway,6.988845171802514,"LINESTRING (144.9739295 -37.8128228, 144.9740009 -37.8127953)"
6721912681,6721975291,,footway,18.211636211921917,"LINESTRING (144.9740009 -37.8127953, 144.9740894 -37.812647)"
13644231168,6721990354,,footway,4.499857499067927,"LINESTRING (144.9535986 -37.818201, 144.9536467 -37.8181873)"
6721990354,13276805978,,footway,3.611331111689779,"LINESTRING (144.9536467 -37.8181873, 144.9536853 -37.8181763)"
13276805978,7913378948,,footway,3.6399435923330956,"LINESTRING (144.9536853 -37.8181763, 144.9537242 -37.8181652)"
7913378948,7913378946,,footway,3.508924142747841,"LINESTRING (144.9537242 -37.8181652, 144.9537617 -37.8181545)"
7913378946,13276805976,,footway,2.816927747499957,"LINESTRING (144.9537617 -37.8181545, 144.9537918 -37.8181459)"
13276805976,6721990355,,footway,4.41778024821527,"LINESTRING (144.9537918 -37.8181459, 144.953839 -37.8181324)"
6721990355,6721990356,,footway,5.715938095432347,"LINESTRING (144.953839 -37.8181324, 144.9539001 -37.818115)"
6721990356,6887240005,,footway,35.7281175849789,"LINESTRING (144.9539001 -37.818115, 144.954279 -37.8179998)"
6887240005,6407789684,,footway,167.63389098595954,"LINESTRING (144.954279 -37.8179998, 144.9560699 -37.8174873)"
6721990357,6721990358,,footway,36.910250231941035,"LINESTRING (144.9538315 -37.8179646, 144.9542263 -37.8178528)"
6721990358,6721990359,,footway,63.015798009898226,"LINESTRING (144.9542263 -37.8178528, 144.9549009 -37.8176632)"
6721990359,6721990360,,footway,53.736107298209426,"LINESTRING (144.9549009 -37.8176632, 144.9554757 -37.8175005)"
6721990360,6407790000,,footway,49.3005782265593,"LINESTRING (144.9554757 -37.8175005, 144.955997 -37.8173384)"
6407789997,6721990361,,footway,38.13921826374865,"LINESTRING (144.9563071 -37.8172774, 144.9567146 -37.8171609)"
6721990361,13860480677,,footway,19.348322468696896,"LINESTRING (144.9567146 -37.8171609, 144.956922 -37.8171033)"
13860480677,13860480681,,footway,5.89428638076223,"LINESTRING (144.956922 -37.8171033, 144.9569618 -37.8170606)"
13860480681,13860480682,,footway,33.52005029532861,"LINESTRING (144.9569618 -37.8170606, 144.9573193 -37.8169568)"
13860480682,6721990362,,footway,11.695744335579601,"LINESTRING (144.9573193 -37.8169568, 144.957444 -37.8169205)"
6721990362,6721990363,,footway,92.33618716501994,"LINESTRING (144.957444 -37.8169205, 144.9584323 -37.8166423)"
6721990363,6696357525,,footway,6.125746144111426,"LINESTRING (144.9584323 -37.8166423, 144.9584814 -37.8166032)"
6407789987,13860482312,,footway,4.092433676797732,"LINESTRING (144.956351 -37.8173657, 144.9563898 -37.8173454)"
13860482312,9765780327,,footway,55.837174365321495,"LINESTRING (144.9563898 -37.8173454, 144.9569871 -37.8171764)"
9765780327,6721990364,,footway,8.487769502134677,"LINESTRING (144.9569871 -37.8171764, 144.9570778 -37.8171505)"
6721990364,13860480683,,footway,27.18240975708303,"LINESTRING (144.9570778 -37.8171505, 144.9573682 -37.8170674)"
13860480683,9632353818,,footway,7.459937462149694,"LINESTRING (144.9573682 -37.8170674, 144.9574479 -37.8170446)"
9632353818,6721990365,,footway,1.6867210845293819,"LINESTRING (144.9574479 -37.8170446, 144.9574659 -37.8170394)"
6721990365,6721990366,,footway,44.659958785979235,"LINESTRING (144.9574659 -37.8170394, 144.9579438 -37.8169046)"
6721990366,6721990367,,footway,24.795475176793623,"LINESTRING (144.9579438 -37.8169046, 144.9582087 -37.8168288)"
6721990367,6696357520,,footway,30.98528943661629,"LINESTRING (144.9582087 -37.8168288, 144.9585401 -37.8167349)"
6696357518,6721990368,,footway,4.284568500379041,"LINESTRING (144.958827 -37.816659, 144.9588619 -37.8166321)"
6721990368,6721990369,,footway,39.758926806517465,"LINESTRING (144.9588619 -37.8166321, 144.9592859 -37.8165089)"
6721990369,6721990370,,footway,37.55978093041211,"LINESTRING (144.9592859 -37.8165089, 144.9596869 -37.8163935)"
6721990370,6721990371,,footway,51.19664183183522,"LINESTRING (144.9596869 -37.8163935, 144.9602339 -37.8162371)"
6721990371,6721990372,,footway,40.14531945680861,"LINESTRING (144.9602339 -37.8162371, 144.9606663 -37.8161224)"
6721990372,6167489474,,footway,31.97160890414126,"LINESTRING (144.9606663 -37.8161224, 144.9610111 -37.8160321)"
6696357523,13859703736,,footway,27.292879589517277,"LINESTRING (144.9587853 -37.8165671, 144.9590781 -37.8164864)"
13859703736,6721990373,,footway,9.769336022800319,"LINESTRING (144.9590781 -37.8164864, 144.9591829 -37.8164575)"
6721990373,13859703739,,footway,9.267745670413468,"LINESTRING (144.9591829 -37.8164575, 144.9592825 -37.8164305)"
13859703739,13859703742,,footway,11.39356925924234,"LINESTRING (144.9592825 -37.8164305, 144.9594049 -37.8163972)"
13859703742,13660681381,,footway,6.346422816312553,"LINESTRING (144.9594049 -37.8163972, 144.9594731 -37.8163787)"
13660681381,13859703733,,footway,4.174237793970147,"LINESTRING (144.9594731 -37.8163787, 144.9595179 -37.8163664)"
13859703733,13859703759,,footway,46.07884169535765,"LINESTRING (144.9595179 -37.8163664, 144.9600123 -37.8162303)"
13859703759,6721990375,,footway,2.4414306797213547,"LINESTRING (144.9600123 -37.8162303, 144.9600385 -37.8162231)"
6721990375,13859703758,,footway,5.106131039136106,"LINESTRING (144.9600385 -37.8162231, 144.9600931 -37.8162076)"
13859703758,6721990376,,footway,23.01719034167358,"LINESTRING (144.9600931 -37.8162076, 144.9603393 -37.8161379)"
6721990376,13859703768,,footway,35.29433809025992,"LINESTRING (144.9603393 -37.8161379, 144.9607169 -37.8160312)"
13859703768,6167489467,,footway,24.36892412659758,"LINESTRING (144.9607169 -37.8160312, 144.9609776 -37.8159575)"
6167489467,6167489475,,footway,3.6760079266535866,"LINESTRING (144.9609776 -37.8159575, 144.9609901 -37.8159891)"
6167489475,6167489474,,footway,5.11835745786723,"LINESTRING (144.9609901 -37.8159891, 144.9610111 -37.8160321)"
6167440966,6167440967,,footway,7.76192570827196,"LINESTRING (144.9634796 -37.8152652, 144.9634494 -37.8151995)"
6167489471,13893269806,,footway,35.26122708770107,"LINESTRING (144.9613011 -37.8159513, 144.9616783 -37.8158446)"
13893269806,6721990377,,footway,8.579083897244129,"LINESTRING (144.9616783 -37.8158446, 144.9617701 -37.8158187)"
6721990377,6933068152,,footway,17.062080187462254,"LINESTRING (144.9617701 -37.8158187, 144.9619519 -37.8157655)"
6933068152,13660162990,,footway,13.44369881836159,"LINESTRING (144.9619519 -37.8157655, 144.9620952 -37.8157237)"
13660162990,13660181209,,footway,13.259271575224032,"LINESTRING (144.9620952 -37.8157237, 144.9622365 -37.8156824)"
13660181209,6721990378,,footway,4.212409075561525,"LINESTRING (144.9622365 -37.8156824, 144.9622814 -37.8156693)"
6721990378,13859787509,,footway,27.407081058013155,"LINESTRING (144.9622814 -37.8156693, 144.9625735 -37.815584)"
13859787509,6721990379,,footway,21.389624610777755,"LINESTRING (144.9625735 -37.815584, 144.9628015 -37.8155175)"
6721990379,6721990380,,footway,20.6531050368895,"LINESTRING (144.9628015 -37.8155175, 144.9630217 -37.8154534)"
6721990380,6167440965,,footway,45.163123520145625,"LINESTRING (144.9630217 -37.8154534, 144.9635033 -37.8153134)"
6167489466,6721990381,,footway,23.50987061568458,"LINESTRING (144.9612584 -37.8158712, 144.9615104 -37.8158012)"
6721990381,6721990382,,footway,38.03015019767277,"LINESTRING (144.9615104 -37.8158012, 144.9619181 -37.8156881)"
6721990382,13859962719,,footway,58.1220579301352,"LINESTRING (144.9619181 -37.8156881, 144.9625369 -37.8155058)"
13859962719,6721990383,,footway,25.74403009267334,"LINESTRING (144.9625369 -37.8155058, 144.9628111 -37.8154253)"
6721990383,13779835040,,footway,4.149726711088029,"LINESTRING (144.9628111 -37.8154253, 144.9628433 -37.815398)"
13779835040,6721990384,,footway,26.66119294775191,"LINESTRING (144.9628433 -37.815398, 144.9631273 -37.8153147)"
6721990384,6722119685,,footway,26.71911617681423,"LINESTRING (144.9631273 -37.8153147, 144.9634126 -37.8152327)"
6722119685,6167440967,,footway,4.906985459418578,"LINESTRING (144.9634126 -37.8152327, 144.9634494 -37.8151995)"
10901565087,6167266608,,footway,1.9363688913677255,"LINESTRING (144.9659516 -37.814555, 144.9659441 -37.8145386)"
6167266608,10901565086,,footway,1.994545365039698,"LINESTRING (144.9659441 -37.8145386, 144.9659364 -37.8145217)"
6167440972,6722119686,,footway,4.2360380479682265,"LINESTRING (144.9637677 -37.8152411, 144.9638028 -37.815215)"
6722119686,6722119687,,footway,23.97512639113204,"LINESTRING (144.9638028 -37.815215, 144.9640571 -37.8151378)"
6722119687,6722119688,,footway,17.75599255451369,"LINESTRING (144.9640571 -37.8151378, 144.9642459 -37.8150816)"
6722119688,6722119753,,footway,7.9523185068017925,"LINESTRING (144.9642459 -37.8150816, 144.9643303 -37.8150561)"
6722119753,6722119689,,footway,12.440621966562183,"LINESTRING (144.9643303 -37.8150561, 144.9644634 -37.8150185)"
6722119689,6722119690,,footway,27.586694858449185,"LINESTRING (144.9644634 -37.8150185, 144.9647573 -37.8149324)"
6722119694,6722119695,,footway,23.54408304371593,"LINESTRING (144.965933 -37.814512, 144.9656819 -37.8145849)"
6722119695,6722119696,,footway,40.914897595356244,"LINESTRING (144.9656819 -37.8145849, 144.9652469 -37.8147145)"
6722119696,6800617667,,footway,14.54426349178827,"LINESTRING (144.9652469 -37.8147145, 144.965092 -37.81476)"
6800617667,6722119697,,footway,13.594992057767318,"LINESTRING (144.965092 -37.81476, 144.9649466 -37.8148012)"
6722119697,13866447676,,footway,13.292451061911526,"LINESTRING (144.9649466 -37.8148012, 144.9648049 -37.8148425)"
13866447676,6722119754,,footway,7.388829243208653,"LINESTRING (144.9648049 -37.8148425, 144.9647262 -37.8148656)"
10901565086,6722119694,,footway,1.1174757877873025,"LINESTRING (144.9659364 -37.8145217, 144.965933 -37.814512)"
6722119694,10901565081,,footway,0.9532852397734551,"LINESTRING (144.965933 -37.814512, 144.9659366 -37.8145039)"
10901565081,10901565082,,footway,1.9781621561686864,"LINESTRING (144.9659366 -37.8145039, 144.9659441 -37.8144871)"
10901565082,13895584924,,footway,86.18804597162674,"LINESTRING (144.9659441 -37.8144871, 144.9656153 -37.8137557)"
13895584924,6167413262,,footway,12.185138185113761,"LINESTRING (144.9656153 -37.8137557, 144.9655688 -37.8136523)"
6167413262,10904155340,,footway,7.917321915777818,"LINESTRING (144.9655688 -37.8136523, 144.9655376 -37.8135854)"
6722119703,7913341839,,footway,4.885652930770874,"LINESTRING (144.9659931 -37.8144741, 144.9660454 -37.8144594)"
7913341839,6722119704,,footway,1.502324499192777,"LINESTRING (144.9660454 -37.8144594, 144.9660614 -37.8144547)"
6722119704,7913341840,,footway,1.4781747456340386,"LINESTRING (144.9660614 -37.8144547, 144.9660772 -37.8144502)"
7913341840,6722119705,,footway,4.862651387838533,"LINESTRING (144.9660772 -37.8144502, 144.9661289 -37.8144348)"
10901565090,7913341844,,footway,4.861998084063362,"LINESTRING (144.9660408 -37.8145778, 144.9660923 -37.814562)"
7913341844,6722119708,,footway,1.5023226442530804,"LINESTRING (144.9660923 -37.814562, 144.9661083 -37.8145573)"
6722119708,7913341843,,footway,1.473697013498848,"LINESTRING (144.9661083 -37.8145573, 144.966124 -37.8145527)"
7913341843,6722119709,,footway,4.888588806240689,"LINESTRING (144.966124 -37.8145527, 144.9661762 -37.8145377)"
10901565088,6167265876,,footway,1.8905389633532543,"LINESTRING (144.9662331 -37.8144856, 144.9662254 -37.8144697)"
6167265876,10901565089,,footway,1.5531109200591031,"LINESTRING (144.9662254 -37.8144697, 144.9662192 -37.8144566)"
10901565089,6722119706,,footway,1.9455365363204749,"LINESTRING (144.9662192 -37.8144566, 144.9662114 -37.8144402)"
6722119706,10901565083,,footway,3.6827686569874647,"LINESTRING (144.9662114 -37.8144402, 144.9661772 -37.8144211)"
10901565083,6167413259,,footway,98.50639965078895,"LINESTRING (144.9661772 -37.8144211, 144.9657936 -37.8135874)"
6167413259,10904155337,,footway,8.351370820395704,"LINESTRING (144.9657936 -37.8135874, 144.9657608 -37.8135168)"
6722119706,6722119711,,footway,25.85389785223533,"LINESTRING (144.9662114 -37.8144402, 144.9664866 -37.814359)"
6722119711,9755990449,,footway,6.041832217950802,"LINESTRING (144.9664866 -37.814359, 144.9665514 -37.8143411)"
9755990449,9755990455,,footway,20.23330039742641,"LINESTRING (144.9665514 -37.8143411, 144.9667667 -37.8142774)"
9755990455,6722119712,,footway,31.4609208143377,"LINESTRING (144.9667667 -37.8142774, 144.9671021 -37.8141797)"
6722119712,12639954091,,footway,3.3482067194729246,"LINESTRING (144.9671021 -37.8141797, 144.9671377 -37.8141691)"
12639954091,6722119713,,footway,34.75839040238973,"LINESTRING (144.9671377 -37.8141691, 144.9675071 -37.8140587)"
6722119713,12639942911,,footway,3.733550838623224,"LINESTRING (144.9675071 -37.8140587, 144.9675461 -37.8140455)"
12639942911,6722119714,,footway,59.242441616133625,"LINESTRING (144.9675461 -37.8140455, 144.9681764 -37.8138588)"
6722119714,6722119715,,footway,20.997731195496527,"LINESTRING (144.9681764 -37.8138588, 144.9683996 -37.8137922)"
10901565085,6722119716,,footway,61.81720126674547,"LINESTRING (144.9662382 -37.8144975, 144.9668951 -37.814301)"
6722119716,6722119717,,footway,40.20933540349455,"LINESTRING (144.9668951 -37.814301, 144.9673288 -37.8141876)"
6722119717,6722119718,,footway,30.08460911570432,"LINESTRING (144.9673288 -37.8141876, 144.9676494 -37.8140939)"
6722119718,6722119719,,footway,37.76035924795476,"LINESTRING (144.9676494 -37.8140939, 144.9680518 -37.8139763)"
6722119719,6722119720,,footway,35.77470983537404,"LINESTRING (144.9680518 -37.8139763, 144.968433 -37.8138648)"
6722119715,7989157544,,footway,5.684739870922665,"LINESTRING (144.9683996 -37.8137922, 144.9684605 -37.8137752)"
7989157544,6722119722,,footway,15.347266215738609,"LINESTRING (144.9684605 -37.8137752, 144.968625 -37.8137295)"
6722119722,6722119723,,footway,5.5906302609924445,"LINESTRING (144.968625 -37.8137295, 144.9686849 -37.8137128)"
6722119720,6722119724,,footway,5.6535012107187015,"LINESTRING (144.968433 -37.8138648, 144.9684937 -37.8138482)"
6722119724,6722119725,,footway,15.42674023084143,"LINESTRING (144.9684937 -37.8138482, 144.9686592 -37.8138026)"
6722119725,6722119726,,footway,5.6737734165318185,"LINESTRING (144.9686592 -37.8138026, 144.9687201 -37.8137859)"
6722119720,6167344368,,footway,4.927484392270569,"LINESTRING (144.968433 -37.8138648, 144.9684138 -37.8138231)"
6167344368,6722119715,,footway,3.6504763814490273,"LINESTRING (144.9684138 -37.8138231, 144.9683996 -37.8137922)"
6722119715,7648218425,,footway,24.493973302397972,"LINESTRING (144.9683996 -37.8137922, 144.9683056 -37.8135845)"
7648218425,6167344369,,footway,14.871822126656818,"LINESTRING (144.9683056 -37.8135845, 144.9682485 -37.8134584)"
6167344369,6167344370,,footway,30.75956763951001,"LINESTRING (144.9682485 -37.8134584, 144.9681269 -37.8131986)"
6167344370,6167413255,,footway,29.04386753459333,"LINESTRING (144.9681269 -37.8131986, 144.9680058 -37.8129552)"
6722119726,6167344530,,footway,3.2724092657076524,"LINESTRING (144.9687201 -37.8137859, 144.9687335 -37.8138134)"
6167344530,6167344526,,footway,50.061525723156215,"LINESTRING (144.9687335 -37.8138134, 144.9689315 -37.8142362)"
6722119723,6167344525,,footway,3.6855602824218145,"LINESTRING (144.9686849 -37.8137128, 144.9686999 -37.8137438)"
6167344525,6722119726,,footway,4.9998530149005855,"LINESTRING (144.9686999 -37.8137438, 144.9687201 -37.8137859)"
6722119726,7648218424,,footway,62.21456977175605,"LINESTRING (144.9687201 -37.8137859, 144.9693828 -37.8135915)"
7648218424,6722119727,,footway,40.88685336793312,"LINESTRING (144.9693828 -37.8135915, 144.9698183 -37.8134637)"
6722119727,6722119734,,footway,24.75980305001261,"LINESTRING (144.9698183 -37.8134637, 144.9700833 -37.8133891)"
6722119734,13201748169,,footway,4.213985815331115,"LINESTRING (144.9700833 -37.8133891, 144.9701284 -37.8133764)"
6722119723,6722119731,,footway,62.68705698329891,"LINESTRING (144.9686849 -37.8137128, 144.9693514 -37.8135143)"
6722119731,6722119735,,footway,65.61374873343243,"LINESTRING (144.9693514 -37.8135143, 144.970049 -37.8133065)"
6722119735,6722119732,,footway,19.92153979860522,"LINESTRING (144.970049 -37.8133065, 144.9702608 -37.8132434)"
6722119732,6722119733,,footway,56.50669105261185,"LINESTRING (144.9702608 -37.8132434, 144.9708616 -37.8130645)"
6722119734,6722119730,,footway,5.113805870573616,"LINESTRING (144.9700833 -37.8133891, 144.9700649 -37.8133454)"
6722119730,6722119735,,footway,4.5389212433863175,"LINESTRING (144.9700649 -37.8133454, 144.970049 -37.8133065)"
6722119736,6722119737,,footway,42.213052662589575,"LINESTRING (144.9711426 -37.8129859, 144.9715928 -37.8128552)"
6722119737,6722119738,,footway,38.06608940694532,"LINESTRING (144.9715928 -37.8128552, 144.9719988 -37.8127374)"
6722119738,6722119739,,footway,43.71550657639738,"LINESTRING (144.9719988 -37.8127374, 144.972465 -37.812602)"
6722119739,6722119740,,footway,40.6002053826129,"LINESTRING (144.972465 -37.812602, 144.972898 -37.8124763)"
6722119740,6722119741,,footway,40.763599878967185,"LINESTRING (144.972898 -37.8124763, 144.9733312 -37.8123468)"
6722119742,6722119743,,footway,52.48987386403248,"LINESTRING (144.9733651 -37.8124206, 144.9728052 -37.8125829)"
6722119743,6722119744,,footway,7.271308752564284,"LINESTRING (144.9728052 -37.8125829, 144.9727276 -37.8126053)"
6722119744,6722119745,,footway,41.25973297997162,"LINESTRING (144.9727276 -37.8126053, 144.9722875 -37.8127329)"
6722119745,6722119746,,footway,44.322905156826465,"LINESTRING (144.9722875 -37.8127329, 144.9718146 -37.8128697)"
6722119746,6722119747,,footway,32.22777454467283,"LINESTRING (144.9718146 -37.8128697, 144.9714709 -37.8129695)"
6722119747,6722119748,,footway,27.76971020287106,"LINESTRING (144.9714709 -37.8129695, 144.9711747 -37.8130554)"
6722119748,7620823076,,footway,2.123103631074007,"LINESTRING (144.9711747 -37.8130554, 144.9711531 -37.8130639)"
7620823076,6722119749,,footway,3.002734303575578,"LINESTRING (144.9711531 -37.8130639, 144.9711226 -37.813076)"
6722119749,6722119750,,footway,16.026461113113562,"LINESTRING (144.9711226 -37.813076, 144.9709562 -37.8131345)"
6722119750,7620823068,,footway,2.075904955088131,"LINESTRING (144.9709562 -37.8131345, 144.9709352 -37.813143)"
7620823068,6722119729,,footway,3.154834122969054,"LINESTRING (144.9709352 -37.813143, 144.9709029 -37.8131553)"
6722119733,7620823070,,footway,2.922068462748685,"LINESTRING (144.9708616 -37.8130645, 144.9708924 -37.8130547)"
7620823070,6722119751,,footway,2.2141121092793337,"LINESTRING (144.9708924 -37.8130547, 144.9709157 -37.8130472)"
6722119751,6722119752,,footway,16.002657831409575,"LINESTRING (144.9709157 -37.8130472, 144.9710868 -37.8129986)"
6722119752,7620823074,,footway,2.849623072526773,"LINESTRING (144.9710868 -37.8129986, 144.9711179 -37.8129915)"
7620823074,6722119736,,footway,2.2620152136113987,"LINESTRING (144.9711179 -37.8129915, 144.9711426 -37.8129859)"
6167344554,6167344555,,footway,27.06369970590429,"LINESTRING (144.9713857 -37.8141969, 144.9714992 -37.8144235)"
6167344555,6721914069,,footway,70.00450352870376,"LINESTRING (144.9714992 -37.8144235, 144.9717738 -37.8150154)"
6721914069,6167344556,,footway,5.4496064880066095,"LINESTRING (144.9717738 -37.8150154, 144.9717904 -37.8150627)"
6167344556,6721914063,,footway,4.448650889697874,"LINESTRING (144.9717904 -37.8150627, 144.9718072 -37.8151005)"
6721914063,6167344557,,footway,69.6684621180247,"LINESTRING (144.9718072 -37.8151005, 144.97208 -37.8156897)"
6167344557,6167344558,,footway,28.91561481397334,"LINESTRING (144.97208 -37.8156897, 144.9721906 -37.815935)"
6167344558,10940875425,,footway,1.2581963874782416,"LINESTRING (144.9721906 -37.815935, 144.9721935 -37.8159461)"
6722119733,6167344548,,footway,5.052797336861554,"LINESTRING (144.9708616 -37.8130645, 144.9708808 -37.8131074)"
6167344548,6722119729,,footway,5.661478950326469,"LINESTRING (144.9708808 -37.8131074, 144.9709029 -37.8131553)"
6722119736,6167413247,,footway,99.64874268580704,"LINESTRING (144.9711426 -37.8129859, 144.9707557 -37.8121422)"
6722119748,6167344592,,footway,3.581882968364424,"LINESTRING (144.9711747 -37.8130554, 144.9711607 -37.8130251)"
6167344592,6722119736,,footway,4.633617508002199,"LINESTRING (144.9711607 -37.8130251, 144.9711426 -37.8129859)"
6722119700,6722119701,,footway,17.08538260519474,"LINESTRING (144.9643007 -37.8149908, 144.9641189 -37.8150446)"
6722119701,6800617684,,footway,8.24418937220709,"LINESTRING (144.9641189 -37.8150446, 144.9640306 -37.8150693)"
6800617684,6722119702,,footway,24.30050730078011,"LINESTRING (144.9640306 -37.8150693, 144.9637723 -37.8151464)"
6722119702,6167440977,,footway,4.995256051696536,"LINESTRING (144.9637723 -37.8151464, 144.9637163 -37.8151392)"
6722119700,3132496573,Royal Arcade,footway,3.40435135254788,"LINESTRING (144.9643007 -37.8149908, 144.964314 -37.8150196)"
3132496573,6722119753,Royal Arcade,footway,4.297949802009399,"LINESTRING (144.964314 -37.8150196, 144.9643303 -37.8150561)"
6722119690,6722119691,,footway,23.230060112566047,"LINESTRING (144.9647573 -37.8149324, 144.9650046 -37.8148595)"
6722119691,6722119692,,footway,16.9792928281026,"LINESTRING (144.9650046 -37.8148595, 144.9651864 -37.8148085)"
6722119692,10901565084,,footway,72.9500266114883,"LINESTRING (144.9651864 -37.8148085, 144.9659616 -37.8145766)"
6722119690,5902824189,,footway,4.5099206469288005,"LINESTRING (144.9647573 -37.8149324, 144.9647395 -37.8148943)"
5902824189,6722119754,,footway,3.3939317060297887,"LINESTRING (144.9647395 -37.8148943, 144.9647262 -37.8148656)"
6722197731,6800693301,,footway,40.417798947543844,"LINESTRING (144.9724308 -37.8103717, 144.9719991 -37.8104954)"
6800693301,6800693300,,footway,20.861211877586143,"LINESTRING (144.9719991 -37.8104954, 144.9717759 -37.8105584)"
6800693300,12542949958,,footway,58.828883467701104,"LINESTRING (144.9717759 -37.8105584, 144.971149 -37.8107416)"
12542949958,6722197732,,footway,2.804396653851552,"LINESTRING (144.971149 -37.8107416, 144.9711191 -37.8107503)"
6722197732,6722197733,,footway,83.46493670834586,"LINESTRING (144.9711191 -37.8107503, 144.970227 -37.8110044)"
6722197733,6722197734,,footway,6.37042381458019,"LINESTRING (144.970227 -37.8110044, 144.9701605 -37.811027)"
6722197734,6722197735,,footway,8.543599405096403,"LINESTRING (144.9701605 -37.811027, 144.9700695 -37.8110537)"
6722197735,6722197736,,footway,10.680696780397758,"LINESTRING (144.9700695 -37.8110537, 144.9699631 -37.8110999)"
6722197736,9756035201,,footway,45.04226019774035,"LINESTRING (144.9699631 -37.8110999, 144.9694843 -37.8112427)"
9756035201,6722197737,,footway,19.193179499741753,"LINESTRING (144.9694843 -37.8112427, 144.9692803 -37.8113036)"
6722197737,6722197738,,footway,36.99793649396955,"LINESTRING (144.9692803 -37.8113036, 144.9688847 -37.8114159)"
6722197738,6722197739,,footway,11.905340288265263,"LINESTRING (144.9688847 -37.8114159, 144.9687591 -37.8114556)"
6722197739,12632522885,,footway,26.82643199914738,"LINESTRING (144.9687591 -37.8114556, 144.9684741 -37.811541)"
12632522885,6722197740,,footway,2.0628801102778027,"LINESTRING (144.9684741 -37.811541, 144.9684522 -37.8115476)"
6722197740,12632522881,,footway,3.0257323340310602,"LINESTRING (144.9684522 -37.8115476, 144.9684199 -37.8115569)"
12632522881,13807289068,,footway,59.24059803721664,"LINESTRING (144.9684199 -37.8115569, 144.9677803 -37.8117224)"
13807289068,13807289067,,footway,0.9064637918549113,"LINESTRING (144.9677803 -37.8117224, 144.9677705 -37.8117249)"
13807289067,6722197741,,footway,1.8985809599711179,"LINESTRING (144.9677705 -37.8117249, 144.96775 -37.8117302)"
6722197741,6722197742,,footway,5.212553586697645,"LINESTRING (144.96775 -37.8117302, 144.9676943 -37.8117461)"
6722197742,6722197743,,footway,11.516474341880828,"LINESTRING (144.9676943 -37.8117461, 144.967571 -37.8117807)"
6722197743,13807289056,,footway,5.391251362945958,"LINESTRING (144.967571 -37.8117807, 144.9675136 -37.8117976)"
13190265737,6722197763,,footway,17.628310929087924,"LINESTRING (144.9659708 -37.8122808, 144.9657837 -37.8123373)"
6722197763,6722197764,,footway,12.532305350828992,"LINESTRING (144.9657837 -37.8123373, 144.9656495 -37.8123749)"
6722197764,10904155335,,footway,21.885484659541685,"LINESTRING (144.9656495 -37.8123749, 144.9654157 -37.8124418)"
10904155335,10904155333,,footway,1.7245691478296283,"LINESTRING (144.9654157 -37.8124418, 144.9653972 -37.8124367)"
10904155333,10904155334,,footway,4.810448738920393,"LINESTRING (144.9653972 -37.8124367, 144.9653459 -37.8124516)"
10904155334,10904155329,,footway,2.985904753569135,"LINESTRING (144.9653459 -37.8124516, 144.9653139 -37.8124605)"
6722197744,13807289064,,footway,1.1337812353765213,"LINESTRING (144.9675002 -37.8118339, 144.9674958 -37.8118243)"
13807289064,13807289065,,footway,2.209390393108252,"LINESTRING (144.9674958 -37.8118243, 144.9674872 -37.8118056)"
13807289065,6167344377,,footway,96.11003349666984,"LINESTRING (144.9674872 -37.8118056, 144.9671115 -37.8109926)"
13807289061,6167344520,,footway,3.7790004466206004,"LINESTRING (144.9677859 -37.8117355, 144.9678009 -37.8117674)"
6167344520,13807289060,,footway,1.9275254289729897,"LINESTRING (144.9678009 -37.8117674, 144.9678081 -37.8117838)"
13807289059,6722197747,,footway,4.053731074931177,"LINESTRING (144.967776 -37.8118313, 144.9678141 -37.8118108)"
6722197747,6722197748,,footway,42.008822480147764,"LINESTRING (144.9678141 -37.8118108, 144.9682636 -37.811684)"
6722197748,6722197749,,footway,20.813494599073266,"LINESTRING (144.9682636 -37.811684, 144.9684847 -37.8116177)"
6722197749,6722197750,,footway,19.94211312290188,"LINESTRING (144.9684847 -37.8116177, 144.9686979 -37.8115571)"
6722197750,12632110195,,footway,36.754624143214556,"LINESTRING (144.9686979 -37.8115571, 144.9690879 -37.8114391)"
12632110195,6722197751,,footway,3.2129866140667014,"LINESTRING (144.9690879 -37.8114391, 144.969122 -37.8114288)"
6722197751,12632110197,,footway,2.865059188176076,"LINESTRING (144.969122 -37.8114288, 144.9691524 -37.8114196)"
12632110197,6865975529,,footway,32.10915553268695,"LINESTRING (144.9691524 -37.8114196, 144.9694931 -37.8113165)"
6865975529,6722197752,,footway,24.644910074391827,"LINESTRING (144.9694931 -37.8113165, 144.9697563 -37.811241)"
6722197752,6722197753,,footway,22.288157589740774,"LINESTRING (144.9697563 -37.811241, 144.9699933 -37.8111705)"
6722197753,6722197754,,footway,7.851049185385778,"LINESTRING (144.9699933 -37.8111705, 144.9700784 -37.8111494)"
6722197754,6722197755,,footway,11.521028738453792,"LINESTRING (144.9700784 -37.8111494, 144.9702004 -37.8111119)"
6722197755,6722197756,,footway,6.2865397503939295,"LINESTRING (144.9702004 -37.8111119, 144.9702677 -37.811093)"
6722197756,12542951574,,footway,56.17078707084041,"LINESTRING (144.9702677 -37.811093, 144.9708654 -37.8109162)"
12542951574,6722197757,,footway,2.574814632054854,"LINESTRING (144.9708654 -37.8109162, 144.9708928 -37.8109081)"
6722197757,6722197758,,footway,29.89577468713109,"LINESTRING (144.9708928 -37.8109081, 144.9712111 -37.8108144)"
6722197758,12542951572,,footway,2.918122966326996,"LINESTRING (144.9712111 -37.8108144, 144.971242 -37.8108049)"
12542951572,6722197759,,footway,33.667093966121946,"LINESTRING (144.971242 -37.8108049, 144.9715986 -37.8106955)"
6722197759,6722197760,,footway,20.139778096819754,"LINESTRING (144.9715986 -37.8106955, 144.9718111 -37.8106284)"
6722197760,6722197761,,footway,61.00322774944438,"LINESTRING (144.9718111 -37.8106284, 144.9724624 -37.8104411)"
6722197753,6283768297,,footway,34.21742402049407,"LINESTRING (144.9699933 -37.8111705, 144.9701296 -37.8114592)"
6283768297,6167344543,,footway,33.47671608847906,"LINESTRING (144.9701296 -37.8114592, 144.9702604 -37.8117424)"
6167344543,6167417968,,footway,30.99066077383941,"LINESTRING (144.9702604 -37.8117424, 144.9703841 -37.8120038)"
6722197736,6167344542,,footway,5.338086916457336,"LINESTRING (144.9699631 -37.8110999, 144.9699816 -37.8111457)"
6167344542,6722197753,,footway,2.9390948864086828,"LINESTRING (144.9699816 -37.8111457, 144.9699933 -37.8111705)"
6722197733,6167344601,,footway,97.36009168003073,"LINESTRING (144.970227 -37.8110044, 144.9698524 -37.8101791)"
6722197756,6167344600,,footway,3.3909148306054595,"LINESTRING (144.9702677 -37.811093, 144.9702545 -37.8110643)"
6167344600,6722197733,,footway,7.075703265221972,"LINESTRING (144.9702545 -37.8110643, 144.970227 -37.8110044)"
6722197773,6167344376,,footway,2.257134500754284,"LINESTRING (144.9675172 -37.8118703, 144.9675084 -37.8118512)"
6167344376,6722197744,,footway,2.0514403732546915,"LINESTRING (144.9675084 -37.8118512, 144.9675002 -37.8118339)"
10904155328,10904155332,,footway,3.063730960340247,"LINESTRING (144.965347 -37.8125316, 144.9653803 -37.8125236)"
10904155332,10904155331,,footway,5.275808956904441,"LINESTRING (144.9653803 -37.8125236, 144.9654363 -37.8125067)"
10904155331,10904155336,,footway,2.2120686881447797,"LINESTRING (144.9654363 -37.8125067, 144.9654534 -37.8124921)"
10904155336,6722197767,,footway,14.842468380283107,"LINESTRING (144.9654534 -37.8124921, 144.9656138 -37.812451)"
6722197767,6722197768,,footway,27.232504879405486,"LINESTRING (144.9656138 -37.812451, 144.9659021 -37.8123622)"
6722197768,6722197769,,footway,54.096220609989764,"LINESTRING (144.9659021 -37.8123622, 144.9664787 -37.812194)"
6722197769,6722197778,,footway,18.28395569044577,"LINESTRING (144.9664787 -37.812194, 144.9666737 -37.8121374)"
6722197778,6722197770,,footway,16.25591132199506,"LINESTRING (144.9666737 -37.8121374, 144.9668457 -37.8120842)"
6722197770,6722197771,,footway,11.505253790187485,"LINESTRING (144.9668457 -37.8120842, 144.9669678 -37.8120473)"
6722197771,13871466928,,footway,11.47567092290041,"LINESTRING (144.9669678 -37.8120473, 144.9670902 -37.8120118)"
13871466928,6893904168,,footway,6.001798504280568,"LINESTRING (144.9670902 -37.8120118, 144.9671542 -37.8119932)"
6893904168,6722197772,,footway,7.388116448698929,"LINESTRING (144.9671542 -37.8119932, 144.9672327 -37.8119697)"
6722197772,13807289058,,footway,27.296300701639204,"LINESTRING (144.9672327 -37.8119697, 144.967524 -37.8118856)"
13807289057,6722197774,,footway,6.130562885913875,"LINESTRING (144.9675501 -37.811896, 144.9676157 -37.8118775)"
6722197774,6722197775,,footway,11.247419045292117,"LINESTRING (144.9676157 -37.8118775, 144.9677358 -37.811843)"
6722197775,13807289059,,footway,3.7705308319343884,"LINESTRING (144.9677358 -37.811843, 144.967776 -37.8118313)"
13807289060,6722197747,,footway,3.0430077876935147,"LINESTRING (144.9678081 -37.8117838, 144.9678141 -37.8118108)"
6722197747,6167417965,,footway,99.19192835782924,"LINESTRING (144.9678141 -37.8118108, 144.9681948 -37.8126519)"
6722197776,6722197777,,footway,3.553716086964581,"LINESTRING (144.9666456 -37.8120785, 144.9666597 -37.8121085)"
6722197777,6722197778,,footway,3.43641403596904,"LINESTRING (144.9666597 -37.8121085, 144.9666737 -37.8121374)"
10904155321,6722197779,,footway,3.3540632230407246,"LINESTRING (144.9652719 -37.8125699, 144.965236 -37.81258)"
6722197779,7913341850,,footway,0.962390462238585,"LINESTRING (144.965236 -37.81258, 144.9652257 -37.8125829)"
7913341850,7913341852,,footway,1.768878143273234,"LINESTRING (144.9652257 -37.8125829, 144.9652068 -37.8125883)"
7913341852,7913341851,,footway,1.5686099855396718,"LINESTRING (144.9652068 -37.8125883, 144.96519 -37.812593)"
7913341851,6722197780,,footway,1.0030500375699527,"LINESTRING (144.96519 -37.812593, 144.9651793 -37.8125961)"
6722197780,10904155322,,footway,4.074709083025038,"LINESTRING (144.9651793 -37.8125961, 144.9651357 -37.8126084)"
10904155327,6722197782,,footway,24.810159163298607,"LINESTRING (144.9650634 -37.8126103, 144.9647994 -37.8126884)"
6722197782,6722197783,,footway,36.59143189610831,"LINESTRING (144.9647994 -37.8126884, 144.9644087 -37.8128007)"
6722197783,6722197784,,footway,16.0102322562987,"LINESTRING (144.9644087 -37.8128007, 144.9642393 -37.8128531)"
6722197784,6722209685,,footway,24.973767562261905,"LINESTRING (144.9642393 -37.8128531, 144.9639729 -37.8129303)"
6722209685,6722209686,,footway,16.47709394081268,"LINESTRING (144.9639729 -37.8129303, 144.9637968 -37.8129805)"
6722209686,6722209687,,footway,45.36600412453385,"LINESTRING (144.9637968 -37.8129805, 144.9633129 -37.8131208)"
6722209687,6722209688,,footway,37.399947535855304,"LINESTRING (144.9633129 -37.8131208, 144.9629152 -37.8132391)"
6722209688,6167441061,,footway,6.184435875955683,"LINESTRING (144.9629152 -37.8132391, 144.9628752 -37.8132849)"
6167441056,6722209689,,footway,3.3651636565582996,"LINESTRING (144.9628275 -37.8131771, 144.9628657 -37.8131762)"
6722209689,6722209690,,footway,21.332904908873267,"LINESTRING (144.9628657 -37.8131762, 144.9630923 -37.8131082)"
6722209690,6696274743,,footway,56.8003673038829,"LINESTRING (144.9630923 -37.8131082, 144.9636927 -37.8129211)"
6696274742,6722209691,,footway,52.409236474644224,"LINESTRING (144.9637604 -37.812901, 144.9643211 -37.8127426)"
6722209691,6722209692,,footway,37.21509475858542,"LINESTRING (144.9643211 -37.8127426, 144.9647191 -37.8126298)"
6722209692,10904155326,,footway,29.187659745227432,"LINESTRING (144.9647191 -37.8126298, 144.9650311 -37.812541)"
10904155323,7913341853,,footway,4.969942322759955,"LINESTRING (144.9650891 -37.8125055, 144.9651425 -37.812491)"
7913341853,6722209695,,footway,1.52804007208767,"LINESTRING (144.9651425 -37.812491, 144.9651589 -37.8124865)"
6722209695,7913341849,,footway,1.6268713686694474,"LINESTRING (144.9651589 -37.8124865, 144.9651764 -37.8124818)"
7913341849,10904155324,,footway,4.40424582659954,"LINESTRING (144.9651764 -37.8124818, 144.9652237 -37.8124689)"
6167489453,6722209697,,footway,62.234282705582785,"LINESTRING (144.9604015 -37.8139816, 144.9610614 -37.8137808)"
6722209697,6722209698,,footway,20.403588760119085,"LINESTRING (144.9610614 -37.8137808, 144.9612789 -37.8137174)"
6722209698,6722209699,,footway,17.81125754542929,"LINESTRING (144.9612789 -37.8137174, 144.9614676 -37.8136596)"
6722209699,6722209700,,footway,12.108476537980238,"LINESTRING (144.9614676 -37.8136596, 144.9615978 -37.8136245)"
6722209700,6722209701,,footway,20.470147373651617,"LINESTRING (144.9615978 -37.8136245, 144.9618171 -37.8135633)"
6722209701,6722209702,,footway,20.474788351956786,"LINESTRING (144.9618171 -37.8135633, 144.9620365 -37.8135022)"
6722209702,11087142624,,footway,26.380558466947498,"LINESTRING (144.9620365 -37.8135022, 144.9623177 -37.8134202)"
6167489456,6722209705,,footway,5.144786547342405,"LINESTRING (144.9601084 -37.8140793, 144.9600504 -37.8140849)"
6722209705,6722209706,,footway,33.94943650779745,"LINESTRING (144.9600504 -37.8140849, 144.959685 -37.8141825)"
6722209706,6722209707,,footway,11.895370445012942,"LINESTRING (144.959685 -37.8141825, 144.9595584 -37.8142199)"
6722209707,6722209708,,footway,33.96446461819395,"LINESTRING (144.9595584 -37.8142199, 144.959196 -37.8143247)"
6722209708,6722209709,,footway,39.356107316566494,"LINESTRING (144.959196 -37.8143247, 144.9587761 -37.8144462)"
6722209709,13784696278,,footway,16.095043103446624,"LINESTRING (144.9587761 -37.8144462, 144.9586042 -37.8144955)"
13784696278,13784696295,,footway,11.579175100171854,"LINESTRING (144.9586042 -37.8144955, 144.9584805 -37.8145309)"
13784696295,13784696284,,footway,9.515156804203224,"LINESTRING (144.9584805 -37.8145309, 144.9583789 -37.8145601)"
13784696284,6722209710,,footway,7.4970538999282015,"LINESTRING (144.9583789 -37.8145601, 144.9582988 -37.814583)"
6722209710,6722209711,,footway,36.22393692642848,"LINESTRING (144.9582988 -37.814583, 144.9579118 -37.8146937)"
6722209712,6722209713,,footway,100.22546028935955,"LINESTRING (144.9578815 -37.8146261, 144.9589518 -37.8143188)"
6722209713,6722209714,,footway,40.20380390995919,"LINESTRING (144.9589518 -37.8143188, 144.9593813 -37.8141959)"
6722209714,6722209715,,footway,31.748876356864795,"LINESTRING (144.9593813 -37.8141959, 144.9597233 -37.8141053)"
6722209715,6722209716,,footway,14.891799344352957,"LINESTRING (144.9597233 -37.8141053, 144.9598818 -37.8140585)"
6722209716,6722209717,,footway,15.72053393341255,"LINESTRING (144.9598818 -37.8140585, 144.9600486 -37.814008)"
6722209717,6167489452,,footway,3.0685559311176673,"LINESTRING (144.9600486 -37.814008, 144.9600717 -37.8139873)"
6722209712,6722694954,,footway,3.359673831087113,"LINESTRING (144.9578815 -37.8146261, 144.9578446 -37.8146338)"
6722694954,7088275787,,footway,7.50244605351465,"LINESTRING (144.9578446 -37.8146338, 144.9577649 -37.8146577)"
7088275787,7913379008,,footway,3.585984255809717,"LINESTRING (144.9577649 -37.8146577, 144.9577267 -37.8146689)"
7913379008,6722694955,,footway,3.869469506540725,"LINESTRING (144.9577267 -37.8146689, 144.957685 -37.8146799)"
6722694955,7961383813,,footway,3.7563196336045745,"LINESTRING (144.957685 -37.8146799, 144.9576447 -37.814691)"
7961383813,6722694956,,footway,3.2691745038977045,"LINESTRING (144.9576447 -37.814691, 144.9576096 -37.8147006)"
6722209711,6722694957,,footway,3.2799493072975774,"LINESTRING (144.9579118 -37.8146937, 144.9578786 -37.8147071)"
6722694957,9642293309,,footway,3.2416287218201263,"LINESTRING (144.9578786 -37.8147071, 144.9578446 -37.8147183)"
9642293309,7088275788,,footway,4.461305244746089,"LINESTRING (144.9578446 -37.8147183, 144.9577978 -37.8147337)"
7088275788,7913379007,,footway,3.409690192342053,"LINESTRING (144.9577978 -37.8147337, 144.9577611 -37.8147435)"
7913379007,9642293308,,footway,1.551329185211387,"LINESTRING (144.9577611 -37.8147435, 144.9577446 -37.8147484)"
9642293308,6722694958,,footway,2.31659041956013,"LINESTRING (144.9577446 -37.8147484, 144.95772 -37.8147558)"
6722694958,7961383812,,footway,3.6096214635084967,"LINESTRING (144.95772 -37.8147558, 144.957682 -37.814768)"
7961383812,10227799801,,footway,4.625059049118702,"LINESTRING (144.957682 -37.814768, 144.9576382 -37.814791)"
10227799801,6722694959,,footway,5.458540913566414,"LINESTRING (144.9576382 -37.814791, 144.9576591 -37.8148373)"
6722694959,6167417926,,footway,87.572452777406,"LINESTRING (144.9576591 -37.8148373, 144.9580239 -37.8155713)"
6167417926,10227799793,,footway,2.829053909771502,"LINESTRING (144.9580239 -37.8155713, 144.9580354 -37.8155951)"
6722209711,6522457703,,footway,48.16907372553716,"LINESTRING (144.9579118 -37.8146937, 144.9580965 -37.8151022)"
6522457703,6167417931,,footway,50.359177123068775,"LINESTRING (144.9580965 -37.8151022, 144.9582947 -37.8155278)"
6722209712,6522457697,,footway,2.9060665235034984,"LINESTRING (144.9578815 -37.8146261, 144.9578928 -37.8146507)"
6522457697,6722209711,,footway,5.057419857324063,"LINESTRING (144.9578928 -37.8146507, 144.9579118 -37.8146937)"
13240119466,6722694961,,footway,7.681493477389945,"LINESTRING (144.9563617 -37.8150502, 144.9562806 -37.8150757)"
6722694961,7799762527,,footway,5.06792222228525,"LINESTRING (144.9562806 -37.8150757, 144.9562266 -37.8150915)"
7799762527,6722694962,,footway,31.26920922845268,"LINESTRING (144.9562266 -37.8150915, 144.9558947 -37.8151917)"
6722694962,13206122583,,footway,2.5946876810489523,"LINESTRING (144.9558947 -37.8151917, 144.9558674 -37.8152005)"
10227799801,9765710405,,footway,41.81635306131045,"LINESTRING (144.9576382 -37.814791, 144.9571906 -37.8149169)"
9765710405,10227799798,,footway,23.189199631580458,"LINESTRING (144.9571906 -37.8149169, 144.9569431 -37.8149883)"
10227799798,6722694967,,footway,12.948822116498876,"LINESTRING (144.9569431 -37.8149883, 144.956806 -37.8150305)"
6722694967,6722694968,,footway,44.86038311411843,"LINESTRING (144.956806 -37.8150305, 144.9563239 -37.8151612)"
6722694968,7799762526,,footway,5.2169078488812985,"LINESTRING (144.9563239 -37.8151612, 144.9562681 -37.815177)"
7799762526,6722694969,,footway,51.95844379066999,"LINESTRING (144.9562681 -37.815177, 144.9557121 -37.8153338)"
6722694969,6407790015,,footway,24.566518441025192,"LINESTRING (144.9557121 -37.8153338, 144.9554488 -37.815407)"
6722694964,6722694965,,footway,8.859665130635507,"LINESTRING (144.9554088 -37.8153357, 144.9553138 -37.815362)"
6722694965,6722694971,,footway,13.053239518656598,"LINESTRING (144.9553138 -37.815362, 144.9551739 -37.8154009)"
6722694971,6722694972,,footway,4.980669787522591,"LINESTRING (144.9551739 -37.8154009, 144.9551205 -37.8154157)"
6722694964,6722694973,,footway,3.133387663657164,"LINESTRING (144.9554088 -37.8153357, 144.9554238 -37.8153613)"
6722694973,6407790015,,footway,5.529440357330255,"LINESTRING (144.9554238 -37.8153613, 144.9554488 -37.815407)"
6407790011,6722694974,,footway,4.967815512865901,"LINESTRING (144.9551523 -37.8154871, 144.9551335 -37.8154449)"
6722694974,6722694972,,footway,3.4371957656404004,"LINESTRING (144.9551335 -37.8154449, 144.9551205 -37.8154157)"
6722694972,6722694975,,footway,24.295697393953823,"LINESTRING (144.9551205 -37.8154157, 144.9548579 -37.8154829)"
6722694975,6722694976,,footway,27.542299218959798,"LINESTRING (144.9548579 -37.8154829, 144.9545625 -37.8155645)"
6722694976,13762604292,,footway,19.610798005424034,"LINESTRING (144.9545625 -37.8155645, 144.9543527 -37.8156238)"
13762604292,6722694978,,footway,28.58956034851324,"LINESTRING (144.9543527 -37.8156238, 144.9540489 -37.8157147)"
6722694978,13762513564,,footway,102.12129666281811,"LINESTRING (144.9540489 -37.8157147, 144.9529554 -37.8160213)"
13762513564,6722694979,,footway,1.9997269776279887,"LINESTRING (144.9529554 -37.8160213, 144.9529332 -37.8160175)"
6722694980,6722694981,,footway,133.78173046423316,"LINESTRING (144.9529718 -37.8161064, 144.9544006 -37.8156965)"
6722694981,13206119492,,footway,8.115186702297171,"LINESTRING (144.9544006 -37.8156965, 144.9544873 -37.8156717)"
6722694980,6722694983,,footway,6.637917791074434,"LINESTRING (144.9529718 -37.8161064, 144.9529016 -37.8161282)"
6722694983,7913378952,,footway,5.5493450381397755,"LINESTRING (144.9529016 -37.8161282, 144.9528429 -37.8161464)"
7913378952,7913378953,,footway,3.204383742997345,"LINESTRING (144.9528429 -37.8161464, 144.952809 -37.8161569)"
7913378953,6722694984,,footway,5.275150629048933,"LINESTRING (144.952809 -37.8161569, 144.9527532 -37.8161742)"
6722694984,6722698085,,footway,8.082564462852568,"LINESTRING (144.9527532 -37.8161742, 144.9526677 -37.8162007)"
6722694979,6722698086,,footway,6.848738989572148,"LINESTRING (144.9529332 -37.8160175, 144.9528602 -37.8160388)"
6722698086,7913378954,,footway,5.571591726767407,"LINESTRING (144.9528602 -37.8160388, 144.9528008 -37.8160561)"
7913378954,7913378955,,footway,3.1604140212917704,"LINESTRING (144.9528008 -37.8160561, 144.9527671 -37.8160659)"
7913378955,6722698087,,footway,5.190628232261182,"LINESTRING (144.9527671 -37.8160659, 144.9527118 -37.8160821)"
6722698087,6722698088,,footway,8.00312421864043,"LINESTRING (144.9527118 -37.8160821, 144.9526265 -37.816107)"
6722694979,6167231001,,footway,53.467469978037286,"LINESTRING (144.9529332 -37.8160175, 144.9527205 -37.8155663)"
6167231001,6167231002,,footway,43.57958427519677,"LINESTRING (144.9527205 -37.8155663, 144.95255 -37.8151977)"
6722694980,6167231000,,footway,4.104069144976987,"LINESTRING (144.9529718 -37.8161064, 144.9529557 -37.8160717)"
6167231000,6722694979,,footway,6.333645846418226,"LINESTRING (144.9529557 -37.8160717, 144.9529332 -37.8160175)"
6167231017,13249511340,,footway,3.404366072377283,"LINESTRING (144.9522502 -37.8152793, 144.9522369 -37.8152505)"
13249511340,6167231007,,footway,3.5298432161488327,"LINESTRING (144.9522369 -37.8152505, 144.9522229 -37.8152207)"
6167231007,6167231008,,footway,9.995707432639474,"LINESTRING (144.9522229 -37.8152207, 144.9521833 -37.8151363)"
6167231008,11031787364,,footway,5.221379148108943,"LINESTRING (144.9521833 -37.8151363, 144.952163 -37.8150921)"
11031787364,6167278761,,footway,5.290732503416898,"LINESTRING (144.952163 -37.8150921, 144.9521443 -37.8150468)"
6167278761,11031787377,,footway,54.470383342530276,"LINESTRING (144.9521443 -37.8150468, 144.9519274 -37.8145872)"
11031787377,6167231016,,footway,145.99823052771535,"LINESTRING (144.9519274 -37.8145872, 144.9513512 -37.8133538)"
6167231016,6167231009,,footway,2.1268610159327253,"LINESTRING (144.9513512 -37.8133538, 144.9513403 -37.8133367)"
6167231009,6167278765,,footway,2.0002887338358013,"LINESTRING (144.9513403 -37.8133367, 144.9513279 -37.8133216)"
6167417922,6722792736,,footway,53.87597073061098,"LINESTRING (144.9558323 -37.8162367, 144.9556125 -37.8157837)"
6722792736,6407790015,,footway,44.22586000640271,"LINESTRING (144.9556125 -37.8157837, 144.9554488 -37.815407)"
6722694964,6167231025,,footway,98.1880634155221,"LINESTRING (144.9554088 -37.8153357, 144.955032 -37.8145031)"
6722694972,6722792737,,footway,61.50436987440714,"LINESTRING (144.9551205 -37.8154157, 144.954884 -37.8148943)"
6722792737,6722792738,,footway,36.341582208670836,"LINESTRING (144.954884 -37.8148943, 144.9547412 -37.8145871)"
6725404919,11140049084,,footway,68.91879232396177,"LINESTRING (144.9520774 -37.8141758, 144.9528113 -37.81396)"
11140049084,6725404920,,footway,63.31399655106915,"LINESTRING (144.9528113 -37.81396, 144.9534836 -37.8137577)"
6725404920,13739962950,,footway,2.484152821321959,"LINESTRING (144.9534836 -37.8137577, 144.9535098 -37.8137494)"
6725404924,6725404925,,footway,35.210661986839355,"LINESTRING (144.9520367 -37.8140889, 144.952412 -37.8139794)"
6725404925,6725404926,,footway,64.5348436074309,"LINESTRING (144.952412 -37.8139794, 144.9530999 -37.8137788)"
6725404926,6725404927,,footway,39.89014968963127,"LINESTRING (144.9530999 -37.8137788, 144.9535251 -37.8136548)"
6725404927,6725404928,,footway,21.627445809103257,"LINESTRING (144.9535251 -37.8136548, 144.9537556 -37.8135875)"
6725404928,6725404929,,footway,43.1569692658528,"LINESTRING (144.9537556 -37.8135875, 144.9542156 -37.8134533)"
6725404924,6167278759,,footway,4.625094166627179,"LINESTRING (144.9520367 -37.8140889, 144.9520552 -37.8141279)"
6167278759,6725404919,,footway,5.664544662917032,"LINESTRING (144.9520552 -37.8141279, 144.9520774 -37.8141758)"
6725404919,6167278760,,footway,93.18095819122533,"LINESTRING (144.9520774 -37.8141758, 144.9524492 -37.8149618)"
6725404921,6725404931,,footway,7.437018390630774,"LINESTRING (144.9542505 -37.8135349, 144.9543301 -37.8135125)"
6725404931,6725404932,,footway,12.688489789749212,"LINESTRING (144.9543301 -37.8135125, 144.9544649 -37.8134721)"
6725404932,6725404933,,footway,7.362550267085548,"LINESTRING (144.9544649 -37.8134721, 144.9545428 -37.813448)"
6725404921,6725404934,,footway,4.808852623447651,"LINESTRING (144.9542505 -37.8135349, 144.9542311 -37.8134944)"
6725404934,6725404929,,footway,4.761605403124546,"LINESTRING (144.9542311 -37.8134944, 144.9542156 -37.8134533)"
6725404929,6725404935,,footway,7.317196328880212,"LINESTRING (144.9542156 -37.8134533, 144.9542938 -37.813431)"
6725404935,6725404936,,footway,12.691664435639863,"LINESTRING (144.9542938 -37.813431, 144.9544292 -37.8133918)"
6725404936,6725404937,,footway,7.437895351202638,"LINESTRING (144.9544292 -37.8133918, 144.9545106 -37.8133739)"
6725404933,6725404939,,footway,42.51235268078824,"LINESTRING (144.9545428 -37.813448, 144.9549968 -37.8133177)"
6725404939,6725404940,,footway,60.18664272386801,"LINESTRING (144.9549968 -37.8133177, 144.9556375 -37.8131288)"
6725404940,11086810157,,footway,19.34400731061433,"LINESTRING (144.9556375 -37.8131288, 144.9558451 -37.8130718)"
11086810157,6725404941,,footway,20.02407062193576,"LINESTRING (144.9558451 -37.8130718, 144.95606 -37.8130128)"
6725404941,6725404942,,footway,29.12289537643385,"LINESTRING (144.95606 -37.8130128, 144.9563681 -37.8129174)"
6725404942,6725404943,,footway,32.10812316836694,"LINESTRING (144.9563681 -37.8129174, 144.9567141 -37.8128261)"
6725404943,6696357535,,footway,2.656459054039731,"LINESTRING (144.9567141 -37.8128261, 144.9567438 -37.8128303)"
6696357531,6725404944,,footway,41.98074706899949,"LINESTRING (144.956702 -37.812734, 144.9562548 -37.8128651)"
6725404944,6725404945,,footway,50.433847363785134,"LINESTRING (144.9562548 -37.8128651, 144.9557176 -37.8130227)"
6725404945,11089400957,,footway,29.548353011690217,"LINESTRING (144.9557176 -37.8130227, 144.9554028 -37.8131149)"
6696357538,6725404948,,footway,3.3151301280048204,"LINESTRING (144.9570281 -37.8127503, 144.9570587 -37.8127329)"
6725404948,6725404949,,footway,86.20733516617524,"LINESTRING (144.9570587 -37.8127329, 144.9579774 -37.8124645)"
6725404949,6725404950,,footway,59.75210471177444,"LINESTRING (144.9579774 -37.8124645, 144.9586124 -37.8122747)"
6725404950,6725404951,,footway,52.78608803519668,"LINESTRING (144.9586124 -37.8122747, 144.959179 -37.8121194)"
6725404951,6167489431,,footway,3.6917971235007987,"LINESTRING (144.959179 -37.8121194, 144.9592195 -37.8121108)"
6696357534,6725404952,,footway,2.5724651662750273,"LINESTRING (144.9569904 -37.8126467, 144.9570145 -37.8126598)"
6725404952,6725404953,,footway,140.11934473741002,"LINESTRING (144.9570145 -37.8126598, 144.9585049 -37.8122175)"
6725404953,6725404954,,footway,58.75763681410145,"LINESTRING (144.9585049 -37.8122175, 144.9591321 -37.8120368)"
6725404954,6167489429,,footway,4.921539734858632,"LINESTRING (144.9591321 -37.8120368, 144.9591826 -37.8120178)"
11087142627,6725404958,,footway,35.908972905487786,"LINESTRING (144.9603971 -37.8117414, 144.9607794 -37.8116288)"
6725404958,6725404959,,footway,57.59901819382509,"LINESTRING (144.9607794 -37.8116288, 144.9613979 -37.8114599)"
6725404959,6725404960,,footway,24.522535295556374,"LINESTRING (144.9613979 -37.8114599, 144.9616614 -37.8113884)"
6725404960,6167440995,,footway,2.9678406607252166,"LINESTRING (144.9616614 -37.8113884, 144.9616951 -37.811388)"
6167489428,6725404961,,footway,4.547297687063874,"LINESTRING (144.9594646 -37.8119364, 144.9595159 -37.8119317)"
6725404961,6725404969,,footway,68.85598588390329,"LINESTRING (144.9595159 -37.8119317, 144.9602516 -37.8117215)"
6725404969,6725404962,,footway,69.1902732344316,"LINESTRING (144.9602516 -37.8117215, 144.9609866 -37.8115011)"
6725404962,6725404963,,footway,35.646792851213824,"LINESTRING (144.9609866 -37.8115011, 144.9613686 -37.8113948)"
6725404963,6725404964,,footway,22.930582342036566,"LINESTRING (144.9613686 -37.8113948, 144.9616131 -37.8113237)"
6725404964,6167440997,,footway,5.112999370063675,"LINESTRING (144.9616131 -37.8113237, 144.961647 -37.8112863)"
6725404968,6725404967,,footway,2.8389469873313504,"LINESTRING (144.9602775 -37.8117772, 144.9602667 -37.8117531)"
6725404967,6725404969,,footway,3.7509444354152883,"LINESTRING (144.9602667 -37.8117531, 144.9602516 -37.8117215)"
6167441048,9815371430,,footway,5.0106800415268316,"LINESTRING (144.9619566 -37.8113083, 144.9620081 -37.8112891)"
9815371430,6725404970,,footway,3.8339367483337554,"LINESTRING (144.9620081 -37.8112891, 144.9620475 -37.8112744)"
6725404970,9815371429,,footway,19.88402072034122,"LINESTRING (144.9620475 -37.8112744, 144.9622586 -37.8112108)"
9815371429,9815371436,,footway,3.7370511819831274,"LINESTRING (144.9622586 -37.8112108, 144.9622983 -37.8111989)"
9815371436,8633692029,,footway,14.522228337667176,"LINESTRING (144.9622983 -37.8111989, 144.9624525 -37.8111525)"
8633692029,9815371434,,footway,16.3682099486669,"LINESTRING (144.9624525 -37.8111525, 144.9626263 -37.8111002)"
9815371434,6725404971,,footway,21.967359078831848,"LINESTRING (144.9626263 -37.8111002, 144.9628595 -37.8110299)"
6725404971,12160986445,,footway,24.96206668245033,"LINESTRING (144.9628595 -37.8110299, 144.9631251 -37.8109513)"
12160986445,6806666958,,footway,3.8724218412745635,"LINESTRING (144.9631251 -37.8109513, 144.9631663 -37.8109391)"
6806666958,6725404972,,footway,67.51366798155908,"LINESTRING (144.9631663 -37.8109391, 144.9638846 -37.8107264)"
6725404972,10904158289,,footway,25.777904788758352,"LINESTRING (144.9638846 -37.8107264, 144.9641582 -37.8106438)"
10904158288,6725404975,,footway,45.54380502473523,"LINESTRING (144.9641292 -37.8105813, 144.9636447 -37.8107249)"
6725404975,6806666959,,footway,47.7754408251343,"LINESTRING (144.9636447 -37.8107249, 144.9631356 -37.8108737)"
6806666959,6725404976,,footway,82.23341859198533,"LINESTRING (144.9631356 -37.8108737, 144.9622593 -37.8111298)"
6725404976,6167441042,,footway,31.688765840764386,"LINESTRING (144.9622593 -37.8111298, 144.9619154 -37.8112139)"
10904158285,1558806077,,footway,2.710745323449763,"LINESTRING (144.9641558 -37.8106385, 144.9641451 -37.8106156)"
1558806077,10904158284,,footway,2.646502158824062,"LINESTRING (144.9641451 -37.8106156, 144.9641348 -37.8105932)"
10904158284,10904158288,,footway,1.4098607730997434,"LINESTRING (144.9641348 -37.8105932, 144.9641292 -37.8105813)"
10904158288,6725404974,,footway,2.4481264804065512,"LINESTRING (144.9641292 -37.8105813, 144.9641388 -37.8105606)"
6725404974,2190629351,,footway,13.60454352150997,"LINESTRING (144.9641388 -37.8105606, 144.964085 -37.8104457)"
2190629351,593476101,,footway,37.24461434712678,"LINESTRING (144.964085 -37.8104457, 144.9639382 -37.810131)"
593476101,9731738509,,footway,23.614457279445713,"LINESTRING (144.9639382 -37.810131, 144.9638457 -37.8099313)"
9731738509,2190629355,,footway,12.456668627316725,"LINESTRING (144.9638457 -37.8099313, 144.9637978 -37.8098257)"
2190629355,12164737826,,footway,2.710748981859631,"LINESTRING (144.9637978 -37.8098257, 144.9637871 -37.8098028)"
12164737826,6167266620,,footway,3.1613168652841677,"LINESTRING (144.9637871 -37.8098028, 144.9637746 -37.8097761)"
6167266620,6167289289,,footway,5.146265663697653,"LINESTRING (144.9637746 -37.8097761, 144.9637316 -37.8097447)"
10904158283,6725404977,,footway,3.817356201633244,"LINESTRING (144.9641802 -37.8105487, 144.9642211 -37.8105373)"
6725404977,7912946293,,footway,1.7393947580694038,"LINESTRING (144.9642211 -37.8105373, 144.9642395 -37.8105316)"
7912946293,7912946294,,footway,0.2620625421411632,"LINESTRING (144.9642395 -37.8105316, 144.9642423 -37.8105308)"
7912946294,3394697653,,footway,1.4247867559843543,"LINESTRING (144.9642423 -37.8105308, 144.9642575 -37.8105264)"
3394697653,7912946292,,footway,1.5927121608802857,"LINESTRING (144.9642575 -37.8105264, 144.9642745 -37.8105215)"
7912946292,6725404979,,footway,2.3788979284694265,"LINESTRING (144.9642745 -37.8105215, 144.9642999 -37.8105142)"
6725404979,10904158278,,footway,3.0626716316106877,"LINESTRING (144.9642999 -37.8105142, 144.9643326 -37.8105048)"
10904158282,7912946300,,footway,5.652497985537914,"LINESTRING (144.9642259 -37.8106483, 144.9642859 -37.8106302)"
7912946300,6725404981,,footway,1.6004262997474414,"LINESTRING (144.9642859 -37.8106302, 144.9643029 -37.8106251)"
6725404981,7912946297,,footway,0.5204685327015646,"LINESTRING (144.9643029 -37.8106251, 144.9643085 -37.8106236)"
7912946297,7912946295,,footway,1.1745848306410234,"LINESTRING (144.9643085 -37.8106236, 144.9643209 -37.8106197)"
7912946295,10904158281,,footway,5.3210301896350325,"LINESTRING (144.9643209 -37.8106197, 144.9643774 -37.8106027)"
10904158280,6167266590,,footway,1.8379281927613949,"LINESTRING (144.9644248 -37.8105478, 144.9644178 -37.8105322)"
6167266590,10904158279,,footway,1.7052110017110296,"LINESTRING (144.9644178 -37.8105322, 144.9644114 -37.8105177)"
10904158279,6167266591,,footway,3.7555346317764764,"LINESTRING (144.9644114 -37.8105177, 144.9643912 -37.8104879)"
6167266591,2190629350,,footway,13.907283069728926,"LINESTRING (144.9643912 -37.8104879, 144.9643337 -37.8103712)"
2190629350,10904440479,,footway,29.87612918163387,"LINESTRING (144.9643337 -37.8103712, 144.9642214 -37.8101172)"
10904440479,6573517641,,footway,4.32780593910426,"LINESTRING (144.9642214 -37.8101172, 144.9641911 -37.8100865)"
6573517641,2190629358,,footway,39.526711564832844,"LINESTRING (144.9641911 -37.8100865, 144.9640438 -37.8097501)"
2190629358,10904440478,,footway,5.778180710851881,"LINESTRING (144.9640438 -37.8097501, 144.9640187 -37.809702)"
10904440478,6167266592,,footway,4.864791743521695,"LINESTRING (144.9640187 -37.809702, 144.9640294 -37.809659)"
6167266591,10904158290,,footway,18.177233269465976,"LINESTRING (144.9643912 -37.8104879, 144.9645869 -37.8104358)"
10904158290,6725404983,,footway,187.64276962011567,"LINESTRING (144.9645869 -37.8104358, 144.9665856 -37.8098496)"
10904158286,12482435929,,footway,99.74793729480292,"LINESTRING (144.9644311 -37.8105557, 144.9654953 -37.8102478)"
12482435929,12482478355,,footway,12.428799546758798,"LINESTRING (144.9654953 -37.8102478, 144.9656277 -37.810209)"
12482478355,12482902433,,footway,23.479793024695514,"LINESTRING (144.9656277 -37.810209, 144.9658781 -37.8101363)"
12482902433,6725414986,,footway,69.44295992874837,"LINESTRING (144.9658781 -37.8101363, 144.966621 -37.8099264)"
6725404983,6725414987,,footway,7.450216810159607,"LINESTRING (144.9665856 -37.8098496, 144.9666654 -37.8098273)"
6725414987,6725414988,,footway,13.49148176579846,"LINESTRING (144.9666654 -37.8098273, 144.9668113 -37.8097902)"
6725414988,6725414989,,footway,5.984079138229669,"LINESTRING (144.9668113 -37.8097902, 144.9668778 -37.8097791)"
6725414986,6725414990,,footway,7.430565821272983,"LINESTRING (144.966621 -37.8099264, 144.9667002 -37.8099033)"
6725414990,6725414991,,footway,13.512868495826652,"LINESTRING (144.9667002 -37.8099033, 144.966844 -37.8098608)"
6725414991,6725414992,,footway,5.767943752297779,"LINESTRING (144.966844 -37.8098608, 144.9669054 -37.8098427)"
6725414986,6167344383,,footway,4.07116415291304,"LINESTRING (144.966621 -37.8099264, 144.9666053 -37.8098919)"
6167344383,6725404983,,footway,5.00521016206094,"LINESTRING (144.9666053 -37.8098919, 144.9665856 -37.8098496)"
6725404983,6806666965,,footway,45.69213322869942,"LINESTRING (144.9665856 -37.8098496, 144.9664049 -37.8094637)"
6806666965,6167344384,,footway,50.85102451832919,"LINESTRING (144.9664049 -37.8094637, 144.9662126 -37.8090317)"
6725414989,6167344514,,footway,3.4300017939826066,"LINESTRING (144.9668778 -37.8097791, 144.9668898 -37.8098085)"
6167344514,6725414992,,footway,4.03685601382803,"LINESTRING (144.9668898 -37.8098085, 144.9669054 -37.8098427)"
6725414992,6167344515,,footway,98.76280532112082,"LINESTRING (144.9669054 -37.8098427, 144.9672878 -37.8106792)"
6725414992,6725414995,,footway,24.65818117229601,"LINESTRING (144.9669054 -37.8098427, 144.9671675 -37.8097645)"
6725414995,6725415005,,footway,28.15409064999576,"LINESTRING (144.9671675 -37.8097645, 144.9674668 -37.8096753)"
6725415005,6725414996,,footway,90.32483515594959,"LINESTRING (144.9674668 -37.8096753, 144.9684251 -37.8093851)"
6725414989,6725414997,,footway,24.604022128644186,"LINESTRING (144.9668778 -37.8097791, 144.9671414 -37.8097056)"
6725414997,6725415006,,footway,28.066678197890205,"LINESTRING (144.9671414 -37.8097056, 144.9674409 -37.8096191)"
6725415006,6725414998,,footway,9.488119891286276,"LINESTRING (144.9674409 -37.8096191, 144.9675417 -37.8095889)"
6725414998,6725414999,,footway,40.96121167517433,"LINESTRING (144.9675417 -37.8095889, 144.9679725 -37.8094497)"
6725414999,6725415000,,footway,39.80072173056808,"LINESTRING (144.9679725 -37.8094497, 144.9683958 -37.809324)"
6725415000,6725415001,,footway,38.91458466728611,"LINESTRING (144.9683958 -37.809324, 144.9688113 -37.8092046)"
6725415001,6725415002,,footway,22.701299631692606,"LINESTRING (144.9688113 -37.8092046, 144.9690525 -37.8091324)"
6725415005,6725414993,,footway,3.689269048065346,"LINESTRING (144.9674668 -37.8096753, 144.9674527 -37.809644)"
6725414993,6725415006,,footway,2.95258958199542,"LINESTRING (144.9674527 -37.809644, 144.9674409 -37.8096191)"
6725415007,6167344538,,footway,98.07337181209236,"LINESTRING (144.9690875 -37.809209, 144.9694657 -37.8100401)"
6725415002,6167344537,,footway,4.5846483225586665,"LINESTRING (144.9690525 -37.8091324, 144.9690707 -37.8091711)"
6167344537,6725415007,,footway,4.459160040789966,"LINESTRING (144.9690707 -37.8091711, 144.9690875 -37.809209)"
6725415002,6725415008,,footway,6.95697378553162,"LINESTRING (144.9690525 -37.8091324, 144.9691275 -37.8091127)"
6725415008,6725415009,,footway,13.82025322398706,"LINESTRING (144.9691275 -37.8091127, 144.9692752 -37.8090706)"
6725415009,6725415010,,footway,6.495223060579062,"LINESTRING (144.9692752 -37.8090706, 144.9693436 -37.8090487)"
6725415007,6725415011,,footway,6.933209737333681,"LINESTRING (144.9690875 -37.809209, 144.9691609 -37.8091864)"
6725415011,6725415012,,footway,13.859833310746758,"LINESTRING (144.9691609 -37.8091864, 144.9693062 -37.8091384)"
6725415012,6725415013,,footway,6.442075028825422,"LINESTRING (144.9693062 -37.8091384, 144.969374 -37.8091166)"
6725415010,6725415014,,footway,70.1810647961334,"LINESTRING (144.9693436 -37.8090487, 144.9700912 -37.8088296)"
6725415014,6725415018,,footway,70.33703824991277,"LINESTRING (144.9700912 -37.8088296, 144.9708405 -37.8086101)"
6725415018,6725415015,,footway,63.2258382272405,"LINESTRING (144.9708405 -37.8086101, 144.971514 -37.8084127)"
6725415013,6725415016,,footway,101.24672972314481,"LINESTRING (144.969374 -37.8091166, 144.970454 -37.8088037)"
6725415016,6725415017,,footway,39.200275512277365,"LINESTRING (144.970454 -37.8088037, 144.9708702 -37.8086784)"
6725415017,12535969623,,footway,12.664421518947591,"LINESTRING (144.9708702 -37.8086784, 144.9710047 -37.808638)"
12535969623,12535969621,,footway,21.211197968531998,"LINESTRING (144.9710047 -37.808638, 144.97123 -37.8085704)"
12535969621,12535969622,,footway,29.455160752620134,"LINESTRING (144.97123 -37.8085704, 144.9715429 -37.8084766)"
255061155,6725415018,,footway,4.552718865584943,"LINESTRING (144.9708569 -37.808649, 144.9708405 -37.8086101)"
6725415010,6167289327,,footway,97.51624891414251,"LINESTRING (144.9693436 -37.8090487, 144.9689754 -37.8082201)"
6725415013,6167344605,,footway,3.5624542475514818,"LINESTRING (144.969374 -37.8091166, 144.9693603 -37.8090864)"
6167344605,6725415010,,footway,4.435297750091506,"LINESTRING (144.9693603 -37.8090864, 144.9693436 -37.8090487)"
6167413247,12609211310,,footway,2.27595234617097,"LINESTRING (144.9707557 -37.8121422, 144.9707563 -37.8121217)"
12609211310,6167344595,,footway,4.893974485678531,"LINESTRING (144.9707563 -37.8121217, 144.9707365 -37.8120805)"
6167344595,6167344596,,footway,4.673910354175528,"LINESTRING (144.9707365 -37.8120805, 144.9707188 -37.8120408)"
6167344596,6167344597,,footway,2.974669503102197,"LINESTRING (144.9707188 -37.8120408, 144.9707073 -37.8120156)"
6167344597,6167344598,,footway,3.907702997215195,"LINESTRING (144.9707073 -37.8120156, 144.9706915 -37.8119827)"
6167344598,6167417979,,footway,7.072065387318374,"LINESTRING (144.9706915 -37.8119827, 144.9706618 -37.8119235)"
6167417979,6167344599,,footway,28.954252547768736,"LINESTRING (144.9706618 -37.8119235, 144.9705406 -37.811681)"
6167344599,6722197756,,footway,69.54694692326918,"LINESTRING (144.9705406 -37.811681, 144.9702677 -37.811093)"
6167417968,6167344544,,footway,6.8313959899795655,"LINESTRING (144.9703841 -37.8120038, 144.9704121 -37.8120612)"
6167344544,6167344545,,footway,4.187505579419546,"LINESTRING (144.9704121 -37.8120612, 144.9704282 -37.8120967)"
6167344545,6167344546,,footway,2.8075827703199008,"LINESTRING (144.9704282 -37.8120967, 144.970439 -37.8121205)"
6167344546,6167344547,,footway,4.638033653196072,"LINESTRING (144.970439 -37.8121205, 144.9704569 -37.8121598)"
6167344547,6167413250,,footway,7.376687955000756,"LINESTRING (144.9704569 -37.8121598, 144.9704874 -37.8122217)"
6167413250,6722119733,,footway,99.17775154191598,"LINESTRING (144.9704874 -37.8122217, 144.9708616 -37.8130645)"
2165149751,9512482861,,footway,8.92533840605326,"LINESTRING (144.9648646 -37.8181351, 144.964959 -37.8181644)"
9512482861,7913378905,,footway,4.830575824416777,"LINESTRING (144.964959 -37.8181644, 144.9650086 -37.818183)"
7913378905,591429491,,footway,8.72225103521496,"LINESTRING (144.9650086 -37.818183, 144.9650993 -37.8182146)"
591429491,8956411079,,footway,6.020451332235657,"LINESTRING (144.9650993 -37.8182146, 144.9651618 -37.8182366)"
6167254904,1833110279,Degraves Street,pedestrian,5.014358677782519,"LINESTRING (144.9659853 -37.8177636, 144.9660039 -37.8178063)"
6794122666,6167254908,,footway,4.650318475296021,"LINESTRING (144.9662591 -37.8176874, 144.9662784 -37.8177264)"
6167254908,591430512,,footway,5.714627195867754,"LINESTRING (144.9662784 -37.8177264, 144.9663022 -37.8177743)"
591430512,13038417675,,footway,2.3609800831472034,"LINESTRING (144.9663022 -37.8177743, 144.966312 -37.8177941)"
13038417675,591430324,,footway,3.5311408807445814,"LINESTRING (144.966312 -37.8177941, 144.9663267 -37.8178237)"
591430324,591430323,,footway,4.172702028127204,"LINESTRING (144.9663267 -37.8178237, 144.966344 -37.8178587)"
591430323,6167254909,,footway,6.059284961807506,"LINESTRING (144.966344 -37.8178587, 144.9663692 -37.8179095)"
6794122666,13085696202,,footway,6.409694862290686,"LINESTRING (144.9662591 -37.8176874, 144.9661904 -37.8177065)"
13085696202,6167254904,,footway,19.138642926138857,"LINESTRING (144.9661904 -37.8177065, 144.9659853 -37.8177636)"
6800617661,597547970,,footway,11.117359808426471,"LINESTRING (144.9662038 -37.8151464, 144.9660855 -37.8151814)"
6800617667,6800617668,,footway,1.5641588907701607,"LINESTRING (144.965092 -37.81476, 144.9650865 -37.8147466)"
6800617669,6800617670,,footway,3.800974340369498,"LINESTRING (144.9647114 -37.8139418, 144.9646957 -37.8139099)"
6722119754,6722119699,,footway,19.85119449102658,"LINESTRING (144.9647262 -37.8148656, 144.9645145 -37.8149271)"
6722119699,6722119700,,footway,20.109463332841678,"LINESTRING (144.9645145 -37.8149271, 144.9643007 -37.8149908)"
13866447676,6800617673,The Walk Arcade,footway,1.244290014926917,"LINESTRING (144.9648049 -37.8148425, 144.9648003 -37.8148319)"
598400059,6167413265,The Walk Arcade,footway,2.316864722643282,"LINESTRING (144.9644043 -37.81402, 144.9643956 -37.8140003)"
6800617673,13893154668,Melbourne Walk,footway,44.507444636272844,"LINESTRING (144.9648003 -37.8148319, 144.964626 -37.8144555)"
13893154668,13366204830,Melbourne Walk,footway,2.0982027407905703,"LINESTRING (144.964626 -37.8144555, 144.9646087 -37.8144425)"
13366204830,13893154669,Melbourne Walk,footway,3.0308760347982973,"LINESTRING (144.9646087 -37.8144425, 144.9645841 -37.8144234)"
13893154669,598400059,Melbourne Walk,footway,47.49098790293893,"LINESTRING (144.9645841 -37.8144234, 144.9644043 -37.81402)"
4391710424,4391710425,Collins Arcade,footway,95.63422838102417,"LINESTRING (144.9651386 -37.8157525, 144.9647638 -37.8149438)"
3132496572,6722119701,Hub Arcade,footway,1.1780681133425166,"LINESTRING (144.9641152 -37.8150344, 144.9641189 -37.8150446)"
6722119701,3132496575,Hub Arcade,footway,3.3670316022990625,"LINESTRING (144.9641189 -37.8150446, 144.964132 -37.8150731)"
6167440978,6167440977,,footway,5.904269414895582,"LINESTRING (144.9637421 -37.8151883, 144.9637163 -37.8151392)"
6800617684,6800693285,,footway,20.436291518466845,"LINESTRING (144.9640306 -37.8150693, 144.9639515 -37.8148962)"
592661547,13893186634,Galleria Arcade,footway,49.861529660169005,"LINESTRING (144.9625765 -37.81457, 144.9627804 -37.8149891)"
13893186634,13893186629,Galleria Arcade,footway,23.309992417695337,"LINESTRING (144.9627804 -37.8149891, 144.963021 -37.8150767)"
3132499902,6721990384,Galleria Arcade,footway,1.3340367744759765,"LINESTRING (144.9631225 -37.8153033, 144.9631273 -37.8153147)"
6804242166,6804242167,,footway,3.7910813873022775,"LINESTRING (144.959472 -37.8154318, 144.959486 -37.8154641)"
6804266354,6804266355,,footway,43.59562902420292,"LINESTRING (144.9574252 -37.8113395, 144.9572559 -37.8109704)"
6804266357,6804266358,,footway,104.27920713089648,"LINESTRING (144.9571921 -37.8104072, 144.9575882 -37.8112926)"
6806666958,6806666957,,footway,3.752068159361048,"LINESTRING (144.9631663 -37.8109391, 144.9631515 -37.8109074)"
6806666957,6806666959,,footway,3.993900287227932,"LINESTRING (144.9631515 -37.8109074, 144.9631356 -37.8108737)"
12911704396,6806666962,,footway,2.8051939557342864,"LINESTRING (144.9627555 -37.8100323, 144.9627669 -37.8100559)"
6696357545,6806666965,,footway,2.120669045331002,"LINESTRING (144.9663823 -37.8094703, 144.9664049 -37.8094637)"
6810299071,13187245614,,footway,2.8895338938849573,"LINESTRING (144.9734572 -37.8127797, 144.9734247 -37.8127833)"
13187245614,13187245616,,footway,2.810060425629973,"LINESTRING (144.9734247 -37.8127833, 144.9734058 -37.8127629)"
13187245616,13187245615,,footway,2.7862482080179447,"LINESTRING (144.9734058 -37.8127629, 144.9734053 -37.8127378)"
13187245615,13187245618,,footway,1.7287868599741587,"LINESTRING (144.9734053 -37.8127378, 144.9734192 -37.8127268)"
13187245618,6810299073,,footway,1.7393440325438885,"LINESTRING (144.9734192 -37.8127268, 144.9734376 -37.8127211)"
255058359,11140003062,,footway,48.80476822976953,"LINESTRING (144.971656 -37.8133765, 144.9718459 -37.8137896)"
11140003062,6810299149,,footway,2.5062725441777185,"LINESTRING (144.9718459 -37.8137896, 144.9718557 -37.8138108)"
6822003775,6822003759,,footway,35.226554109054454,"LINESTRING (144.9723753 -37.8141404, 144.9725461 -37.8138534)"
6822003752,6822003775,,footway,33.05333520437716,"LINESTRING (144.9720395 -37.8140073, 144.9723753 -37.8141404)"
663527799,6824034171,,pedestrian,14.167149943892985,"LINESTRING (144.9743572 -37.814944, 144.9745086 -37.8149008)"
6824034171,6824034172,,pedestrian,34.00394570856925,"LINESTRING (144.9745086 -37.8149008, 144.9746427 -37.8151881)"
6824034172,12578703893,,pedestrian,78.66373106486229,"LINESTRING (144.9746427 -37.8151881, 144.973805 -37.8154344)"
12578703893,663527785,,pedestrian,18.825228038659056,"LINESTRING (144.973805 -37.8154344, 144.9737316 -37.8152751)"
663527785,663527786,,pedestrian,5.995727279215608,"LINESTRING (144.9737316 -37.8152751, 144.9737975 -37.8152615)"
663527786,663527787,,pedestrian,5.992486967977297,"LINESTRING (144.9737975 -37.8152615, 144.9738655 -37.8152593)"
663527787,663527788,,pedestrian,5.905590914739764,"LINESTRING (144.9738655 -37.8152593, 144.9739319 -37.8152668)"
663527788,663527789,,pedestrian,5.702617964596522,"LINESTRING (144.9739319 -37.8152668, 144.9739927 -37.8152845)"
663527789,7786200022,,pedestrian,6.5586318189598485,"LINESTRING (144.9739927 -37.8152845, 144.9740634 -37.8153031)"
7786200022,663527790,,pedestrian,6.569449019859277,"LINESTRING (144.9740634 -37.8153031, 144.9741379 -37.8153063)"
663527790,663527791,,pedestrian,6.562530458456796,"LINESTRING (144.9741379 -37.8153063, 144.9742108 -37.815294)"
663527791,663527793,,pedestrian,6.611026851918983,"LINESTRING (144.9742108 -37.815294, 144.9742774 -37.8152665)"
663527793,663527794,,pedestrian,6.644386312564674,"LINESTRING (144.9742774 -37.8152665, 144.9743332 -37.8152262)"
663527794,663527795,,pedestrian,4.343240999826873,"LINESTRING (144.9743332 -37.8152262, 144.9743601 -37.8151934)"
663527795,12578703895,,pedestrian,2.272396261587584,"LINESTRING (144.9743601 -37.8151934, 144.9743737 -37.815176)"
12578703895,663527796,,pedestrian,6.4018865343565095,"LINESTRING (144.9743737 -37.815176, 144.9743956 -37.815121)"
663527796,663527797,,pedestrian,6.716144140955456,"LINESTRING (144.9743956 -37.815121, 144.9744002 -37.8150606)"
663527797,663527798,,pedestrian,6.6332712337321835,"LINESTRING (144.9744002 -37.8150606, 144.9743842 -37.8150022)"
663527798,663527799,,pedestrian,6.883330805591634,"LINESTRING (144.9743842 -37.8150022, 144.9743572 -37.814944)"
6167254935,6824034172,,footway,1.4678104988376406,"LINESTRING (144.9746566 -37.8151954, 144.9746427 -37.8151881)"
6824034172,663527795,,footway,24.8903561262377,"LINESTRING (144.9746427 -37.8151881, 144.9743601 -37.8151934)"
6824098351,6824098352,,footway,1.1627271258406733,"LINESTRING (144.9717258 -37.8102787, 144.9717382 -37.8102751)"
6824098352,6824098353,,footway,30.80206824747495,"LINESTRING (144.9717382 -37.8102751, 144.9716218 -37.8100134)"
6824098353,6824098354,,footway,2.747174518563901,"LINESTRING (144.9716218 -37.8100134, 144.9716511 -37.8100049)"
6824098354,6824098355,,footway,2.479789739215049,"LINESTRING (144.9716511 -37.8100049, 144.9716426 -37.8099836)"
6824098355,6824098356,,footway,2.6003084402053647,"LINESTRING (144.9716426 -37.8099836, 144.9716704 -37.8099757)"
6824098356,6824098357,,footway,2.8944410380930954,"LINESTRING (144.9716704 -37.8099757, 144.9716588 -37.8099513)"
6845677566,6845677568,,footway,2.0006165519594674,"LINESTRING (144.9672591 -37.8087251, 144.967267 -37.808742)"
6845677568,6845677567,,footway,45.046326113763314,"LINESTRING (144.967267 -37.808742, 144.9674453 -37.8091224)"
6845698303,6845698306,,footway,6.033284588586611,"LINESTRING (144.9692676 -37.8077295, 144.9692562 -37.8077831)"
6845698306,6845698304,,footway,7.437936336773171,"LINESTRING (144.9692562 -37.8077831, 144.9692448 -37.8078495)"
6845698304,6845698305,,footway,3.8406592576357306,"LINESTRING (144.9692448 -37.8078495, 144.9692562 -37.8078829)"
6167289304,3199584808,,footway,9.455661756136763,"LINESTRING (144.9685815 -37.8080768, 144.9686722 -37.8080312)"
3199584808,251859846,,footway,10.793816868621711,"LINESTRING (144.9686722 -37.8080312, 144.9687875 -37.8079982)"
251859846,6167289322,,footway,7.420410105291615,"LINESTRING (144.9687875 -37.8079982, 144.9688675 -37.8079772)"
6167289322,6167289305,,footway,5.315157794518853,"LINESTRING (144.9688675 -37.8079772, 144.9689278 -37.8079751)"
6167289305,6845698305,,footway,30.676316210042994,"LINESTRING (144.9689278 -37.8079751, 144.9692562 -37.8078829)"
6845698305,12147013383,,footway,11.325185111719083,"LINESTRING (144.9692562 -37.8078829, 144.9693762 -37.8078462)"
12147013383,6167289306,,footway,51.07173698489971,"LINESTRING (144.9693762 -37.8078462, 144.9699173 -37.8076806)"
6167289306,6167289307,,footway,31.631686881805017,"LINESTRING (144.9699173 -37.8076806, 144.9702556 -37.8075848)"
6167289327,6167289312,,footway,8.469598285564425,"LINESTRING (144.9689754 -37.8082201, 144.9688853 -37.8082468)"
6167289312,6167289313,,footway,12.97415152105551,"LINESTRING (144.9688853 -37.8082468, 144.968747 -37.8082871)"
6167289313,6167289318,,footway,5.623752187060082,"LINESTRING (144.968747 -37.8082871, 144.968684 -37.8082954)"
6167289318,6167289314,,footway,63.956568901916164,"LINESTRING (144.968684 -37.8082954, 144.9680061 -37.8085022)"
6167289314,6845677566,,footway,70.27919571316197,"LINESTRING (144.9680061 -37.8085022, 144.9672591 -37.8087251)"
6845677566,6167289315,,footway,45.166348614917126,"LINESTRING (144.9672591 -37.8087251, 144.966779 -37.8088683)"
6167289315,6167344498,,footway,25.90814517776125,"LINESTRING (144.966779 -37.8088683, 144.9665017 -37.8089463)"
6865975496,6865975499,,footway,11.20432263157524,"LINESTRING (144.9734057 -37.8145535, 144.9733641 -37.8144581)"
6865975497,6865975498,,footway,15.306378526204107,"LINESTRING (144.9733224 -37.8143628, 144.9731654 -37.8143036)"
6865975498,588194509,,footway,11.884781329807382,"LINESTRING (144.9731654 -37.8143036, 144.9731113 -37.8142055)"
588194509,6865975500,,footway,29.29733128324821,"LINESTRING (144.9731113 -37.8142055, 144.9731963 -37.8139503)"
6865975500,6865975501,,footway,30.534794269130035,"LINESTRING (144.9731963 -37.8139503, 144.9730826 -37.8136904)"
773059242,6865975529,,footway,2.7823624532764075,"LINESTRING (144.9695041 -37.81134, 144.9694931 -37.8113165)"
6877591109,6877591106,,footway,6.937816394929575,"LINESTRING (144.9637274 -37.8119791, 144.9636537 -37.8120012)"
6877591106,6877591108,,footway,6.609475400173593,"LINESTRING (144.9636537 -37.8120012, 144.963583 -37.8120212)"
6877591108,13805855963,,footway,57.4125957341091,"LINESTRING (144.963583 -37.8120212, 144.9629717 -37.8122011)"
13805855963,8172324312,,footway,5.268467288671035,"LINESTRING (144.9629717 -37.8122011, 144.9629156 -37.8122176)"
8172324312,13805855966,,footway,4.973416414879229,"LINESTRING (144.9629156 -37.8122176, 144.9628627 -37.8122333)"
13805855966,8172324311,,footway,21.19560094083192,"LINESTRING (144.9628627 -37.8122333, 144.9626372 -37.8123001)"
8172324311,6167441055,,footway,17.97883678563188,"LINESTRING (144.9626372 -37.8123001, 144.9624458 -37.8123565)"
6877591110,8304836239,,footway,26.192181899924634,"LINESTRING (144.9634854 -37.8118006, 144.9632063 -37.8118822)"
6877591111,12160986440,,footway,5.216328152323149,"LINESTRING (144.9636238 -37.8117629, 144.9635681 -37.8117789)"
12160986440,6877591107,,footway,1.600967895164391,"LINESTRING (144.9635681 -37.8117789, 144.963551 -37.8117838)"
6877591107,6877591110,,footway,6.069985364856996,"LINESTRING (144.963551 -37.8117838, 144.9634854 -37.8118006)"
6877591104,6877591116,,footway,1.67855256886643,"LINESTRING (144.9638245 -37.8117044, 144.9638066 -37.8117096)"
6877591116,6877591111,,footway,17.14935693419218,"LINESTRING (144.9638066 -37.8117096, 144.9636238 -37.8117629)"
6887240005,3291840665,,footway,2.039302467662651,"LINESTRING (144.954279 -37.8179998, 144.9542868 -37.8180171)"
594764978,6722197768,Target Centre Arcade,footway,1.1305438075126786,"LINESTRING (144.9659056 -37.812372, 144.9659021 -37.8123622)"
6722197768,1457647364,Target Centre Arcade,footway,2.9925906694237567,"LINESTRING (144.9659021 -37.8123622, 144.9658907 -37.8123368)"
594764922,6893904166,,footway,3.58522565994627,"LINESTRING (144.965649 -37.8131781, 144.965611 -37.8131897)"
594798632,6893904167,,footway,2.563044004347215,"LINESTRING (144.9670482 -37.8129552, 144.9670578 -37.812977)"
3271340004,13871466918,,footway,20.039474544994448,"LINESTRING (144.9666823 -37.8121565, 144.9667568 -37.8123271)"
13871466918,13871466922,,footway,16.88766888955313,"LINESTRING (144.9667568 -37.8123271, 144.966823 -37.8124699)"
13871466922,594798632,,footway,57.398777278787634,"LINESTRING (144.966823 -37.8124699, 144.9670482 -37.8129552)"
3271340005,6893904168,,footway,2.6746897241507437,"LINESTRING (144.9671654 -37.8120156, 144.9671542 -37.8119932)"
594826761,6737443388,Mid City Arcade,footway,2.7376825719723623,"LINESTRING (144.9674977 -37.8128237, 144.9675086 -37.8128468)"
6893904170,6167266592,,footway,11.399811767935494,"LINESTRING (144.9641351 -37.8097183, 144.9640294 -37.809659)"
6893904172,6893904173,,footway,33.579832118374924,"LINESTRING (144.9643872 -37.8095518, 144.9645112 -37.8098379)"
6893904173,4120677314,,footway,3.7542693388564135,"LINESTRING (144.9645112 -37.8098379, 144.9645211 -37.8098708)"
6910691032,11189387947,,pedestrian,7.691131914895782,"LINESTRING (144.9563274 -37.811986, 144.956359 -37.8120506)"
11189387947,635560271,,pedestrian,4.927355723516208,"LINESTRING (144.956359 -37.8120506, 144.9563792 -37.812092)"
635560271,635560270,,pedestrian,26.513319436736282,"LINESTRING (144.9563792 -37.812092, 144.9560964 -37.812174)"
635560270,6910691035,,pedestrian,5.49509097002679,"LINESTRING (144.9560964 -37.812174, 144.9560743 -37.8121277)"
6910691035,6910691033,,pedestrian,7.457265219581099,"LINESTRING (144.9560743 -37.8121277, 144.9560442 -37.8120649)"
6910691033,6910691032,,pedestrian,26.430448698437424,"LINESTRING (144.9560442 -37.8120649, 144.9563274 -37.811986)"
6910691034,11189387947,,footway,1.8215692349777393,"LINESTRING (144.9563774 -37.8120431, 144.956359 -37.8120506)"
11189387947,6910691035,,footway,26.48987298156017,"LINESTRING (144.956359 -37.8120506, 144.9560743 -37.8121277)"
6721990357,6167230994,,footway,91.07092019558843,"LINESTRING (144.9538315 -37.8179646, 144.9534631 -37.8171979)"
6167230994,6167230995,,footway,3.9371796822213647,"LINESTRING (144.9534631 -37.8171979, 144.9534711 -37.817163)"
6721990356,6167230993,,footway,10.255218253600518,"LINESTRING (144.9539001 -37.818115, 144.9538595 -37.8180284)"
6167230993,6721990357,,footway,7.4982408193623105,"LINESTRING (144.9538595 -37.8180284, 144.9538315 -37.8179646)"
7648255681,6721913559,,footway,8.078022991841449,"LINESTRING (144.9552343 -37.8198482, 144.955267 -37.8199162)"
6721913559,7648255680,,footway,7.569319303979804,"LINESTRING (144.955267 -37.8199162, 144.9552993 -37.8199794)"
7648255680,6913853662,,footway,25.923247047033858,"LINESTRING (144.9552993 -37.8199794, 144.955577 -37.8199018)"
6913853662,6913853663,,footway,72.38043029384033,"LINESTRING (144.955577 -37.8199018, 144.9563484 -37.8196764)"
6913853663,6913853664,,footway,33.97648148090049,"LINESTRING (144.9563484 -37.8196764, 144.9567112 -37.8195721)"
6913853664,6913853665,,footway,26.948965341862785,"LINESTRING (144.9567112 -37.8195721, 144.9569992 -37.8194899)"
6913920110,6913853672,,footway,6.557086929097608,"LINESTRING (144.9584734 -37.8190674, 144.9584472 -37.8190121)"
6913853672,6913920111,,footway,8.233139101479164,"LINESTRING (144.9584472 -37.8190121, 144.9584132 -37.818943)"
6407789672,7913379003,,footway,7.5083800160486645,"LINESTRING (144.9572276 -37.8192834, 144.957257 -37.8193469)"
7913379003,6913920112,,footway,7.760571863156606,"LINESTRING (144.957257 -37.8193469, 144.9572875 -37.8194125)"
6913920112,6913920113,,footway,12.973338323590427,"LINESTRING (144.9572875 -37.8194125, 144.9573325 -37.8195238)"
6913920113,589501830,,footway,76.06891115849604,"LINESTRING (144.9573325 -37.8195238, 144.9576359 -37.8201655)"
6913853665,6407789668,,footway,7.102543850024053,"LINESTRING (144.9569992 -37.8194899, 144.9569715 -37.8194298)"
6407789668,6721913563,,footway,7.9155561668743575,"LINESTRING (144.9569715 -37.8194298, 144.9569407 -37.8193628)"
6721913563,6407789669,,footway,55.61286514463923,"LINESTRING (144.9569407 -37.8193628, 144.956727 -37.8188913)"
6407789669,6407789670,,footway,46.31790925646253,"LINESTRING (144.956727 -37.8188913, 144.9565466 -37.8184993)"
6913920112,6913853668,,footway,54.10209106879936,"LINESTRING (144.9572875 -37.8194125, 144.9578656 -37.8192473)"
6913853668,6913853674,,footway,38.14796799982304,"LINESTRING (144.9578656 -37.8192473, 144.9582716 -37.8191273)"
6913853674,6913920110,,footway,18.971137284595944,"LINESTRING (144.9582716 -37.8191273, 144.9584734 -37.8190674)"
6913920110,6913853669,,footway,19.140035273892362,"LINESTRING (144.9584734 -37.8190674, 144.9586772 -37.8190074)"
6913853669,6913853670,,footway,70.27625995803443,"LINESTRING (144.9586772 -37.8190074, 144.9594315 -37.8188004)"
6913853670,6913853671,,footway,3.127670462150025,"LINESTRING (144.9594315 -37.8188004, 144.959467 -37.8188014)"
6913853671,6696357507,,footway,0.9373909208972814,"LINESTRING (144.959467 -37.8188014, 144.9594768 -37.8188047)"
6913853665,6913853666,,footway,5.687637682836231,"LINESTRING (144.9569992 -37.8194899, 144.9570604 -37.8194735)"
6913853666,6913853667,,footway,13.682002016309065,"LINESTRING (144.9570604 -37.8194735, 144.9572076 -37.819434)"
6913853667,6913920112,,footway,7.428695021942969,"LINESTRING (144.9572076 -37.819434, 144.9572875 -37.8194125)"
6722792738,3394726304,,footway,4.622788712239838,"LINESTRING (144.9547412 -37.8145871, 144.9547906 -37.814573)"
3394726304,6167231024,,footway,13.466726283967889,"LINESTRING (144.9547906 -37.814573, 144.9549349 -37.8145328)"
6167231024,7913379004,,footway,1.6983845249052454,"LINESTRING (144.9549349 -37.8145328, 144.9549528 -37.8145271)"
7913379004,6167231025,,footway,7.465252811018199,"LINESTRING (144.9549528 -37.8145271, 144.955032 -37.8145031)"
6167231025,6887240036,,footway,24.479348178059436,"LINESTRING (144.955032 -37.8145031, 144.9552927 -37.8144265)"
6887240036,6887240041,,footway,20.05618848097042,"LINESTRING (144.9552927 -37.8144265, 144.9555066 -37.8143644)"
6887240041,13206122418,,footway,18.468763593943102,"LINESTRING (144.9555066 -37.8143644, 144.9557042 -37.8143086)"
6722792738,6913920114,,footway,9.30181691556593,"LINESTRING (144.9547412 -37.8145871, 144.9547074 -37.8145077)"
6913920114,6913920115,,footway,11.503023734964577,"LINESTRING (144.9547074 -37.8145077, 144.9546614 -37.8144107)"
6913920115,6913920116,,footway,6.70375408588409,"LINESTRING (144.9546614 -37.8144107, 144.9546381 -37.8143532)"
6913920116,13739962953,,footway,18.16607018050366,"LINESTRING (144.9546381 -37.8143532, 144.9545655 -37.8142)"
13739962953,6725404921,,footway,78.86022396160291,"LINESTRING (144.9545655 -37.8142, 144.9542505 -37.8135349)"
6913920116,13739962954,,footway,14.363137789681852,"LINESTRING (144.9546381 -37.8143532, 144.9544847 -37.8143972)"
13739962954,10728766993,,footway,17.647052159253725,"LINESTRING (144.9544847 -37.8143972, 144.9542962 -37.8144512)"
6167231025,6913920117,,footway,9.064412934546311,"LINESTRING (144.955032 -37.8145031, 144.9549977 -37.8144261)"
6913920117,6913920118,,footway,11.521531457765416,"LINESTRING (144.9549977 -37.8144261, 144.9549542 -37.8143282)"
6913920118,6913920119,,footway,6.686424380670197,"LINESTRING (144.9549542 -37.8143282, 144.9549289 -37.8142714)"
6913920119,6167236639,,footway,9.802091709190682,"LINESTRING (144.9549289 -37.8142714, 144.9548242 -37.8143014)"
6167236639,6167236637,,footway,13.050749323439458,"LINESTRING (144.9548242 -37.8143014, 144.9546842 -37.81434)"
6167236637,6913920116,,footway,4.315567872580134,"LINESTRING (144.9546842 -37.81434, 144.9546381 -37.8143532)"
6913920119,6913920120,,footway,18.661417922358137,"LINESTRING (144.9549289 -37.8142714, 144.9548456 -37.8141168)"
6913920120,6725404933,,footway,78.8752008846631,"LINESTRING (144.9548456 -37.8141168, 144.9545428 -37.813448)"
6725404933,7913378961,,footway,4.4743231898811535,"LINESTRING (144.9545428 -37.813448, 144.9545262 -37.8134099)"
7913378961,6725404937,,footway,4.225266839869278,"LINESTRING (144.9545262 -37.8134099, 144.9545106 -37.8133739)"
6725404937,6167279389,,footway,98.80389529991253,"LINESTRING (144.9545106 -37.8133739, 144.954121 -37.8125391)"
6725404929,6913920121,,footway,50.702793408574514,"LINESTRING (144.9542156 -37.8134533, 144.9540398 -37.8130183)"
6913920121,6913920122,,footway,47.82591823795635,"LINESTRING (144.9540398 -37.8130183, 144.9538469 -37.8126155)"
6913920122,6913920123,,footway,8.374068092468542,"LINESTRING (144.9538469 -37.8126155, 144.9538137 -37.8125448)"
6913920123,7913378963,,footway,4.6291863057321345,"LINESTRING (144.9538137 -37.8125448, 144.9537941 -37.8125061)"
7913378963,7913378964,,footway,3.711055525609609,"LINESTRING (144.9537941 -37.8125061, 144.9537807 -37.8124744)"
7913378964,6913920124,,footway,4.642805190440739,"LINESTRING (144.9537807 -37.8124744, 144.9537623 -37.8124352)"
6913920124,6913920125,,footway,5.554346321831921,"LINESTRING (144.9537623 -37.8124352, 144.9537403 -37.8123883)"
6913920122,1492153105,,footway,5.246561569728131,"LINESTRING (144.9538469 -37.8126155, 144.9539031 -37.8125998)"
1492153105,1492153094,,footway,13.307423627276652,"LINESTRING (144.9539031 -37.8125998, 144.9540457 -37.8125601)"
1492153094,6167279389,,footway,7.028332498827668,"LINESTRING (144.9540457 -37.8125601, 144.954121 -37.8125391)"
11089400959,2291073995,,footway,29.48515641097044,"LINESTRING (144.9550057 -37.8122774, 144.9553226 -37.8121916)"
2291073995,6696335581,,footway,92.81940535162722,"LINESTRING (144.9553226 -37.8121916, 144.9563202 -37.8119215)"
6913920125,1492153096,,footway,5.509637464195149,"LINESTRING (144.9537403 -37.8123883, 144.9537989 -37.8123709)"
1492153096,11278343208,,footway,6.1599796580521575,"LINESTRING (144.9537989 -37.8123709, 144.9538643 -37.8123512)"
2291073998,6167285760,,footway,32.367277549752316,"LINESTRING (144.954011 -37.8123079, 144.954358 -37.8122117)"
6167285760,6167285761,,footway,132.70830182202118,"LINESTRING (144.954358 -37.8122117, 144.9557778 -37.8118107)"
6167285761,13179599744,,footway,36.22680747804714,"LINESTRING (144.9557778 -37.8118107, 144.9561645 -37.8116993)"
13179599744,6696335578,,footway,5.0770398447649905,"LINESTRING (144.9561645 -37.8116993, 144.9562187 -37.8116837)"
6913920125,6913920126,,footway,25.6472427848632,"LINESTRING (144.9537403 -37.8123883, 144.9536375 -37.8121721)"
6913920135,2291073998,,footway,111.98536485003285,"LINESTRING (144.9535764 -37.8113597, 144.954011 -37.8123079)"
6933053520,6933053521,,footway,4.6837592164419615,"LINESTRING (144.9607177 -37.8188064, 144.9606673 -37.8188199)"
6933053522,6933053523,,footway,33.07960370121555,"LINESTRING (144.9606314 -37.8188306, 144.9602773 -37.8189302)"
6933053524,6933053522,,pedestrian,4.07897081500345,"LINESTRING (144.9606151 -37.8187962, 144.9606314 -37.8188306)"
6933053522,6933053525,,pedestrian,7.680404851199612,"LINESTRING (144.9606314 -37.8188306, 144.960662 -37.8188954)"
6933053525,136525571,,pedestrian,4.527115547944546,"LINESTRING (144.960662 -37.8188954, 144.9606138 -37.8189096)"
136525571,589497999,,pedestrian,13.165232962349553,"LINESTRING (144.9606138 -37.8189096, 144.9604729 -37.8189493)"
589497999,589497994,,pedestrian,1.7157247819984238,"LINESTRING (144.9604729 -37.8189493, 144.9604803 -37.8189636)"
589497994,136525667,,pedestrian,15.473328272637039,"LINESTRING (144.9604803 -37.8189636, 144.9603154 -37.8190118)"
136525667,589497992,,pedestrian,9.99354258677109,"LINESTRING (144.9603154 -37.8190118, 144.9602087 -37.8190425)"
589497992,589497990,,pedestrian,1.974892242813057,"LINESTRING (144.9602087 -37.8190425, 144.9602 -37.8190261)"
589497990,6933053526,,pedestrian,1.3712340605133173,"LINESTRING (144.9602 -37.8190261, 144.9601854 -37.8190304)"
6933053526,616939949,,pedestrian,15.864141988784409,"LINESTRING (144.9601854 -37.8190304, 144.9601404 -37.818892)"
616939949,11961603232,,pedestrian,4.559622313590099,"LINESTRING (144.9601404 -37.818892, 144.9601889 -37.8188776)"
11961603232,11961603231,,pedestrian,5.271925941307487,"LINESTRING (144.9601889 -37.8188776, 144.960245 -37.818861)"
11961603231,11961603233,,pedestrian,5.648458258833164,"LINESTRING (144.960245 -37.818861, 144.9603051 -37.8188432)"
11961603233,616939946,,pedestrian,1.8991563619395766,"LINESTRING (144.9603051 -37.8188432, 144.9603253 -37.8188372)"
616939946,6933053527,,pedestrian,25.58481471444051,"LINESTRING (144.9603253 -37.8188372, 144.9605973 -37.8187561)"
6933053527,6933053524,,pedestrian,4.718682723194571,"LINESTRING (144.9605973 -37.8187561, 144.9606151 -37.8187962)"
6933053530,6933053533,,footway,6.958000588085865,"LINESTRING (144.9601209 -37.8185952, 144.9601483 -37.818654)"
6933053533,6933053531,,footway,18.903392815802928,"LINESTRING (144.9601483 -37.818654, 144.9602229 -37.8188137)"
6933053532,11961603231,,footway,2.284030018255997,"LINESTRING (144.960236 -37.8188417, 144.960245 -37.818861)"
11961603231,6933053536,,footway,2.580934920842656,"LINESTRING (144.960245 -37.818861, 144.9602552 -37.8188828)"
6933053536,6933053523,,footway,5.609371749481622,"LINESTRING (144.9602552 -37.8188828, 144.9602773 -37.8189302)"
6933053523,136525667,,footway,9.658302456443089,"LINESTRING (144.9602773 -37.8189302, 144.9603154 -37.8190118)"
6933053533,6933053534,,footway,5.508293052884704,"LINESTRING (144.9601483 -37.818654, 144.9602063 -37.8186354)"
6933053534,11961603233,,footway,24.65028004120954,"LINESTRING (144.9602063 -37.8186354, 144.9603051 -37.8188432)"
11961603233,6933053535,,footway,2.3005841935080755,"LINESTRING (144.9603051 -37.8188432, 144.9603143 -37.8188626)"
6933053535,6933053536,,footway,5.666083755732228,"LINESTRING (144.9603143 -37.8188626, 144.9602552 -37.8188828)"
6933053533,6933053537,,footway,5.681479206204373,"LINESTRING (144.9601483 -37.818654, 144.9600878 -37.8186718)"
6933053537,11961603232,,footway,24.51550604865538,"LINESTRING (144.9600878 -37.8186718, 144.9601889 -37.8188776)"
11961603232,6933053538,,footway,2.705645566062701,"LINESTRING (144.9601889 -37.8188776, 144.9602001 -37.8189003)"
6933053538,6933053536,,footway,5.225820729104498,"LINESTRING (144.9602001 -37.8189003, 144.9602552 -37.8188828)"
4272394352,6933072617,,pedestrian,11.271466975967606,"LINESTRING (144.9585592 -37.8157299, 144.9584384 -37.8157635)"
6933072617,11961603230,,pedestrian,21.397002959356396,"LINESTRING (144.9584384 -37.8157635, 144.958521 -37.8159448)"
11961603230,11961603228,,pedestrian,31.878439079253578,"LINESTRING (144.958521 -37.8159448, 144.9586441 -37.8162149)"
11961603228,13660681380,,pedestrian,2.8244888964426833,"LINESTRING (144.9586441 -37.8162149, 144.9586544 -37.816239)"
13660681380,2781281695,,pedestrian,0.3561732738940684,"LINESTRING (144.9586544 -37.816239, 144.9586582 -37.8162379)"
2781281695,2781281679,,pedestrian,29.796397323029293,"LINESTRING (144.9586582 -37.8162379, 144.9589767 -37.8161472)"
2781281679,2781281687,,pedestrian,36.87385538397715,"LINESTRING (144.9589767 -37.8161472, 144.9591243 -37.8164581)"
2781281687,11961603229,,pedestrian,4.909585513009891,"LINESTRING (144.9591243 -37.8164581, 144.9591768 -37.8164432)"
11961603229,13660681379,,pedestrian,4.662679837435817,"LINESTRING (144.9591768 -37.8164432, 144.9592265 -37.8164287)"
13660681379,3115644536,,pedestrian,47.4068349061569,"LINESTRING (144.9592265 -37.8164287, 144.9590425 -37.8160273)"
3115644536,6933072621,,pedestrian,6.653456933496875,"LINESTRING (144.9590425 -37.8160273, 144.9590169 -37.8159709)"
6933072621,4272394355,,pedestrian,28.7301755433685,"LINESTRING (144.9590169 -37.8159709, 144.95871 -37.8160588)"
4272394355,6933072623,,pedestrian,17.634517586968897,"LINESTRING (144.95871 -37.8160588, 144.9586398 -37.81591)"
6933072623,4272394352,,pedestrian,21.212224448447014,"LINESTRING (144.9586398 -37.81591, 144.9585592 -37.8157299)"
6933072622,11961603230,,footway,2.615034737177217,"LINESTRING (144.9584934 -37.8159535, 144.958521 -37.8159448)"
11961603230,6933072624,,footway,4.428115522668828,"LINESTRING (144.958521 -37.8159448, 144.9585679 -37.8159304)"
6933072625,6933072623,,footway,4.009046848456986,"LINESTRING (144.9585969 -37.8159221, 144.9586398 -37.81591)"
13481539335,13481539336,,pedestrian,9.797506832951385,"LINESTRING (144.9534927 -37.8127218, 144.9535375 -37.8128026)"
13481539336,13481539331,,pedestrian,6.494841245240363,"LINESTRING (144.9535375 -37.8128026, 144.9534996 -37.8128528)"
13481539331,13481539332,,pedestrian,8.278111969774914,"LINESTRING (144.9534996 -37.8128528, 144.9534263 -37.8128995)"
13481539332,13481539344,,pedestrian,3.240461115310241,"LINESTRING (144.9534263 -37.8128995, 144.9534123 -37.8128725)"
13481539344,13481539337,,pedestrian,3.7486405902255227,"LINESTRING (144.9534123 -37.8128725, 144.953396 -37.8128413)"
13481539337,13481539338,,pedestrian,6.868733993733355,"LINESTRING (144.953396 -37.8128413, 144.9534589 -37.8128047)"
13481539338,13481539343,,pedestrian,7.069076139804521,"LINESTRING (144.9534589 -37.8128047, 144.9534836 -37.8127441)"
13481539343,13481539335,,pedestrian,2.6016175504462633,"LINESTRING (144.9534836 -37.8127441, 144.9534927 -37.8127218)"
6943763810,6943763811,,path,11.930831878287588,"LINESTRING (144.9533834 -37.8128984, 144.9532987 -37.8129823)"
6943763811,6943763812,,path,7.527761164955389,"LINESTRING (144.9532987 -37.8129823, 144.9532216 -37.8130116)"
6943763812,13481539324,,path,5.779919731973317,"LINESTRING (144.9532216 -37.8130116, 144.9531596 -37.8130287)"
13481539324,13481539310,,path,19.440744497783818,"LINESTRING (144.9531596 -37.8130287, 144.9529511 -37.8130863)"
13481539310,6943763809,,path,0.47235332695417614,"LINESTRING (144.9529511 -37.8130863, 144.9529463 -37.8130844)"
6943763809,13481539314,,path,17.475458402264415,"LINESTRING (144.9529463 -37.8130844, 144.9527691 -37.8130135)"
13481539314,13481539312,,path,3.8590519009392388,"LINESTRING (144.9527691 -37.8130135, 144.952726 -37.8130072)"
13481539312,13481539311,,path,2.6948186415092663,"LINESTRING (144.952726 -37.8130072, 144.952698 -37.813017)"
6794122666,6167254905,,footway,52.41317875230565,"LINESTRING (144.9662591 -37.8176874, 144.9668176 -37.817524)"
7275965581,593055535,,footway,31.783903919446754,"LINESTRING (144.9638019 -37.8122716, 144.9636734 -37.812004)"
6721914030,13838640669,Centre Place,pedestrian,1.8916370916777592,"LINESTRING (144.9656379 -37.8168283, 144.9656305 -37.8168123)"
13838640669,6362846387,Centre Place,pedestrian,27.118396426424948,"LINESTRING (144.9656305 -37.8168123, 144.9655245 -37.8165829)"
6362846387,594172912,Centre Place,pedestrian,21.443491534109743,"LINESTRING (144.9655245 -37.8165829, 144.9654407 -37.8164015)"
594172912,594179742,Centre Place,pedestrian,17.559280589565542,"LINESTRING (144.9654407 -37.8164015, 144.9652533 -37.8164556)"
7473580176,7473580177,,footway,30.141140085546375,"LINESTRING (144.972517 -37.809155, 144.9724701 -37.808886)"
7473580179,7473580180,,footway,6.192442358032178,"LINESTRING (144.9724657 -37.8088593, 144.972396 -37.8088667)"
7473580180,7473580181,,footway,17.237147921989393,"LINESTRING (144.972396 -37.8088667, 144.972209 -37.8088208)"
7473580181,8869352005,,footway,0.7736771496687695,"LINESTRING (144.972209 -37.8088208, 144.9722009 -37.8088181)"
8869352005,7473580182,,footway,0.8623697090655716,"LINESTRING (144.9722009 -37.8088181, 144.9721933 -37.8088132)"
7473580182,7473580183,,footway,24.260120383014424,"LINESTRING (144.9721933 -37.8088132, 144.9719876 -37.8086678)"
7473580183,7473580184,,footway,4.802502217550702,"LINESTRING (144.9719876 -37.8086678, 144.9719483 -37.8086378)"
7512717745,6167231015,,footway,51.79393674065001,"LINESTRING (144.9506786 -37.8132672, 144.951223 -37.8130905)"
11031767696,7512717749,,footway,57.87670778282809,"LINESTRING (144.9533339 -37.8191833, 144.9539478 -37.8189969)"
844496340,6167191713,,footway,119.02351568656526,"LINESTRING (144.9527902 -37.8195799, 144.9540645 -37.819222)"
6167247178,11961603227,,footway,5.129591161319046,"LINESTRING (144.9551275 -37.8208152, 144.9551068 -37.820772)"
11961603227,6167229084,,footway,80.02309535589552,"LINESTRING (144.9551068 -37.820772, 144.9547898 -37.8200963)"
6167229084,8959936630,,footway,9.328396131875657,"LINESTRING (144.9547898 -37.8200963, 144.9547533 -37.8200174)"
8959936630,6721913560,,footway,3.428211897973708,"LINESTRING (144.9547533 -37.8200174, 144.9547399 -37.8199884)"
6721913560,6167191718,,footway,100.59402784248009,"LINESTRING (144.9547399 -37.8199884, 144.9543556 -37.8191349)"
7913378943,13875957756,,footway,42.49462671428556,"LINESTRING (144.9554663 -37.8215716, 144.9553125 -37.8212087)"
6167357845,767667826,,footway,27.171026278722056,"LINESTRING (144.9706327 -37.8073615, 144.9709386 -37.8073935)"
767667826,767667831,,footway,19.069474844932177,"LINESTRING (144.9709386 -37.8073935, 144.9711533 -37.8074159)"
767667831,6167357844,,footway,18.586518012708634,"LINESTRING (144.9711533 -37.8074159, 144.9713631 -37.8074342)"
6167357844,767659045,,footway,150.90995510092208,"LINESTRING (144.9713631 -37.8074342, 144.9730623 -37.8076107)"
3933095112,6167357845,,path,7.291316671690231,"LINESTRING (144.9706191 -37.8074263, 144.9706327 -37.8073615)"
247020723,7648218424,,footway,4.896116280268118,"LINESTRING (144.9693658 -37.8135495, 144.9693828 -37.8135915)"
247020702,7648218425,,footway,5.641067559112225,"LINESTRING (144.9683657 -37.8135669, 144.9683056 -37.8135845)"
6167413255,6167344371,,footway,8.759913547178998,"LINESTRING (144.9680058 -37.8129552, 144.9679719 -37.812881)"
6167344371,6167344372,,footway,4.638033380828113,"LINESTRING (144.9679719 -37.812881, 144.967954 -37.8128417)"
6167344372,6167344373,,footway,2.903059581602161,"LINESTRING (144.967954 -37.8128417, 144.9679428 -37.8128171)"
6167344373,6167344374,,footway,4.190494660976643,"LINESTRING (144.9679428 -37.8128171, 144.9679266 -37.8127816)"
6167344374,6167417962,,footway,5.9627748514412255,"LINESTRING (144.9679266 -37.8127816, 144.9679035 -37.8127311)"
6167417962,6167344375,,footway,26.637190246962458,"LINESTRING (144.9679035 -37.8127311, 144.9677986 -37.812506)"
6167344375,13807289066,,footway,71.0541233078712,"LINESTRING (144.9677986 -37.812506, 144.9675312 -37.811902)"
13807289066,13807289058,,footway,1.9275253368705338,"LINESTRING (144.9675312 -37.811902, 144.967524 -37.8118856)"
13807289058,6722197773,,footway,1.8006551855652446,"LINESTRING (144.967524 -37.8118856, 144.9675172 -37.8118703)"
6167417965,6167344521,,footway,5.426549009470344,"LINESTRING (144.9681948 -37.8126519, 144.9682167 -37.8126976)"
6167344521,7913378908,,footway,4.177616080110611,"LINESTRING (144.9682167 -37.8126976, 144.9682335 -37.8127328)"
7913378908,7913378907,,footway,2.8840500033136656,"LINESTRING (144.9682335 -37.8127328, 144.9682451 -37.8127571)"
7913378907,13271609996,,footway,3.8568193345749,"LINESTRING (144.9682451 -37.8127571, 144.9682606 -37.8127896)"
13271609996,6167344522,,footway,2.0067950995151693,"LINESTRING (144.9682606 -37.8127896, 144.9682687 -37.8128065)"
6167344522,6167413253,,footway,6.743990577172416,"LINESTRING (144.9682687 -37.8128065, 144.9682959 -37.8128633)"
6167413253,6167344523,,footway,32.21260000164242,"LINESTRING (144.9682959 -37.8128633, 144.9684197 -37.8131364)"
6167344523,6167344524,,footway,43.123810967903246,"LINESTRING (144.9684197 -37.8131364, 144.9685844 -37.8135023)"
6167344524,6722119723,,footway,24.983643399008585,"LINESTRING (144.9685844 -37.8135023, 144.9686849 -37.8137128)"
7648218468,7648218469,,footway,1.5992873629844857,"LINESTRING (144.9618406 -37.8125319, 144.9618466 -37.8125455)"
7648218469,614003641,,footway,18.29932954008587,"LINESTRING (144.9618466 -37.8125455, 144.9619188 -37.8127001)"
614003641,13871241464,,footway,6.086200094433883,"LINESTRING (144.9619188 -37.8127001, 144.9618542 -37.8127196)"
13871241464,13871241465,,footway,1.518853574462634,"LINESTRING (144.9618542 -37.8127196, 144.9618603 -37.8127324)"
6167289307,8870964249,,footway,2.061966195040834,"LINESTRING (144.9702556 -37.8075848, 144.9702446 -37.8075684)"
8870964249,7657843630,,footway,2.744872811792302,"LINESTRING (144.9702446 -37.8075684, 144.9702138 -37.8075646)"
7657843630,9141341563,,footway,80.13538405038604,"LINESTRING (144.9702138 -37.8075646, 144.969312 -37.8074679)"
767668329,6167357845,,footway,145.6524251831407,"LINESTRING (144.9689935 -37.8071864, 144.9706327 -37.8073615)"
7759495315,6167289304,,footway,53.96960264807384,"LINESTRING (144.9683677 -37.8076211, 144.9685815 -37.8080768)"
6167289304,6845698308,,footway,20.817404117500537,"LINESTRING (144.9685815 -37.8080768, 144.968598 -37.8078897)"
6845698308,9141341518,,footway,18.97724736590904,"LINESTRING (144.968598 -37.8078897, 144.968629 -37.8077205)"
7657843633,7759495317,,footway,36.4092891021547,"LINESTRING (144.968957 -37.8074239, 144.9689057 -37.8077494)"
7759495317,6167289322,,footway,25.506806993496642,"LINESTRING (144.9689057 -37.8077494, 144.9688675 -37.8079772)"
6167357829,12583285926,,footway,10.756847779210421,"LINESTRING (144.9714921 -37.8079168, 144.9715863 -37.8079785)"
12583285926,6167357830,,footway,4.696956765860317,"LINESTRING (144.9715863 -37.8079785, 144.9716297 -37.8080031)"
6167357830,6167357831,,footway,6.574704971135506,"LINESTRING (144.9716297 -37.8080031, 144.9716887 -37.8080394)"
7786212689,7786212690,,pedestrian,21.134018162083798,"LINESTRING (144.9737924 -37.8145139, 144.9738773 -37.814692)"
7786212690,7786212691,,pedestrian,3.916468674187005,"LINESTRING (144.9738773 -37.814692, 144.9738359 -37.8147049)"
7786212691,7786212692,,pedestrian,3.1738844642676916,"LINESTRING (144.9738359 -37.8147049, 144.9738109 -37.8147255)"
7786212692,7786212693,,pedestrian,2.8106500483047863,"LINESTRING (144.9738109 -37.8147255, 144.9738011 -37.8147496)"
7786212693,7786212694,,pedestrian,2.9853674842077145,"LINESTRING (144.9738011 -37.8147496, 144.9737793 -37.8147702)"
7786212694,7786212695,,pedestrian,4.3468525422414945,"LINESTRING (144.9737793 -37.8147702, 144.9737413 -37.8147952)"
7786212695,7786212696,,pedestrian,3.2271276039321757,"LINESTRING (144.9737413 -37.8147952, 144.9737532 -37.8148227)"
7786212696,663527805,,pedestrian,6.087009148356356,"LINESTRING (144.9737532 -37.8148227, 144.9736879 -37.8148407)"
663527805,663527804,,pedestrian,28.41266681577677,"LINESTRING (144.9736879 -37.8148407, 144.9735743 -37.8146011)"
663527804,7786207498,,pedestrian,2.467729699055876,"LINESTRING (144.9735743 -37.8146011, 144.9735644 -37.8145803)"
7786207498,7786212689,,pedestrian,21.385960850288413,"LINESTRING (144.9735644 -37.8145803, 144.9737924 -37.8145139)"
6725414996,6725415007,,footway,61.51786393334446,"LINESTRING (144.9684251 -37.8093851, 144.9690875 -37.809209)"
7799762526,6696357529,,footway,6.089989793355508,"LINESTRING (144.9562681 -37.815177, 144.9562439 -37.8151256)"
6696357529,7799762527,,footway,4.0799011241699095,"LINESTRING (144.9562439 -37.8151256, 144.9562266 -37.8150915)"
12457207737,12821532822,,footway,1.8518159489176396,"LINESTRING (144.9628059 -37.809757, 144.9628216 -37.8097681)"
12821532822,13097852467,,footway,40.069016627865885,"LINESTRING (144.9628216 -37.8097681, 144.9632461 -37.8096381)"
13097852467,13527804944,,footway,1.1909886494373698,"LINESTRING (144.9632461 -37.8096381, 144.9632587 -37.8096342)"
13527804944,13527804943,,footway,1.3466502508627225,"LINESTRING (144.9632587 -37.8096342, 144.963273 -37.8096299)"
13527804943,13527804942,,footway,1.7394138542077222,"LINESTRING (144.963273 -37.8096299, 144.9632914 -37.8096242)"
13527804942,13527804953,,footway,1.055989845945577,"LINESTRING (144.9632914 -37.8096242, 144.9633026 -37.8096208)"
13527804953,13527804941,,footway,0.924986397105379,"LINESTRING (144.9633026 -37.8096208, 144.9633124 -37.8096178)"
13527804941,13097852468,,footway,4.927784719584899,"LINESTRING (144.9633124 -37.8096178, 144.9633646 -37.8096018)"
13097852468,13505854557,,footway,9.200799755891664,"LINESTRING (144.9633646 -37.8096018, 144.9634621 -37.809572)"
13505854557,6167289290,,footway,16.056275217635022,"LINESTRING (144.9634621 -37.809572, 144.9636322 -37.8095199)"
6167417894,6167417895,,footway,2.851185499601075,"LINESTRING (144.9543048 -37.8167413, 144.9542943 -37.816717)"
6167417895,6167417896,,footway,3.791082961682731,"LINESTRING (144.9542943 -37.816717, 144.9542803 -37.8166847)"
8304836239,6167441053,,footway,81.18422944580331,"LINESTRING (144.9632063 -37.8118822, 144.9623412 -37.8121351)"
6167357831,6167357848,,footway,10.106313659122227,"LINESTRING (144.9716887 -37.8080394, 144.9717253 -37.8081257)"
6167357848,6693560643,,footway,19.235827555779405,"LINESTRING (144.9717253 -37.8081257, 144.9718039 -37.8082874)"
6693560643,8488873724,,footway,8.138096555133732,"LINESTRING (144.9718039 -37.8082874, 144.9718314 -37.8083574)"
13449382521,8520770219,,footway,2.5789857778923397,"LINESTRING (144.9618205 -37.8190464, 144.961848 -37.8190384)"
8520770219,8520770218,,footway,2.245568009924457,"LINESTRING (144.961848 -37.8190384, 144.9618389 -37.8190195)"
8520770218,8520770217,,footway,5.235481680205179,"LINESTRING (144.9618389 -37.8190195, 144.9618178 -37.8189754)"
8520932575,8520932574,,footway,7.854126608620142,"LINESTRING (144.961307 -37.819287, 144.9612223 -37.8193092)"
6167247291,591411887,,footway,5.724402254301792,"LINESTRING (144.961206 -37.8191485, 144.9612127 -37.8191998)"
591411887,8520932578,,footway,2.9411427850542675,"LINESTRING (144.9612127 -37.8191998, 144.9612177 -37.819226)"
8520932578,589499683,,footway,3.68522010471303,"LINESTRING (144.9612177 -37.819226, 144.9612172 -37.8192592)"
589499683,591411004,,footway,3.477294053244172,"LINESTRING (144.9612172 -37.8192592, 144.9612189 -37.8192905)"
591411004,8520932574,,footway,2.0970406513410214,"LINESTRING (144.9612189 -37.8192905, 144.9612223 -37.8193092)"
8520932574,8520932576,,footway,5.610643474154948,"LINESTRING (144.9612223 -37.8193092, 144.9612272 -37.8193596)"
8520932576,591408819,,footway,2.602610924422522,"LINESTRING (144.9612272 -37.8193596, 144.9612291 -37.819383)"
8520932578,8520932577,,footway,10.320648329480544,"LINESTRING (144.9612177 -37.819226, 144.9613268 -37.819192)"
8552288749,174801936,,footway,2.1212550420346337,"LINESTRING (144.9653778 -37.8151728, 144.9653551 -37.8151792)"
597547251,8552288750,,footway,3.6176996551126823,"LINESTRING (144.9661323 -37.8149795, 144.9661705 -37.8149675)"
8552288751,597547960,,footway,2.1574758744534925,"LINESTRING (144.965638 -37.8152019, 144.9656459 -37.8152203)"
10904155339,6167417953,,footway,9.115357970175447,"LINESTRING (144.9655102 -37.8135268, 144.9654742 -37.8134498)"
6167417953,6167266612,,footway,19.27456608596735,"LINESTRING (144.9654742 -37.8134498, 144.9653987 -37.8132868)"
6167266612,7913341854,,footway,78.31240996996311,"LINESTRING (144.9653987 -37.8132868, 144.9650924 -37.8126244)"
7913341854,6722197781,,footway,0.3550648559775835,"LINESTRING (144.9650924 -37.8126244, 144.965091 -37.8126214)"
6722197781,10904155327,,footway,2.72475980578974,"LINESTRING (144.965091 -37.8126214, 144.9650634 -37.8126103)"
10904155327,10904155320,,footway,1.0205273281136533,"LINESTRING (144.9650634 -37.8126103, 144.9650593 -37.8126017)"
10904155320,6167266614,,footway,2.8093164741711902,"LINESTRING (144.9650593 -37.8126017, 144.9650481 -37.812578)"
6167266614,10904155319,,footway,2.5197400116547195,"LINESTRING (144.9650481 -37.812578, 144.9650382 -37.8125567)"
10904155338,6167417959,,footway,8.466035996977295,"LINESTRING (144.9657351 -37.8134607, 144.9657023 -37.813389)"
6167417959,3924911402,,footway,11.831531266502505,"LINESTRING (144.9657023 -37.813389, 144.9656568 -37.8132887)"
3924911402,6893904166,,footway,11.704944949244906,"LINESTRING (144.9656568 -37.8132887, 144.965611 -37.8131897)"
6893904166,3924911398,,footway,61.06195135748715,"LINESTRING (144.965611 -37.8131897, 144.9653705 -37.8126737)"
3924911398,6722197766,,footway,13.831010783074555,"LINESTRING (144.9653705 -37.8126737, 144.9653161 -37.8125568)"
6722197766,10904155328,,footway,3.9021239958405904,"LINESTRING (144.9653161 -37.8125568, 144.965347 -37.8125316)"
10904155328,10904155325,,footway,2.3079216965620413,"LINESTRING (144.965347 -37.8125316, 144.9653379 -37.8125121)"
10904155325,6167265881,,footway,1.785737371660525,"LINESTRING (144.9653379 -37.8125121, 144.9653309 -37.812497)"
6167265881,10904155330,,footway,1.8573589933988626,"LINESTRING (144.9653309 -37.812497, 144.9653236 -37.8124813)"
10100546259,10100546260,Benson Walk,footway,33.15686896446002,"LINESTRING (144.9703581 -37.8133108, 144.9704859 -37.8135918)"
10100546260,11232983625,Benson Walk,footway,5.810357573952831,"LINESTRING (144.9704859 -37.8135918, 144.9705456 -37.8136141)"
11232983625,10100546261,Benson Walk,footway,19.96421650292896,"LINESTRING (144.9705456 -37.8136141, 144.9707508 -37.8136906)"
10100546261,8552288769,Benson Walk,footway,9.910247624891458,"LINESTRING (144.9707508 -37.8136906, 144.9708563 -37.8136595)"
8552288769,13789079429,Benson Walk,footway,1.9438357340009775,"LINESTRING (144.9708563 -37.8136595, 144.9708637 -37.813676)"
6167265865,591431024,,footway,6.742714608485189,"LINESTRING (144.9674461 -37.8172954, 144.9675198 -37.8172789)"
591431024,10901587512,,footway,2.7382150785093584,"LINESTRING (144.9675198 -37.8172789, 144.9675504 -37.8172833)"
10901587512,10901587532,,footway,3.760352623503663,"LINESTRING (144.9675504 -37.8172833, 144.967593 -37.8172809)"
10901587532,4329375111,,footway,20.053155353444694,"LINESTRING (144.967593 -37.8172809, 144.967808 -37.8172213)"
4329375111,6167254925,,footway,21.783484627225725,"LINESTRING (144.967808 -37.8172213, 144.9680404 -37.817154)"
6167254925,6167254926,,footway,13.410544894606442,"LINESTRING (144.9680404 -37.817154, 144.9681821 -37.8171097)"
6167254926,8633692075,,footway,98.57673146076942,"LINESTRING (144.9681821 -37.8171097, 144.9692354 -37.8168087)"
8633692075,6167254927,,footway,4.619779638717681,"LINESTRING (144.9692354 -37.8168087, 144.9692849 -37.8167949)"
6167254927,10901587553,,footway,39.223941759495965,"LINESTRING (144.9692849 -37.8167949, 144.9697028 -37.8166725)"
10901587553,6167344360,,footway,2.4664605222481613,"LINESTRING (144.9697028 -37.8166725, 144.969716 -37.8166529)"
6167344360,10901587549,,footway,1.5160304416055106,"LINESTRING (144.969716 -37.8166529, 144.9697323 -37.8166485)"
10975627000,10975626999,,footway,2.970151763585133,"LINESTRING (144.9698425 -37.8166183, 144.9698744 -37.8166096)"
10901587550,6167254956,,footway,3.4572789447774324,"LINESTRING (144.9699833 -37.8165798, 144.9700204 -37.8165696)"
6167254956,10901587552,,footway,1.76324097274157,"LINESTRING (144.9700204 -37.8165696, 144.9700404 -37.8165688)"
10901587552,6167254930,,footway,25.21729592605666,"LINESTRING (144.9700404 -37.8165688, 144.9703061 -37.816484)"
6167254930,6167254938,,footway,56.57794799654329,"LINESTRING (144.9703061 -37.816484, 144.9709066 -37.8163026)"
6167254938,6167344558,,footway,120.19400692869426,"LINESTRING (144.9709066 -37.8163026, 144.9721906 -37.815935)"
10940875425,6167344559,,footway,2.0218380367179654,"LINESTRING (144.9721935 -37.8159461, 144.972204 -37.8159623)"
6167344559,6167344560,,footway,7.826468017622567,"LINESTRING (144.972204 -37.8159623, 144.9722256 -37.8160307)"
6167344560,6167344561,,footway,0.5948116505638764,"LINESTRING (144.9722256 -37.8160307, 144.9722266 -37.816036)"
6167344561,6167344562,,footway,2.815412921048835,"LINESTRING (144.9722266 -37.816036, 144.9722327 -37.8160609)"
6167344562,6167344563,,footway,1.3609255699095402,"LINESTRING (144.9722327 -37.8160609, 144.9722352 -37.816073)"
6167344563,6167344564,,footway,3.8107508905157905,"LINESTRING (144.9722352 -37.816073, 144.9722428 -37.8161068)"
10940875424,6167254931,,footway,5.955788294345748,"LINESTRING (144.9722075 -37.8159167, 144.9722709 -37.815898)"
6167254931,6167254932,,footway,12.489036432726945,"LINESTRING (144.9722709 -37.815898, 144.9724039 -37.8158589)"
6167254932,10940875423,,footway,5.246951958394418,"LINESTRING (144.9724039 -37.8158589, 144.9724596 -37.8158421)"
6167357878,7913378926,,footway,4.170844173509244,"LINESTRING (144.9740535 -37.8130838, 144.9740271 -37.8130526)"
7913378926,7913378925,,footway,4.390731720043397,"LINESTRING (144.9740271 -37.8130526, 144.9740014 -37.8130187)"
7913378925,1449431432,,footway,1.77044181841147,"LINESTRING (144.9740014 -37.8130187, 144.9739903 -37.8130054)"
1449431432,7913378924,,footway,2.0564442321495484,"LINESTRING (144.9739903 -37.8130054, 144.9739777 -37.8129898)"
7913378924,7913378923,,footway,3.403855847767186,"LINESTRING (144.9739777 -37.8129898, 144.9739572 -37.8129638)"
7913378923,6167357879,,footway,5.939508575781647,"LINESTRING (144.9739572 -37.8129638, 144.9739219 -37.8129182)"
6167236673,7473580176,,footway,5.4743369154844475,"LINESTRING (144.9725761 -37.8091397, 144.972517 -37.809155)"
7473580176,6167236672,,footway,11.079644855030963,"LINESTRING (144.972517 -37.809155, 144.9723974 -37.809186)"
6167236672,6167357850,,footway,15.296438613416921,"LINESTRING (144.9723974 -37.809186, 144.9722349 -37.8092347)"
6167357850,9991984389,,footway,6.673390656986445,"LINESTRING (144.9722349 -37.8092347, 144.9721633 -37.8092544)"
9991984389,8869351970,,footway,5.199910460720716,"LINESTRING (144.9721633 -37.8092544, 144.9721078 -37.8092704)"
8869351970,6167236671,,footway,7.721934708063215,"LINESTRING (144.9721078 -37.8092704, 144.9720254 -37.8092942)"
6167236671,6167357853,,footway,8.087100854205278,"LINESTRING (144.9720254 -37.8092942, 144.9719386 -37.809318)"
6167357853,9991984392,,footway,5.757746297204492,"LINESTRING (144.9719386 -37.809318, 144.9719597 -37.8093671)"
9991984392,8869351977,,footway,11.836025864876953,"LINESTRING (144.9719597 -37.8093671, 144.9720124 -37.8094652)"
8869351977,6167357854,,footway,1.1222069050869277,"LINESTRING (144.9720124 -37.8094652, 144.9720174 -37.8094745)"
6167357854,6167357855,,footway,7.784752597492904,"LINESTRING (144.9720174 -37.8094745, 144.9720503 -37.8095396)"
589449823,9991984391,,footway,6.995285093707827,"LINESTRING (144.9722035 -37.8094971, 144.972128 -37.8095167)"
9991984391,6167357855,,footway,7.298991170246593,"LINESTRING (144.972128 -37.8095167, 144.9720503 -37.8095396)"
6167357855,6167236674,,footway,48.965424368213824,"LINESTRING (144.9720503 -37.8095396, 144.9715296 -37.8096944)"
6167236674,6167236675,,footway,27.49113713128616,"LINESTRING (144.9715296 -37.8096944, 144.9712373 -37.8097814)"
6167236675,12542949961,,footway,60.24309998590348,"LINESTRING (144.9712373 -37.8097814, 144.9705935 -37.809965)"
12542949961,6167236676,,footway,1.8172415733474832,"LINESTRING (144.9705935 -37.809965, 144.9705744 -37.8099712)"
6167344541,6722197736,,footway,98.87428088207007,"LINESTRING (144.9695829 -37.8102617, 144.9699631 -37.8110999)"
6167357853,6167236670,,footway,78.36656427456973,"LINESTRING (144.9719386 -37.809318, 144.9711028 -37.8095605)"
6167236670,6167344604,,footway,126.81133381367722,"LINESTRING (144.9711028 -37.8095605, 144.9697511 -37.8099546)"
6167344538,6167344539,,footway,7.095770893090505,"LINESTRING (144.9694657 -37.8100401, 144.9694982 -37.8100986)"
6167344539,6167344540,,footway,12.243483607995246,"LINESTRING (144.9694982 -37.8100986, 144.9695499 -37.810201)"
6167344540,6167344541,,footway,7.337198341282695,"LINESTRING (144.9695499 -37.810201, 144.9695829 -37.8102617)"
6167344604,6725415013,,footway,98.76144157646785,"LINESTRING (144.9697511 -37.8099546, 144.969374 -37.8091166)"
6167344604,3367904396,,footway,5.854374849575702,"LINESTRING (144.9697511 -37.8099546, 144.9696887 -37.8099728)"
3367904396,6167236669,,footway,13.730514528956718,"LINESTRING (144.9696887 -37.8099728, 144.9695419 -37.8100145)"
6167236669,6167344538,,footway,7.286830394619966,"LINESTRING (144.9695419 -37.8100145, 144.9694657 -37.8100401)"
6167344601,6167344602,,footway,7.011940191184232,"LINESTRING (144.9698524 -37.8101791, 144.9698246 -37.8101199)"
6167344602,6167344603,,footway,12.299035409008901,"LINESTRING (144.9698246 -37.8101199, 144.9697785 -37.8100153)"
6167344603,6167344604,,footway,7.156237689869067,"LINESTRING (144.9697785 -37.8100153, 144.9697511 -37.8099546)"
6167344601,6167236677,,footway,8.297327872010666,"LINESTRING (144.9698524 -37.8101791, 144.9697655 -37.810208)"
6167236677,6167236678,,footway,10.260867552747074,"LINESTRING (144.9697655 -37.810208, 144.9696555 -37.8102385)"
6167236678,6167344541,,footway,6.892099925713975,"LINESTRING (144.9696555 -37.8102385, 144.9695829 -37.8102617)"
6167344541,6167236679,,footway,29.039136054962313,"LINESTRING (144.9695829 -37.8102617, 144.969275 -37.8103554)"
6167236679,6167236680,,footway,34.21050269980021,"LINESTRING (144.969275 -37.8103554, 144.9689134 -37.8104681)"
6167236680,6167236681,,footway,79.13184740696535,"LINESTRING (144.9689134 -37.8104681, 144.9680706 -37.8107155)"
6167236681,6167344518,,footway,63.36069728304233,"LINESTRING (144.9680706 -37.8107155, 144.9673948 -37.8109115)"
6167344518,6167344519,,footway,30.602960069643718,"LINESTRING (144.9673948 -37.8109115, 144.9675094 -37.8111718)"
6167344519,13807289067,,footway,65.55394980602364,"LINESTRING (144.9675094 -37.8111718, 144.9677705 -37.8117249)"
6167344538,6167236668,,footway,61.68153840913635,"LINESTRING (144.9694657 -37.8100401, 144.9688086 -37.8102326)"
6167236668,6167236667,,footway,46.395848075768534,"LINESTRING (144.9688086 -37.8102326, 144.9683172 -37.8103834)"
6167236667,6167236666,,footway,15.294558343369637,"LINESTRING (144.9683172 -37.8103834, 144.9681553 -37.8104333)"
6167236666,6167236665,,footway,56.70437168887227,"LINESTRING (144.9681553 -37.8104333, 144.9675536 -37.8106153)"
6167236665,6167344515,,footway,24.456614189100137,"LINESTRING (144.9675536 -37.8106153, 144.9672878 -37.8106792)"
6167344515,6167344516,,footway,7.917293925049883,"LINESTRING (144.9672878 -37.8106792, 144.9673176 -37.8107465)"
6167344516,6167344517,,footway,11.809236670534098,"LINESTRING (144.9673176 -37.8107465, 144.9673634 -37.8108465)"
6167344517,6167344518,,footway,7.72619908863543,"LINESTRING (144.9673634 -37.8108465, 144.9673948 -37.8109115)"
6167344515,6167236664,,footway,5.561427011839778,"LINESTRING (144.9672878 -37.8106792, 144.9672277 -37.8106946)"
6167236664,6167236663,,footway,13.895616923848205,"LINESTRING (144.9672277 -37.8106946, 144.9670786 -37.8107356)"
6167236663,6167344380,,footway,6.751854664892347,"LINESTRING (144.9670786 -37.8107356, 144.9670065 -37.8107563)"
6167344380,6167344381,,footway,45.125345153331786,"LINESTRING (144.9670065 -37.8107563, 144.9668297 -37.8103747)"
6167344381,6167344382,,footway,24.129227069294096,"LINESTRING (144.9668297 -37.8103747, 144.966735 -37.8101707)"
6167344382,12482907614,,footway,17.242791663793263,"LINESTRING (144.966735 -37.8101707, 144.9666674 -37.8100249)"
12482907614,6725414986,,footway,11.671305442243826,"LINESTRING (144.9666674 -37.8100249, 144.966621 -37.8099264)"
6167344518,6167236682,,footway,5.556755904996903,"LINESTRING (144.9673948 -37.8109115, 144.9673354 -37.8109284)"
6167236682,6167236683,,footway,14.013105250312268,"LINESTRING (144.9673354 -37.8109284, 144.9671861 -37.8109721)"
6167236683,6167344377,,footway,6.9519463301191555,"LINESTRING (144.9671861 -37.8109721, 144.9671115 -37.8109926)"
6167344377,6167344378,,footway,7.675771288795712,"LINESTRING (144.9671115 -37.8109926, 144.9670828 -37.8109273)"
6167344378,6167344379,,footway,11.585590702136157,"LINESTRING (144.9670828 -37.8109273, 144.9670389 -37.8108289)"
6167344379,6167344380,,footway,8.54821106617695,"LINESTRING (144.9670389 -37.8108289, 144.9670065 -37.8107563)"
10904155315,6167236655,,footway,26.479111760178423,"LINESTRING (144.9645487 -37.8114823, 144.9642665 -37.8115647)"
6167236655,6877591104,,footway,41.89580920917921,"LINESTRING (144.9642665 -37.8115647, 144.9638245 -37.8117044)"
6167266585,6167266587,,footway,35.303476580734156,"LINESTRING (144.9648141 -37.8114125, 144.9646736 -37.8111146)"
6167266587,6167266588,,footway,32.39540442507733,"LINESTRING (144.9646736 -37.8111146, 144.9645428 -37.8108418)"
6167266588,6167266589,,footway,30.026947552164803,"LINESTRING (144.9645428 -37.8108418, 144.9644244 -37.8105881)"
6167266589,10904158286,,footway,3.644228713335205,"LINESTRING (144.9644244 -37.8105881, 144.9644311 -37.8105557)"
10904158286,10904158280,,footway,1.0375979995372269,"LINESTRING (144.9644311 -37.8105557, 144.9644248 -37.8105478)"
10904155318,6167236692,,footway,28.861866796166556,"LINESTRING (144.9646523 -37.8117097, 144.9643441 -37.8117982)"
6167236692,6167236697,,footway,54.420644411063016,"LINESTRING (144.9643441 -37.8117982, 144.9637646 -37.8119686)"
6167236697,6877591109,,footway,3.4768194432429786,"LINESTRING (144.9637646 -37.8119686, 144.9637274 -37.8119791)"
10904155311,6167265883,,footway,4.790333131748279,"LINESTRING (144.9649042 -37.8116067, 144.9648854 -37.8115662)"
6167265883,10904134477,,footway,4.281609922924624,"LINESTRING (144.9648854 -37.8115662, 144.9648686 -37.81153)"
10904155319,10904155326,,footway,1.8513378754681715,"LINESTRING (144.9650382 -37.8125567, 144.9650311 -37.812541)"
10904155326,6722209693,,footway,2.8317214515261306,"LINESTRING (144.9650311 -37.812541, 144.9650442 -37.8125177)"
6722209693,6167266615,,footway,95.53088415210092,"LINESTRING (144.9650442 -37.8125177, 144.964667 -37.8117107)"
6167266615,10904155318,,footway,1.2991752811918469,"LINESTRING (144.964667 -37.8117107, 144.9646523 -37.8117097)"
10904155318,10904155314,,footway,2.079606487741429,"LINESTRING (144.9646523 -37.8117097, 144.9646442 -37.8116921)"
10904155309,6167236688,,footway,5.109441994483878,"LINESTRING (144.96486 -37.8116549, 144.9648055 -37.8116707)"
6167236688,6167236689,,footway,1.7809588191184311,"LINESTRING (144.9648055 -37.8116707, 144.9647865 -37.8116762)"
6167236689,6167236690,,footway,1.543739136777149,"LINESTRING (144.9647865 -37.8116762, 144.96477 -37.8116809)"
6167236690,10904155310,,footway,5.645634973392226,"LINESTRING (144.96477 -37.8116809, 144.9647098 -37.8116984)"
10904134478,6167266617,,footway,4.436651415562279,"LINESTRING (144.9645934 -37.8115807, 144.9645763 -37.8115431)"
6167266617,10904155313,,footway,5.430207094172869,"LINESTRING (144.9645763 -37.8115431, 144.9645553 -37.8114971)"
6167266585,6167236659,,footway,10.746503155009274,"LINESTRING (144.9648141 -37.8114125, 144.9646954 -37.811435)"
6167236659,6167236658,,footway,1.592694581238849,"LINESTRING (144.9646954 -37.811435, 144.9646784 -37.8114399)"
6167236658,6167236657,,footway,1.6951055880746153,"LINESTRING (144.9646784 -37.8114399, 144.9646603 -37.8114451)"
6167236657,10904155307,,footway,5.449787757149139,"LINESTRING (144.9646603 -37.8114451, 144.9646021 -37.8114618)"
6167440998,6167285784,,footway,6.593401142416981,"LINESTRING (144.9612727 -37.8104752, 144.9613436 -37.8104561)"
6167285784,13264399434,,footway,2.4172843385002953,"LINESTRING (144.9613436 -37.8104561, 144.9613698 -37.8104496)"
13264399434,6167289285,,footway,2.863785237097328,"LINESTRING (144.9613698 -37.8104496, 144.9614008 -37.8104418)"
6167289285,6167289286,,footway,3.2683343548204147,"LINESTRING (144.9614008 -37.8104418, 144.9614358 -37.810432)"
6167289286,13264399432,,footway,3.2499182122973114,"LINESTRING (144.9614358 -37.810432, 144.9614699 -37.8104208)"
13264399432,6167289287,,footway,1.5144133911882844,"LINESTRING (144.9614699 -37.8104208, 144.9614858 -37.8104156)"
6167289287,6167441040,,footway,7.734902608322744,"LINESTRING (144.9614858 -37.8104156, 144.9615637 -37.8103834)"
12821532824,6167285774,,footway,63.61774839210037,"LINESTRING (144.9614566 -37.8101515, 144.9621349 -37.8099542)"
12821532826,6167285770,,footway,3.249082223584595,"LINESTRING (144.9611986 -37.8102264, 144.9612335 -37.8102169)"
6167285770,6167285771,,footway,5.285734556208589,"LINESTRING (144.9612335 -37.8102169, 144.9612899 -37.8102006)"
6167285771,6167285772,,footway,3.093085646582859,"LINESTRING (144.9612899 -37.8102006, 144.9613231 -37.8101915)"
6167285772,6167285773,,footway,4.924088529891471,"LINESTRING (144.9613231 -37.8101915, 144.9613754 -37.8101758)"
6167285773,12821532824,,footway,7.642086622810777,"LINESTRING (144.9613754 -37.8101758, 144.9614566 -37.8101515)"
594172793,13838640667,,footway,4.380301630439493,"LINESTRING (144.9665247 -37.8158436, 144.9665714 -37.81583)"
6167247328,6167441074,,footway,48.10179041391794,"LINESTRING (144.9642341 -37.8162701, 144.9647481 -37.8161233)"
6167441074,13811225496,,footway,9.687383093480245,"LINESTRING (144.9647481 -37.8161233, 144.9648516 -37.8160937)"
13811225496,6167441077,,footway,36.85726823486956,"LINESTRING (144.9648516 -37.8160937, 144.9652453 -37.8159809)"
6167441077,6167191730,,footway,52.516833924934325,"LINESTRING (144.9652453 -37.8159809, 144.9658066 -37.8158209)"
6167191730,13264326871,,footway,2.6370337594583133,"LINESTRING (144.9658066 -37.8158209, 144.9658348 -37.8158129)"
13264326871,6167191731,,footway,34.93750633138678,"LINESTRING (144.9658348 -37.8158129, 144.9662075 -37.8157049)"
6167191731,8633692034,Wales Corner Arcade,footway,2.3526131930656153,"LINESTRING (144.9662075 -37.8157049, 144.9662167 -37.8157248)"
13875462540,589742849,,footway,11.657883768297681,"LINESTRING (144.9548248 -37.8209295, 144.9548649 -37.8210296)"
589742849,1479930093,,footway,11.23622341533161,"LINESTRING (144.9548649 -37.8210296, 144.9548954 -37.8211279)"
1479930093,1479930074,,footway,3.2737448613601354,"LINESTRING (144.9548954 -37.8211279, 144.9549067 -37.821156)"
1479930074,1479930082,,footway,6.849751959474555,"LINESTRING (144.9549067 -37.821156, 144.9549291 -37.8212151)"
1479930082,589742863,,footway,3.4409845794706286,"LINESTRING (144.9549291 -37.8212151, 144.9549415 -37.8212445)"
6167230991,9330888059,,footway,6.053648724579248,"LINESTRING (144.9542522 -37.8189172, 144.9542303 -37.8188655)"
9330888059,6167230992,,footway,42.11884621992266,"LINESTRING (144.9542303 -37.8188655, 144.9540779 -37.8185058)"
6167230992,11133456733,,footway,22.58293535293496,"LINESTRING (144.9540779 -37.8185058, 144.9539909 -37.8183144)"
11133456733,6721990356,,footway,23.531739168707855,"LINESTRING (144.9539909 -37.8183144, 144.9539001 -37.818115)"
13681763322,6167191714,,footway,3.0865213563974674,"LINESTRING (144.9540797 -37.8192094, 144.9541126 -37.8191998)"
6167191714,6167191715,,footway,7.950027385526831,"LINESTRING (144.9541126 -37.8191998, 144.9541974 -37.8191752)"
6167191715,6167191716,,footway,1.1376451070335545,"LINESTRING (144.9541974 -37.8191752, 144.9542094 -37.8191714)"
6167191716,6167191717,,footway,2.2604776396850377,"LINESTRING (144.9542094 -37.8191714, 144.9542336 -37.8191646)"
6167191717,2269263377,,footway,2.746894237729184,"LINESTRING (144.9542336 -37.8191646, 144.9542629 -37.8191561)"
2269263377,6407790016,,footway,3.6271240340346913,"LINESTRING (144.9542629 -37.8191561, 144.9543016 -37.8191449)"
6407790016,13681763321,,footway,3.9133341391622887,"LINESTRING (144.9543016 -37.8191449, 144.9543433 -37.8191327)"
9330888059,6167191182,,footway,4.878497820051234,"LINESTRING (144.9542303 -37.8188655, 144.9541785 -37.8188811)"
6167191182,13276805980,,footway,3.6061776499028353,"LINESTRING (144.9541785 -37.8188811, 144.9541401 -37.8188924)"
13276805980,6167191183,,footway,2.8724202638372636,"LINESTRING (144.9541401 -37.8188924, 144.9541092 -37.8189007)"
6167191183,6167191184,,footway,3.360356433984694,"LINESTRING (144.9541092 -37.8189007, 144.954074 -37.8189124)"
6167191184,13276805982,,footway,3.9849095149645133,"LINESTRING (144.954074 -37.8189124, 144.9540313 -37.8189243)"
13276805982,6167191685,,footway,4.260741677004743,"LINESTRING (144.9540313 -37.8189243, 144.953986 -37.8189378)"
6167191685,9330888058,,footway,5.331114115575167,"LINESTRING (144.953986 -37.8189378, 144.953929 -37.818954)"
13681763311,6167230985,,footway,2.0020233277834687,"LINESTRING (144.9543566 -37.8190958, 144.954349 -37.8190788)"
6167230985,6167230986,,footway,4.230993680026284,"LINESTRING (144.954349 -37.8190788, 144.9543332 -37.8190428)"
6167230986,6167230987,,footway,2.152740970801325,"LINESTRING (144.9543332 -37.8190428, 144.9543251 -37.8190245)"
6167230987,6167230988,,footway,2.4906377706135903,"LINESTRING (144.9543251 -37.8190245, 144.9543162 -37.8190032)"
6167230988,6167230989,,footway,1.0030017541794838,"LINESTRING (144.9543162 -37.8190032, 144.954312 -37.8189948)"
6167230989,6167230990,,footway,4.5889099397890325,"LINESTRING (144.954312 -37.8189948, 144.9542947 -37.8189558)"
6167230990,13681763312,,footway,3.267235753547025,"LINESTRING (144.9542947 -37.8189558, 144.9542825 -37.818928)"
7512717749,9086085373,,footway,7.555419821962441,"LINESTRING (144.9539478 -37.8189969, 144.9539803 -37.8190599)"
9086085373,6167191687,,footway,3.446755749784372,"LINESTRING (144.9539803 -37.8190599, 144.9539943 -37.8190889)"
6167191687,6167191688,,footway,3.352921289990701,"LINESTRING (144.9539943 -37.8190889, 144.9540089 -37.8191168)"
6167191688,6167191689,,footway,5.208610677528733,"LINESTRING (144.9540089 -37.8191168, 144.9540323 -37.8191599)"
6167191689,6167191713,,footway,7.4529733293780085,"LINESTRING (144.9540323 -37.8191599, 144.9540645 -37.819222)"
11409607218,2383211239,,footway,4.535089000115233,"LINESTRING (144.9675374 -37.8173172, 144.967555 -37.8173556)"
2383211239,591430562,,footway,5.1871640253706675,"LINESTRING (144.967555 -37.8173556, 144.9675745 -37.8173997)"
591430562,591430819,,footway,5.483555462071324,"LINESTRING (144.9675745 -37.8173997, 144.9675933 -37.8174468)"
591430819,741702230,,footway,4.295401583145707,"LINESTRING (144.9675933 -37.8174468, 144.9676076 -37.8174838)"
741702230,591431026,,footway,6.942381791342687,"LINESTRING (144.9676076 -37.8174838, 144.9676303 -37.8175437)"
7913378889,591431023,,footway,4.747099993023813,"LINESTRING (144.9673088 -37.8173335, 144.9673597 -37.8173194)"
591431023,5680152951,,footway,1.6137351435037837,"LINESTRING (144.9673597 -37.8173194, 144.967377 -37.8173146)"
5680152951,2383211235,,footway,1.8019525384267943,"LINESTRING (144.967377 -37.8173146, 144.9673963 -37.8173092)"
2383211235,6167265865,,footway,4.644684154793842,"LINESTRING (144.9673963 -37.8173092, 144.9674461 -37.8172954)"
8633692075,8633692076,,footway,6.1023570141441645,"LINESTRING (144.9692354 -37.8168087, 144.9692616 -37.8168596)"
8633692076,8633692077,,footway,4.985799273167368,"LINESTRING (144.9692616 -37.8168596, 144.9692803 -37.816902)"
8633692077,8633692078,,footway,3.5341201629930357,"LINESTRING (144.9692803 -37.816902, 144.9692941 -37.8169319)"
8633692078,8633692079,,footway,4.574196464102547,"LINESTRING (144.9692941 -37.8169319, 144.9693123 -37.8169705)"
8633692079,8633692080,,footway,9.431106309284685,"LINESTRING (144.9693123 -37.8169705, 144.9693511 -37.8170497)"
10975626992,10975626985,,footway,1.6694064126807224,"LINESTRING (144.9696141 -37.8157195, 144.9696207 -37.8157336)"
10975626985,6721914057,,footway,2.016663583598872,"LINESTRING (144.9696207 -37.8157336, 144.9696227 -37.8157517)"
6721914057,10901587551,,footway,94.64901698906212,"LINESTRING (144.9696227 -37.8157517, 144.9699894 -37.8165533)"
10901587551,6167254956,,footway,3.2746888392463194,"LINESTRING (144.9699894 -37.8165533, 144.9700204 -37.8165696)"
6167254956,10901587544,,footway,1.8741989747868937,"LINESTRING (144.9700204 -37.8165696, 144.9700243 -37.8165862)"
10975626993,6167344535,,footway,2.5944111333033932,"LINESTRING (144.9695923 -37.8156731, 144.9696026 -37.815695)"
6167344535,10975626992,,footway,2.9017211683919784,"LINESTRING (144.9696026 -37.815695, 144.9696141 -37.8157195)"
13167074783,13167074784,,footway,6.069637523754784,"LINESTRING (144.9565169 -37.8123402, 144.9565819 -37.812322)"
13167074784,13397143741,,footway,1.2816746533365857,"LINESTRING (144.9565819 -37.812322, 144.9565956 -37.8123181)"
13397143741,13167074785,,footway,2.2440681495236436,"LINESTRING (144.9565956 -37.8123181, 144.9566196 -37.8123113)"
8186903247,8633989586,,footway,8.173664289451308,"LINESTRING (144.956461 -37.8119608, 144.9564296 -37.8118915)"
8186903249,8633989587,,footway,13.30952311427372,"LINESTRING (144.9567733 -37.8125839, 144.9568194 -37.8126981)"
8186903243,8633989588,,footway,12.48745508198094,"LINESTRING (144.9568383 -37.8125719, 144.9568927 -37.8126758)"
8186903245,8633989589,,footway,9.424798482765219,"LINESTRING (144.9565727 -37.8119349, 144.9565379 -37.8118546)"
6167417911,6167417912,,footway,8.138927557624454,"LINESTRING (144.9538448 -37.8168721, 144.9539321 -37.816848)"
1479928114,13875957754,,footway,3.8637963612621387,"LINESTRING (144.9551761 -37.8208926, 144.9551484 -37.8208656)"
13875957754,6167247178,,footway,5.888931623040378,"LINESTRING (144.9551484 -37.8208656, 144.9551275 -37.8208152)"
6721913987,6721913988,,footway,4.362033009204813,"LINESTRING (144.9607783 -37.8182747, 144.9607616 -37.8182377)"
6721913571,8955976527,,footway,4.721375116979615,"LINESTRING (144.9605271 -37.8184253, 144.9605072 -37.8183858)"
8955976527,9561515042,,footway,3.3655850962269502,"LINESTRING (144.9605072 -37.8183858, 144.9604945 -37.8183572)"
9561515042,12514091462,,footway,0.6298851526485402,"LINESTRING (144.9604945 -37.8183572, 144.9604923 -37.8183518)"
12514091462,2189158032,,footway,1.786488499643614,"LINESTRING (144.9604923 -37.8183518, 144.960486 -37.8183365)"
2189158032,8955976520,,footway,8.010104398795544,"LINESTRING (144.960486 -37.8183365, 144.960525 -37.8182713)"
8955976520,9561515059,,footway,8.555502194853583,"LINESTRING (144.960525 -37.8182713, 144.9605698 -37.8182029)"
9561515059,11031479455,,footway,37.2711673325068,"LINESTRING (144.9605698 -37.8182029, 144.9604228 -37.817888)"
11031479455,6167191724,,footway,52.724950551257336,"LINESTRING (144.9604228 -37.817888, 144.9602184 -37.8174415)"
8955976535,13707148629,,footway,45.31879372127222,"LINESTRING (144.9596694 -37.8184913, 144.9601552 -37.8183564)"
13707148629,8955976529,,footway,22.333719724552328,"LINESTRING (144.9601552 -37.8183564, 144.9603946 -37.8182899)"
8955976529,13707148636,,footway,2.801417581972867,"LINESTRING (144.9603946 -37.8182899, 144.9604249 -37.8182822)"
13707148636,9561515053,,footway,1.695777527368508,"LINESTRING (144.9604249 -37.8182822, 144.9604439 -37.8182797)"
9561515053,8955976520,,footway,7.20134116724854,"LINESTRING (144.9604439 -37.8182797, 144.960525 -37.8182713)"
8955976520,8955976530,,footway,3.144291186152859,"LINESTRING (144.960525 -37.8182713, 144.9605607 -37.818272)"
8955976530,9561515047,,footway,7.77689859699704,"LINESTRING (144.9605607 -37.818272, 144.9606488 -37.818267)"
9561515047,8955976531,,footway,3.9537652589384344,"LINESTRING (144.9606488 -37.818267, 144.9606913 -37.8182555)"
8955976531,6721913988,,footway,6.497463053493623,"LINESTRING (144.9606913 -37.8182555, 144.9607616 -37.8182377)"
11982881168,8955976540,,footway,8.933260599627403,"LINESTRING (144.96123 -37.8193934, 144.9613264 -37.8193683)"
8955976540,6167247313,,footway,7.136545664215468,"LINESTRING (144.9613264 -37.8193683, 144.9614071 -37.8193743)"
6167247313,7913378939,,footway,5.0206208225549,"LINESTRING (144.9614071 -37.8193743, 144.9614638 -37.8193695)"
7913378939,8956397214,,footway,4.444820879817359,"LINESTRING (144.9614638 -37.8193695, 144.9615141 -37.8193661)"
8956397214,8955976539,,footway,2.549653324975248,"LINESTRING (144.9615141 -37.8193661, 144.9615427 -37.8193625)"
6721914015,6167247329,,footway,5.734483228235528,"LINESTRING (144.9646307 -37.8171035, 144.9646528 -37.8171521)"
6167247326,6721914012,,footway,5.606328573371091,"LINESTRING (144.9643823 -37.8172314, 144.9643603 -37.817184)"
6167247321,1964021894,,footway,5.5669955962392965,"LINESTRING (144.9651706 -37.8182543, 144.9652299 -37.8182369)"
1964021894,1964021886,,footway,82.62359098943465,"LINESTRING (144.9652299 -37.8182369, 144.9661122 -37.8179834)"
6167247321,1964021919,,footway,1.822062491420718,"LINESTRING (144.9651706 -37.8182543, 144.9651781 -37.8182696)"
589501834,589501836,,footway,6.317710188562435,"LINESTRING (144.9573434 -37.8202497, 144.9573641 -37.8203042)"
589501836,589488572,,footway,9.369258957753134,"LINESTRING (144.9573641 -37.8203042, 144.9573949 -37.820385)"
589488572,589500754,,footway,3.5359951756687393,"LINESTRING (144.9573949 -37.820385, 144.9574065 -37.8204155)"
589500754,589501040,,footway,6.677638433486542,"LINESTRING (144.9574065 -37.8204155, 144.9574284 -37.8204731)"
589501040,1479905408,,footway,4.473016284349224,"LINESTRING (144.9574284 -37.8204731, 144.957443 -37.8205117)"
1479905408,6167229075,,footway,5.8676840494346765,"LINESTRING (144.957443 -37.8205117, 144.9574623 -37.8205623)"
6167229075,1479905326,,footway,2.7385778264410154,"LINESTRING (144.9574623 -37.8205623, 144.9574915 -37.8205538)"
1479905326,589481822,,footway,5.935704692648151,"LINESTRING (144.9574915 -37.8205538, 144.9575548 -37.8205354)"
589481822,36822339,,footway,14.036351658568572,"LINESTRING (144.9575548 -37.8205354, 144.9577044 -37.8204917)"
36822339,589501821,,footway,7.364152952227621,"LINESTRING (144.9577044 -37.8204917, 144.9577829 -37.8204688)"
589501830,589501832,,footway,7.221737498038775,"LINESTRING (144.9576359 -37.8201655, 144.9575588 -37.8201877)"
589501832,589500304,,footway,13.751497863418926,"LINESTRING (144.9575588 -37.8201877, 144.957412 -37.82023)"
589500304,589501834,,footway,6.423575432365392,"LINESTRING (144.957412 -37.82023, 144.9573434 -37.8202497)"
1449431267,2347234662,,footway,6.418605077137786,"LINESTRING (144.9742738 -37.8136579, 144.9742033 -37.8136726)"
8998978546,8998978547,,footway,1.4543895692684716,"LINESTRING (144.9744006 -37.8136655, 144.9743977 -37.8136526)"
8998978547,8998978548,,footway,1.4471980892823133,"LINESTRING (144.9743977 -37.8136526, 144.9743895 -37.8136413)"
8998978548,8998978549,,footway,1.456364574748513,"LINESTRING (144.9743895 -37.8136413, 144.9743769 -37.8136328)"
8998978549,8998978550,,footway,1.3546077938101921,"LINESTRING (144.9743769 -37.8136328, 144.9743626 -37.8136283)"
8998978550,8998978551,,footway,1.348864094319674,"LINESTRING (144.9743626 -37.8136283, 144.9743473 -37.8136277)"
8998978551,8998978552,,footway,1.3592229022035265,"LINESTRING (144.9743473 -37.8136277, 144.9743324 -37.8136309)"
8998978552,8998978535,,footway,1.3491445393344108,"LINESTRING (144.9743324 -37.8136309, 144.9743197 -37.8136377)"
8998978535,8998978536,,footway,1.354653666263384,"LINESTRING (144.9743197 -37.8136377, 144.9743102 -37.8136473)"
8998978536,8998978537,,footway,1.3426367629001366,"LINESTRING (144.9743102 -37.8136473, 144.9743051 -37.8136587)"
8998978537,8998978541,,footway,1.3875120511779726,"LINESTRING (144.9743051 -37.8136587, 144.9743049 -37.8136712)"
8998978541,8998978542,,footway,1.3789448774971507,"LINESTRING (144.9743049 -37.8136712, 144.9743098 -37.813683)"
8998978542,8998978543,,footway,1.3898447651478933,"LINESTRING (144.9743098 -37.813683, 144.9743193 -37.813693)"
8998978543,8998978544,,footway,1.3834626026671242,"LINESTRING (144.9743193 -37.813693, 144.9743323 -37.8137)"
8998978544,8998978545,,footway,1.3961204235281996,"LINESTRING (144.9743323 -37.8137, 144.9743476 -37.8137033)"
8998978545,8998978538,,footway,1.3940751706758927,"LINESTRING (144.9743476 -37.8137033, 144.9743634 -37.8137025)"
8998978538,8998978539,,footway,1.4040011262154157,"LINESTRING (144.9743634 -37.8137025, 144.9743781 -37.8136976)"
8998978539,8998978540,,footway,1.388616833607329,"LINESTRING (144.9743781 -37.8136976, 144.9743899 -37.8136893)"
8998978540,650286369,,footway,1.3911740422043963,"LINESTRING (144.9743899 -37.8136893, 144.9743977 -37.8136784)"
650286369,8998978546,,footway,1.4543895647862128,"LINESTRING (144.9743977 -37.8136784, 144.9744006 -37.8136655)"
8998978537,1449431267,,footway,2.75750468885874,"LINESTRING (144.9743051 -37.8136587, 144.9742738 -37.8136579)"
8998978549,8998978572,,footway,3.879840854756737,"LINESTRING (144.9743769 -37.8136328, 144.9744177 -37.8136196)"
8998978549,8998978577,,footway,8.839456765340556,"LINESTRING (144.9743769 -37.8136328, 144.9743737 -37.8135532)"
8998978580,8998978581,,footway,3.304271007222875,"LINESTRING (144.9743134 -37.8134093, 144.9742781 -37.8134194)"
8998978581,8998978582,,footway,0.436572708035389,"LINESTRING (144.9742781 -37.8134194, 144.9742732 -37.81342)"
8998978582,12589889448,,footway,0.6260680035658222,"LINESTRING (144.9742732 -37.81342, 144.9742661 -37.8134197)"
12589889448,12589889447,,footway,0.35470351475333095,"LINESTRING (144.9742661 -37.8134197, 144.9742622 -37.8134189)"
12589889447,12589889446,,footway,0.4422676280877354,"LINESTRING (144.9742622 -37.8134189, 144.9742576 -37.8134173)"
12589889446,12589889445,,footway,0.5520052764556351,"LINESTRING (144.9742576 -37.8134173, 144.9742526 -37.8134143)"
12589889445,12589889444,,footway,0.3802160777625361,"LINESTRING (144.9742526 -37.8134143, 144.9742494 -37.813412)"
12589889444,8998978583,,footway,0.4108666584661474,"LINESTRING (144.9742494 -37.813412, 144.9742465 -37.8134091)"
8998978583,8998978584,,footway,0.4479654827711541,"LINESTRING (144.9742465 -37.8134091, 144.9742442 -37.8134055)"
8998978584,8998978585,,footway,1.9602365554902113,"LINESTRING (144.9742442 -37.8134055, 144.9742366 -37.8133889)"
8998978585,8998978586,,footway,15.738525421840825,"LINESTRING (144.9742366 -37.8133889, 144.974176 -37.8132555)"
8998978586,12589889457,,footway,18.206285716952046,"LINESTRING (144.974176 -37.8132555, 144.9741048 -37.8131015)"
12589889457,8998978588,,footway,0.534599236192132,"LINESTRING (144.9741048 -37.8131015, 144.974103 -37.8130969)"
8998978588,8998978589,,footway,0.413306545378493,"LINESTRING (144.974103 -37.8130969, 144.9741018 -37.8130933)"
8998978589,12589889456,,footway,0.6009717940434968,"LINESTRING (144.9741018 -37.8130933, 144.9741013 -37.8130879)"
12589889456,12589889455,,footway,0.4558333634175492,"LINESTRING (144.9741013 -37.8130879, 144.9741016 -37.8130838)"
12589889455,8998978590,,footway,0.4526159538594845,"LINESTRING (144.9741016 -37.8130838, 144.9741026 -37.8130798)"
8998978590,8998978591,,footway,0.43416507070900545,"LINESTRING (144.9741026 -37.8130798, 144.9741042 -37.8130761)"
8998978591,12589889454,,footway,0.3449499860138704,"LINESTRING (144.9741042 -37.8130761, 144.9741059 -37.8130733)"
12589889454,12589889453,,footway,0.389954306468059,"LINESTRING (144.9741059 -37.8130733, 144.9741084 -37.8130704)"
12589889453,12589889452,,footway,0.3954636145605401,"LINESTRING (144.9741084 -37.8130704, 144.9741116 -37.8130679)"
12589889452,12589889451,,footway,0.44316767976517374,"LINESTRING (144.9741116 -37.8130679, 144.9741158 -37.8130657)"
12589889451,8998978592,,footway,1.5160935664223967,"LINESTRING (144.9741158 -37.8130657, 144.9741321 -37.8130613)"
8998978592,8998978594,,footway,3.3706355407533075,"LINESTRING (144.9741321 -37.8130613, 144.9741682 -37.8130512)"
8998978595,8998978603,,pedestrian,3.545305680435377,"LINESTRING (144.9741879 -37.8130896, 144.9741501 -37.8131006)"
8998978603,8998978606,,pedestrian,16.814121462990546,"LINESTRING (144.9741501 -37.8131006, 144.9742149 -37.8132431)"
8998978606,8998978604,,pedestrian,16.108883209211445,"LINESTRING (144.9742149 -37.8132431, 144.9742811 -37.8133784)"
8998978604,8998978596,,pedestrian,3.704398811385694,"LINESTRING (144.9742811 -37.8133784, 144.9743205 -37.8133667)"
8998978607,12589889463,,footway,2.4801225000009013,"LINESTRING (144.9741112 -37.8132764, 144.9741373 -37.813268)"
8998978608,8998978609,,footway,6.361648370560088,"LINESTRING (144.9741595 -37.8130345, 144.9741164 -37.8129885)"
6167191731,6167266607,,footway,22.534541220904682,"LINESTRING (144.9662075 -37.8157049, 144.9664475 -37.8156344)"
10901587528,6721914034,,footway,1.630741433719117,"LINESTRING (144.9668501 -37.8164848, 144.9668441 -37.8164709)"
6721914034,10901587510,,footway,2.9458683300124053,"LINESTRING (144.9668441 -37.8164709, 144.9668486 -37.8164446)"
10901587510,3924931356,,footway,12.770649078442347,"LINESTRING (144.9668486 -37.8164446, 144.9667979 -37.8163368)"
3924931356,13838640667,,footway,59.68176424123885,"LINESTRING (144.9667979 -37.8163368, 144.9665714 -37.81583)"
13838640667,3924931352,,footway,5.848131514160065,"LINESTRING (144.9665714 -37.81583, 144.9665483 -37.8157806)"
3924931352,10901565099,,footway,16.059430645710446,"LINESTRING (144.9665483 -37.8157806, 144.9664857 -37.8156447)"
10901565099,6167266607,,footway,3.5525370381741994,"LINESTRING (144.9664857 -37.8156447, 144.9664475 -37.8156344)"
6800617660,10901565094,,footway,5.300732133718276,"LINESTRING (144.96636 -37.81542, 144.9663045 -37.8154385)"
10901565094,13784159909,,footway,8.47212834856536,"LINESTRING (144.9663045 -37.8154385, 144.9662139 -37.8154642)"
13784159909,13780588546,,footway,41.03461801946004,"LINESTRING (144.9662139 -37.8154642, 144.965775 -37.8155885)"
13780588546,13264326877,,footway,3.169424129214607,"LINESTRING (144.965775 -37.8155885, 144.9657411 -37.8155981)"
13264326877,6167441078,,footway,55.75993601991662,"LINESTRING (144.9657411 -37.8155981, 144.9651493 -37.8157769)"
6167441078,6167441075,,footway,40.707476263256446,"LINESTRING (144.9651493 -37.8157769, 144.9647143 -37.8159011)"
6167441075,6167441076,,footway,15.980321464072706,"LINESTRING (144.9647143 -37.8159011, 144.9645442 -37.8159513)"
6167441076,6167441068,,footway,37.56076693756337,"LINESTRING (144.9645442 -37.8159513, 144.9641443 -37.8160691)"
10901587505,2193369809,,footway,1.3217380889454236,"LINESTRING (144.9664352 -37.8156077, 144.9664301 -37.8155965)"
2193369809,10901565102,,footway,3.57287135578693,"LINESTRING (144.9664301 -37.8155965, 144.9664164 -37.8155662)"
10901565102,7048272394,,footway,4.248657946578404,"LINESTRING (144.9664164 -37.8155662, 144.9664 -37.8155302)"
7048272394,7048272399,,footway,3.4908209789620526,"LINESTRING (144.9664 -37.8155302, 144.9663866 -37.8155006)"
7048272399,10901565103,,footway,1.4361313048807864,"LINESTRING (144.9663866 -37.8155006, 144.9663805 -37.8154886)"
10901565103,2193369804,,footway,2.88553143410899,"LINESTRING (144.9663805 -37.8154886, 144.9663699 -37.815464)"
2193369804,10901565104,,footway,1.6633607567239554,"LINESTRING (144.9663699 -37.815464, 144.9663635 -37.8154499)"
10901565096,6167191158,,footway,4.281770497333927,"LINESTRING (144.9665573 -37.815362, 144.9665117 -37.8153754)"
6167191158,6167191159,,footway,1.4858058764048383,"LINESTRING (144.9665117 -37.8153754, 144.9664959 -37.8153801)"
6167191159,6167191160,,footway,1.4120604907247338,"LINESTRING (144.9664959 -37.8153801, 144.9664809 -37.8153846)"
6167191160,10901565095,,footway,5.767566200145805,"LINESTRING (144.9664809 -37.8153846, 144.9664195 -37.8154027)"
6167265872,12639925784,,footway,7.817930099511193,"LINESTRING (144.9666232 -37.815344, 144.966584 -37.8152808)"
12639925784,6167265874,,footway,51.53938505664137,"LINESTRING (144.966584 -37.8152808, 144.9663729 -37.8148477)"
6167265874,6167265875,,footway,11.338283231254625,"LINESTRING (144.9663729 -37.8148477, 144.9663329 -37.8147506)"
6167265875,6722119710,,footway,26.965263974965733,"LINESTRING (144.9663329 -37.8147506, 144.9662268 -37.8145227)"
6722119710,10901565085,,footway,2.9716782903989536,"LINESTRING (144.9662268 -37.8145227, 144.9662382 -37.8144975)"
10901565085,10901565088,,footway,1.3950629284176121,"LINESTRING (144.9662382 -37.8144975, 144.9662331 -37.8144856)"
10901565101,6167191732,,footway,4.461772518124421,"LINESTRING (144.9665268 -37.8156326, 144.9665743 -37.8156186)"
6167191732,6167191734,,footway,0.42168592219117285,"LINESTRING (144.9665743 -37.8156186, 144.9665788 -37.8156173)"
6167191734,6167191735,,footway,2.021991438919079,"LINESTRING (144.9665788 -37.8156173, 144.9666003 -37.8156109)"
6167191735,6167191736,,footway,1.7357174542755223,"LINESTRING (144.9666003 -37.8156109, 144.9666188 -37.8156055)"
6167191736,6167191737,,footway,0.4789316209507631,"LINESTRING (144.9666188 -37.8156055, 144.9666239 -37.815604)"
6167191737,10901565100,,footway,3.4956587991201205,"LINESTRING (144.9666239 -37.815604, 144.9666611 -37.815593)"
10901587506,2383211232,,footway,2.1825078508291007,"LINESTRING (144.9667139 -37.815527, 144.9667055 -37.8155085)"
2383211232,6167265869,,footway,6.995065115153325,"LINESTRING (144.9667055 -37.8155085, 144.9666786 -37.8154492)"
6167265869,6167265870,,footway,3.3849024217910237,"LINESTRING (144.9666786 -37.8154492, 144.9666656 -37.8154205)"
6167265870,6167265871,,footway,3.572871907352605,"LINESTRING (144.9666656 -37.8154205, 144.9666519 -37.8153902)"
6167265871,10901565097,,footway,2.762827152782999,"LINESTRING (144.9666519 -37.8153902, 144.9666412 -37.8153668)"
583242777,12545746296,,footway,6.710577529653745,"LINESTRING (144.9749337 -37.8151369, 144.9750068 -37.8151198)"
9354555674,13882913766,Constance Stone Lane,pedestrian,23.197429301634354,"LINESTRING (144.9660745 -37.810885, 144.9659827 -37.8106891)"
6167254905,6794073376,,footway,8.406407845923551,"LINESTRING (144.9668176 -37.817524, 144.9669075 -37.8174985)"
6794073376,6167254906,,footway,30.124532335601277,"LINESTRING (144.9669075 -37.8174985, 144.9672266 -37.8174006)"
6167254906,591431022,,footway,6.648423617838358,"LINESTRING (144.9672266 -37.8174006, 144.9672613 -37.8173474)"
591431022,7913378889,,footway,4.4578271823744835,"LINESTRING (144.9672613 -37.8173474, 144.9673088 -37.8173335)"
13860480683,9632353829,,footway,22.038197429149367,"LINESTRING (144.9573682 -37.8170674, 144.9573741 -37.8172659)"
9632353829,9632353826,,footway,8.517317207386187,"LINESTRING (144.9573741 -37.8172659, 144.9573957 -37.8173407)"
8186903238,9642293308,,footway,18.372037676845412,"LINESTRING (144.957814 -37.8149045, 144.9577446 -37.8147484)"
8186903240,9642293309,,footway,16.917248617148505,"LINESTRING (144.9579104 -37.8148615, 144.9578446 -37.8147183)"
8186903237,9642293310,,footway,17.695948218146036,"LINESTRING (144.9580525 -37.8154227, 144.9581199 -37.8155729)"
8186903242,9642293311,,footway,17.424676992497343,"LINESTRING (144.958124 -37.8154071, 144.958198 -37.8155527)"
9734008663,6721914043,,footway,1.5220011555856996,"LINESTRING (144.9678097 -37.8162777, 144.9678042 -37.8162647)"
9734008665,9734008668,,footway,2.5345794085938538,"LINESTRING (144.9724766 -37.8136264, 144.9724669 -37.8136049)"
9734008667,667681693,,footway,2.085905297943354,"LINESTRING (144.9725429 -37.8133462, 144.9725657 -37.8133411)"
9748242974,9748242977,,footway,3.732529877582439,"LINESTRING (144.9633645 -37.8163009, 144.96338 -37.8163322)"
9748242977,2247272472,,footway,1.9311332837786523,"LINESTRING (144.96338 -37.8163322, 144.963388 -37.8163484)"
2247272472,2247272470,,footway,1.3612179632043746,"LINESTRING (144.963388 -37.8163484, 144.9633937 -37.8163598)"
2247272470,9748242975,,footway,1.0372090509521987,"LINESTRING (144.9633937 -37.8163598, 144.963398 -37.8163685)"
9748242975,9748242976,,footway,3.316224792209941,"LINESTRING (144.963398 -37.8163685, 144.9634118 -37.8163963)"
9748242976,2247271587,,footway,1.146288708540241,"LINESTRING (144.9634118 -37.8163963, 144.9634166 -37.8164059)"
2247271587,2247271583,,footway,1.6581123034241267,"LINESTRING (144.9634166 -37.8164059, 144.9634235 -37.8164198)"
6283768297,9755900346,,footway,2.300632858049727,"LINESTRING (144.9701296 -37.8114592, 144.9701051 -37.8114664)"
9755990449,4696274533,,footway,1.503841521187352,"LINESTRING (144.9665514 -37.8143411, 144.9665458 -37.8143283)"
3148693057,595483773,Tivoli Arcade,footway,4.043024878926219,"LINESTRING (144.9663618 -37.8134207, 144.9663769 -37.8134551)"
9755990452,13865327194,,footway,24.91722132568986,"LINESTRING (144.9666612 -37.8140555, 144.9667609 -37.8142656)"
594765013,9756018691,,footway,6.341851143812925,"LINESTRING (144.9663155 -37.8131795, 144.9663394 -37.8132334)"
9756035261,9756035262,,footway,5.436976503874612,"LINESTRING (144.9619252 -37.8144949, 144.961949 -37.8145401)"
9756035262,9756035263,,footway,4.606530844767413,"LINESTRING (144.961949 -37.8145401, 144.9619679 -37.8145788)"
9756035263,9756035264,,footway,3.220712473989574,"LINESTRING (144.9619679 -37.8145788, 144.9619813 -37.8146058)"
9756035264,9756035265,,footway,3.454006785984909,"LINESTRING (144.9619813 -37.8146058, 144.9619952 -37.8146349)"
9756035265,9756035266,,footway,7.340956992144434,"LINESTRING (144.9619952 -37.8146349, 144.9620249 -37.8146967)"
9756035288,9756035289,,footway,30.825219292761524,"LINESTRING (144.9715526 -37.8118953, 144.9716712 -37.8121566)"
9756035289,663582216,,footway,6.709228391714996,"LINESTRING (144.9716712 -37.8121566, 144.9717466 -37.8121653)"
9755989497,13327907581,,footway,1.9119750045483277,"LINESTRING (144.9576834 -37.8181665, 144.9576882 -37.8181833)"
13327907581,9755989498,,footway,23.505256602024215,"LINESTRING (144.9576882 -37.8181833, 144.9577474 -37.8183898)"
9755989498,13327907580,,footway,20.37581785385083,"LINESTRING (144.9577474 -37.8183898, 144.9575299 -37.8184525)"
13327907580,9755989499,,footway,19.75381536366797,"LINESTRING (144.9575299 -37.8184525, 144.957319 -37.8185132)"
9755989499,9755989500,,footway,14.472594246016708,"LINESTRING (144.957319 -37.8185132, 144.9571628 -37.8184726)"
9755989500,9755989501,,footway,18.178810502177505,"LINESTRING (144.9571628 -37.8184726, 144.9570111 -37.8183615)"
9765710405,370285607,Goldsbrough Lane,pedestrian,20.523698594388417,"LINESTRING (144.9571906 -37.8149169, 144.9572729 -37.8150899)"
370285607,10227799794,Goldsbrough Lane,pedestrian,24.834191701504952,"LINESTRING (144.9572729 -37.8150899, 144.9573726 -37.8152992)"
10227799794,370285600,Goldsbrough Lane,pedestrian,28.929781200645692,"LINESTRING (144.9573726 -37.8152992, 144.9574888 -37.815543)"
370285600,9765710406,Goldsbrough Lane,pedestrian,22.284415500949656,"LINESTRING (144.9574888 -37.815543, 144.9575783 -37.8157308)"
9765780330,9765780331,,footway,9.167185446622446,"LINESTRING (144.9560735 -37.8142022, 144.9560382 -37.8141245)"
9765780331,9765780332,,footway,11.306462117283148,"LINESTRING (144.9560382 -37.8141245, 144.9559949 -37.8140286)"
9765780332,9765780333,,footway,6.505467670320958,"LINESTRING (144.9559949 -37.8140286, 144.9559674 -37.8139742)"
13644231178,13644231177,,footway,9.974889418306889,"LINESTRING (144.9535624 -37.8181184, 144.9534557 -37.8181486)"
13644231177,9765780350,,footway,16.851870043860355,"LINESTRING (144.9534557 -37.8181486, 144.9532757 -37.8182002)"
8552288769,8552288770,,footway,23.090096636717693,"LINESTRING (144.9708563 -37.8136595, 144.9711019 -37.8135866)"
13200376014,10142732860,,footway,3.0970202050936253,"LINESTRING (144.9656603 -37.8179336, 144.9656724 -37.8179598)"
10142732860,10142732861,,footway,3.660888194296818,"LINESTRING (144.9656724 -37.8179598, 144.9656866 -37.8179908)"
10142732861,10142732862,,footway,4.972187842851167,"LINESTRING (144.9656866 -37.8179908, 144.9657059 -37.8180329)"
10174700286,767594364,,pedestrian,8.005438756091602,"LINESTRING (144.9712709 -37.8070646, 144.9713239 -37.807006)"
767594364,767594365,,pedestrian,13.583254097744337,"LINESTRING (144.9713239 -37.807006, 144.9714097 -37.8069043)"
10227799794,10227799795,,pedestrian,28.99731339517197,"LINESTRING (144.9573726 -37.8152992, 144.957089 -37.8151664)"
10227799795,10227799797,,pedestrian,4.395412130841862,"LINESTRING (144.957089 -37.8151664, 144.9570466 -37.8151455)"
10227799797,10227799796,,pedestrian,4.533181992230782,"LINESTRING (144.9570466 -37.8151455, 144.9570177 -37.8151117)"
10227799799,10227799800,,pedestrian,3.3842323528119085,"LINESTRING (144.9569754 -37.8150418, 144.9569588 -37.8150143)"
10227799800,10227799798,,pedestrian,3.1998455526754714,"LINESTRING (144.9569588 -37.8150143, 144.9569431 -37.8149883)"
10233009442,10233009443,,footway,5.4811794302987,"LINESTRING (144.973443 -37.8118746, 144.9734747 -37.8118321)"
10233009443,10233009444,,footway,3.2848811162328224,"LINESTRING (144.9734747 -37.8118321, 144.9735006 -37.8118108)"
10233009444,10233009445,,footway,4.019905408702203,"LINESTRING (144.9735006 -37.8118108, 144.9735418 -37.8117952)"
10233009445,10233009452,,footway,1.1275298374147271,"LINESTRING (144.9735418 -37.8117952, 144.9735528 -37.81179)"
10233009452,10233009446,,footway,6.451268008387007,"LINESTRING (144.9735528 -37.81179, 144.973616 -37.8117606)"
10233009452,10233009453,,footway,5.993967638396001,"LINESTRING (144.9735528 -37.81179, 144.9735652 -37.8117369)"
10233009453,10233009454,,footway,4.099166102259914,"LINESTRING (144.9735652 -37.8117369, 144.9735723 -37.8117004)"
10233009454,10233009455,,footway,4.747644308257823,"LINESTRING (144.9735723 -37.8117004, 144.9735662 -37.8116579)"
10233009455,10233009456,,footway,5.947126211625525,"LINESTRING (144.9735662 -37.8116579, 144.9735367 -37.8116097)"
10233009456,10233009457,,footway,3.260854145396943,"LINESTRING (144.9735367 -37.8116097, 144.9735123 -37.8115876)"
10233009457,10233009458,,footway,12.867141350868398,"LINESTRING (144.9735123 -37.8115876, 144.9734605 -37.8114792)"
10233009458,10233009459,,footway,2.9637692559383653,"LINESTRING (144.9734605 -37.8114792, 144.9734915 -37.8114688)"
10904440468,6167266650,,footway,1.3835208643879635,"LINESTRING (144.9639715 -37.8097163, 144.9639568 -37.8097207)"
6167266650,6167266651,,footway,3.8964412502989103,"LINESTRING (144.9639568 -37.8097207, 144.9639155 -37.8097333)"
6167266651,10904440482,,footway,0.3848241874100462,"LINESTRING (144.9639155 -37.8097333, 144.9639114 -37.8097345)"
10904440482,10904440483,,footway,2.8322392240036187,"LINESTRING (144.9639114 -37.8097345, 144.9638814 -37.8097437)"
10904440483,6167266654,,footway,0.4789653818442205,"LINESTRING (144.9638814 -37.8097437, 144.9638763 -37.8097452)"
6167266654,6167266655,,footway,3.6508737716804096,"LINESTRING (144.9638763 -37.8097452, 144.9638376 -37.809757)"
6167266655,10904440475,,footway,1.8460028963427657,"LINESTRING (144.9638376 -37.809757, 144.963818 -37.8097629)"
10575891372,13762513534,Watertank Way,footway,8.491702735632629,"LINESTRING (144.9534821 -37.8151506, 144.9534502 -37.8150784)"
13762513534,13762513533,Watertank Way,footway,14.349237526746144,"LINESTRING (144.9534502 -37.8150784, 144.9534335 -37.8149498)"
168398812,10598310134,Timothy Lane,footway,36.4923606948756,"LINESTRING (144.9610269 -37.8121655, 144.9611557 -37.812478)"
6167344564,10940875426,,footway,5.252131035895825,"LINESTRING (144.9722428 -37.8161068, 144.9722557 -37.816153)"
10728766993,6167236638,,footway,41.75875985400024,"LINESTRING (144.9542962 -37.8144512, 144.9538502 -37.8145791)"
6167236638,11140049083,,footway,61.161233642030275,"LINESTRING (144.9538502 -37.8145791, 144.9531961 -37.8147645)"
11140049083,6167278760,,footway,69.31676284921949,"LINESTRING (144.9531961 -37.8147645, 144.9524492 -37.8149618)"
10767792508,10767792507,,footway,5.172304030609207,"LINESTRING (144.9540217 -37.8170055, 144.9540013 -37.8169618)"
10767792507,10767792509,,footway,3.3066464634725525,"LINESTRING (144.9540013 -37.8169618, 144.9539878 -37.816934)"
6167278760,10767792510,,footway,9.599512714470972,"LINESTRING (144.9524492 -37.8149618, 144.9524831 -37.815044)"
10767792510,10767792511,,footway,10.641550724272312,"LINESTRING (144.9524831 -37.815044, 144.9525251 -37.8151339)"
10767792511,6167231002,,footway,7.413004730984903,"LINESTRING (144.9525251 -37.8151339, 144.95255 -37.8151977)"
3334124360,3334124361,,footway,21.892020736625902,"LINESTRING (144.9677834 -37.817168, 144.9680177 -37.817102)"
6167357826,12535969622,,footway,3.8901486049425693,"LINESTRING (144.971527 -37.8084439, 144.9715429 -37.8084766)"
12535969622,6167357827,,footway,51.934793836412446,"LINESTRING (144.9715429 -37.8084766, 144.9717547 -37.8089133)"
6167357827,6167357853,,footway,47.748478370204495,"LINESTRING (144.9717547 -37.8089133, 144.9719386 -37.809318)"
3334124364,10901565080,,footway,8.77393181353461,"LINESTRING (144.9675648 -37.8171974, 144.9674721 -37.8172264)"
10901565082,6722119703,,footway,4.54946494672087,"LINESTRING (144.9659441 -37.8144871, 144.9659931 -37.8144741)"
6722119705,10901565083,,footway,4.516616531550584,"LINESTRING (144.9661289 -37.8144348, 144.9661772 -37.8144211)"
6722119709,6722119710,,footway,4.7563691653340765,"LINESTRING (144.9661762 -37.8145377, 144.9662268 -37.8145227)"
6722119693,10901565090,,footway,3.8149928517306715,"LINESTRING (144.9660002 -37.8145898, 144.9660408 -37.8145778)"
6167265872,10901565096,,footway,6.1369165988781855,"LINESTRING (144.9666232 -37.815344, 144.9665573 -37.815362)"
10901565095,6800617660,,footway,5.57987095913641,"LINESTRING (144.9664195 -37.8154027, 144.96636 -37.81542)"
10901565097,6167265872,,footway,2.9859801404815944,"LINESTRING (144.9666412 -37.8153668, 144.9666232 -37.815344)"
10901565099,10901565101,,footway,3.8600781462758142,"LINESTRING (144.9664857 -37.8156447, 144.9665268 -37.8156326)"
10901565100,6167265867,,footway,4.1106680406283935,"LINESTRING (144.9666611 -37.815593, 144.966705 -37.8155804)"
10901565104,6800617660,,footway,3.332951162580019,"LINESTRING (144.9663635 -37.8154499, 144.96636 -37.81542)"
6167266607,10901587505,,footway,3.1551979479300245,"LINESTRING (144.9664475 -37.8156344, 144.9664352 -37.8156077)"
6721914041,6721914042,,footway,4.939834154882129,"LINESTRING (144.9670766 -37.8165046, 144.967129 -37.8164887)"
10901587511,6721914039,,footway,2.254881416152149,"LINESTRING (144.9669023 -37.8165567, 144.9669261 -37.8165492)"
10901587530,6721914038,,footway,1.912492477780405,"LINESTRING (144.9671163 -37.8164127, 144.9671089 -37.8163965)"
10901587527,10901587508,,footway,3.2548958140540627,"LINESTRING (144.9670394 -37.8163917, 144.9670745 -37.8163825)"
10901587510,10901587526,,footway,2.426511163004264,"LINESTRING (144.9668486 -37.8164446, 144.9668751 -37.8164386)"
7913378885,2383211240,,footway,2.321094162843887,"LINESTRING (144.9672369 -37.8174682, 144.967236 -37.8174473)"
2383211240,6167254906,,footway,5.249008413621786,"LINESTRING (144.967236 -37.8174473, 144.9672266 -37.8174006)"
13792614720,13038330039,,footway,0.7743182345065452,"LINESTRING (144.9672431 -37.8176416, 144.9672466 -37.8176352)"
13038330039,10901587555,,footway,1.0130357482748735,"LINESTRING (144.9672466 -37.8176352, 144.9672421 -37.8176268)"
10904134477,10904134476,,footway,3.0896815197049747,"LINESTRING (144.9648686 -37.81153, 144.9648564 -37.8115039)"
10904134476,6167265884,,footway,4.469559895013634,"LINESTRING (144.9648564 -37.8115039, 144.9648389 -37.8114661)"
6167265884,6167266585,,footway,6.33733945470998,"LINESTRING (144.9648389 -37.8114661, 144.9648141 -37.8114125)"
10904134479,10904134478,,footway,3.4833938600543912,"LINESTRING (144.9646069 -37.8116102, 144.9645934 -37.8115807)"
10904155314,6167266616,,footway,4.8871852014867185,"LINESTRING (144.9646442 -37.8116921, 144.9646253 -37.8116507)"
6167266616,10904134479,,footway,4.778275361917693,"LINESTRING (144.9646253 -37.8116507, 144.9646069 -37.8116102)"
10904155307,6167266618,,footway,3.9308937092825635,"LINESTRING (144.9646021 -37.8114618, 144.9645601 -37.8114738)"
6167265882,10904155309,,footway,4.028792965793904,"LINESTRING (144.964903 -37.8116425, 144.96486 -37.8116549)"
10904155310,6167266615,,footway,4.008449604951208,"LINESTRING (144.9647098 -37.8116984, 144.964667 -37.8117107)"
6722197766,10904155321,,footway,4.154763685459572,"LINESTRING (144.9653161 -37.8125568, 144.9652719 -37.8125699)"
10904155322,6722197781,,footway,4.1922000112940285,"LINESTRING (144.9651357 -37.8126084, 144.965091 -37.8126214)"
6722209693,10904155323,,footway,4.179135549237977,"LINESTRING (144.9650442 -37.8125177, 144.9650891 -37.8125055)"
10904155324,6722197765,,footway,4.277978262031119,"LINESTRING (144.9652237 -37.8124689, 144.9652697 -37.8124565)"
10904158278,6167266591,,footway,5.490530907765388,"LINESTRING (144.9643326 -37.8105048, 144.9643912 -37.8104879)"
10904158281,6167266589,,footway,4.444641303051182,"LINESTRING (144.9643774 -37.8106027, 144.9644244 -37.8105881)"
6725404973,10904158282,,footway,4.150516362865851,"LINESTRING (144.9641818 -37.8106615, 144.9642259 -37.8106483)"
6725404974,10904158283,,footway,3.877474336091397,"LINESTRING (144.9641388 -37.8105606, 144.9641802 -37.8105487)"
10904440478,10904440468,,footway,4.449104887001296,"LINESTRING (144.9640187 -37.809702, 144.9639715 -37.8097163)"
6167266592,10904440469,,footway,1.666380013470478,"LINESTRING (144.9640294 -37.809659, 144.9640229 -37.8096449)"
10904440470,6167289296,,footway,1.7901998651046869,"LINESTRING (144.9639329 -37.8094518, 144.9639261 -37.8094366)"
10904440471,10904440476,,footway,3.2707495305387084,"LINESTRING (144.963854 -37.8094451, 144.9638888 -37.8094348)"
10904440477,10904440472,,footway,3.487665072175074,"LINESTRING (144.9636517 -37.8095048, 144.9636888 -37.8094938)"
10904440473,6167289290,,footway,2.0602341394061634,"LINESTRING (144.96364 -37.8095374, 144.9636322 -37.8095199)"
6167289289,10904440474,,footway,1.3769776205210407,"LINESTRING (144.9637316 -37.8097447, 144.9637264 -37.809733)"
10904440475,6167266620,,footway,4.09294523424605,"LINESTRING (144.963818 -37.8097629, 144.9637746 -37.8097761)"
10940875422,6167344582,,footway,1.8554529457941509,"LINESTRING (144.9725032 -37.8158541, 144.972498 -37.8158379)"
6167344558,10940875424,,footway,2.5179194922867145,"LINESTRING (144.9721906 -37.815935, 144.9722075 -37.8159167)"
6167285758,10957097224,,footway,24.05341660707155,"LINESTRING (144.9515443 -37.8130099, 144.9514425 -37.8128088)"
10957097236,6167231015,,footway,103.75782088327195,"LINESTRING (144.9508171 -37.8122129, 144.951223 -37.8130905)"
10975626975,6167344363,,footway,5.152750603204689,"LINESTRING (144.9688984 -37.8148918, 144.9688783 -37.8148482)"
6167344363,6167344364,,footway,3.0910163165755105,"LINESTRING (144.9688783 -37.8148482, 144.9688664 -37.814822)"
6167344364,6167344365,,footway,3.400043406556736,"LINESTRING (144.9688664 -37.814822, 144.9688529 -37.8147933)"
6167344365,6167344366,,footway,4.369538284367951,"LINESTRING (144.9688529 -37.8147933, 144.9688363 -37.8147562)"
6167344366,10975626977,,footway,4.891460739568666,"LINESTRING (144.9688363 -37.8147562, 144.9688187 -37.8147144)"
10975626976,6167191739,,footway,4.154231717130927,"LINESTRING (144.968937 -37.814912, 144.9689811 -37.8148987)"
6167191739,6167191740,,footway,13.454800967667962,"LINESTRING (144.9689811 -37.8148987, 144.9691243 -37.8148564)"
6167191740,10975626981,,footway,5.096017677326332,"LINESTRING (144.9691243 -37.8148564, 144.9691785 -37.8148403)"
10975626977,6167344367,,footway,2.7873004046302796,"LINESTRING (144.9688187 -37.8147144, 144.9688086 -37.8146906)"
6167344367,13789042099,,footway,61.617490438218816,"LINESTRING (144.9688086 -37.8146906, 144.9685711 -37.8141684)"
13789042099,6722119720,,footway,35.824216308141835,"LINESTRING (144.9685711 -37.8141684, 144.968433 -37.8138648)"
10975626978,6167344367,,footway,2.3825789862190425,"LINESTRING (144.968834 -37.8146832, 144.9688086 -37.8146906)"
6167344367,13789042082,,footway,40.24092811992522,"LINESTRING (144.9688086 -37.8146906, 144.9683814 -37.8148194)"
13789042082,6167265864,,footway,33.6960018464202,"LINESTRING (144.9683814 -37.8148194, 144.9680238 -37.8149275)"
6167265864,6167265872,,footway,131.70521478426247,"LINESTRING (144.9680238 -37.8149275, 144.9666232 -37.815344)"
6167344526,6167344527,,footway,43.337283686833224,"LINESTRING (144.9689315 -37.8142362, 144.9691002 -37.814603)"
6167344527,10975626979,,footway,1.9498083113528104,"LINESTRING (144.9691002 -37.814603, 144.9691078 -37.8146195)"
10975626980,6167191155,,footway,4.580222232882879,"LINESTRING (144.9690758 -37.8146103, 144.9690271 -37.8146248)"
6167191155,6167191156,,footway,14.320216590277548,"LINESTRING (144.9690271 -37.8146248, 144.9688753 -37.8146711)"
6167191156,10975626978,,footway,3.8766337165498093,"LINESTRING (144.9688753 -37.8146711, 144.968834 -37.8146832)"
10901565098,13118681994,,footway,26.571426043554734,"LINESTRING (144.9667221 -37.8155447, 144.9670058 -37.8154631)"
13118681994,6167191738,,footway,33.673236993582165,"LINESTRING (144.9670058 -37.8154631, 144.9673651 -37.8153592)"
6167191738,10975626983,,footway,140.20339902811148,"LINESTRING (144.9673651 -37.8153592, 144.9688592 -37.8149225)"
10975626983,6167344362,,footway,4.59803369631755,"LINESTRING (144.9688592 -37.8149225, 144.9689113 -37.8149197)"
6167344362,10975626976,,footway,2.418948956823709,"LINESTRING (144.9689113 -37.8149197, 144.968937 -37.814912)"
10975626979,6167344528,,footway,6.047808601031451,"LINESTRING (144.9691078 -37.8146195, 144.9691313 -37.8146707)"
6167344528,6167344531,,footway,4.217358458438257,"LINESTRING (144.9691313 -37.8146707, 144.9691477 -37.8147064)"
6167344531,6167344532,,footway,3.356601242213982,"LINESTRING (144.9691477 -37.8147064, 144.9691608 -37.8147348)"
6167344532,7913378984,,footway,3.2237988417862167,"LINESTRING (144.9691608 -37.8147348, 144.9691733 -37.8147621)"
7913378984,10975626982,,footway,5.3780258427318985,"LINESTRING (144.9691733 -37.8147621, 144.9691943 -37.8148076)"
10975626991,6721914057,,footway,2.0549984003061184,"LINESTRING (144.9696008 -37.8157581, 144.9696227 -37.8157517)"
10975626994,6721914066,,footway,2.255040774592431,"LINESTRING (144.9695617 -37.8156657, 144.9695854 -37.815658)"
6721914051,10975626995,,footway,1.0971422120380538,"LINESTRING (144.9693047 -37.8157406, 144.9693164 -37.8157372)"
6721914046,10975626997,,footway,1.4285367934937707,"LINESTRING (144.9693455 -37.8158336, 144.9693607 -37.8158291)"
10975626999,6167254929,,footway,5.0757114621369235,"LINESTRING (144.9698744 -37.8166096, 144.9699289 -37.8165947)"
6167254929,10901587550,,footway,5.0673885426446565,"LINESTRING (144.9699289 -37.8165947, 144.9699833 -37.8165798)"
10901587549,6167254928,,footway,5.48538527535562,"LINESTRING (144.9697323 -37.8166485, 144.9697912 -37.8166324)"
6167254928,10975627000,,footway,4.78040062611959,"LINESTRING (144.9697912 -37.8166324, 144.9698425 -37.8166183)"
13707520908,13707520909,,footway,26.267891667564797,"LINESTRING (144.9598229 -37.817637, 144.9599228 -37.81786)"
11031787363,11031787364,,footway,9.740801557588979,"LINESTRING (144.9520577 -37.815119, 144.952163 -37.8150921)"
6167278761,636319545,,footway,4.210320446539848,"LINESTRING (144.9521443 -37.8150468, 144.9521214 -37.8150801)"
11031787364,636319545,,footway,3.8976239317759522,"LINESTRING (144.952163 -37.8150921, 144.9521214 -37.8150801)"
11087142619,6167489439,,footway,80.10184009365,"LINESTRING (144.9607256 -37.8126036, 144.9598685 -37.8128454)"
11087142620,6167236649,,footway,2.1213244622294267,"LINESTRING (144.9607808 -37.8125877, 144.9607581 -37.8125941)"
6167236649,11087142619,,footway,3.049867489719298,"LINESTRING (144.9607581 -37.8125941, 144.9607256 -37.8126036)"
11087142623,6520298110,,footway,38.61982824344144,"LINESTRING (144.9621448 -37.8133854, 144.9625574 -37.8132674)"
11087142622,6520298109,,footway,2.7412429225760113,"LINESTRING (144.962099 -37.8134097, 144.9621257 -37.813397)"
6520298109,11087142623,,footway,2.1180800502692607,"LINESTRING (144.9621257 -37.813397, 144.9621448 -37.8133854)"
11087142625,6722209704,,footway,15.209877437112652,"LINESTRING (144.9623791 -37.8134024, 144.9625419 -37.8133566)"
6722209704,6167440987,,footway,5.421174862458589,"LINESTRING (144.9625419 -37.8133566, 144.962603 -37.8133626)"
11087142624,6722209703,,footway,3.2085277040104834,"LINESTRING (144.9623177 -37.8134202, 144.9623516 -37.8134096)"
6722209703,11087142625,,footway,2.549951482078728,"LINESTRING (144.9623516 -37.8134096, 144.9623791 -37.8134024)"
6167489433,6725404955,,footway,3.7802855529085235,"LINESTRING (144.9595061 -37.8120309, 144.9595208 -37.8119989)"
6725404955,6725404956,,footway,38.07605747981772,"LINESTRING (144.9595208 -37.8119989, 144.9599276 -37.8118826)"
6725404956,13190264129,,footway,2.0217577332442294,"LINESTRING (144.9599276 -37.8118826, 144.9599489 -37.8118758)"
11087142626,6725404957,,footway,3.0162673430643743,"LINESTRING (144.9603425 -37.8117576, 144.9603744 -37.8117477)"
6725404957,11087142627,,footway,2.117655397185007,"LINESTRING (144.9603744 -37.8117477, 144.9603971 -37.8117414)"
6522457695,7913378966,,footway,42.0211295658584,"LINESTRING (144.9565048 -37.8115993, 144.9569544 -37.8114724)"
7913378966,6804266354,,footway,44.00321916500532,"LINESTRING (144.9569544 -37.8114724, 144.9574252 -37.8113395)"
6804266354,11089247091,,footway,1.085143885189427,"LINESTRING (144.9574252 -37.8113395, 144.9574368 -37.8113362)"
11089247091,6167285765,,footway,6.3723758473624805,"LINESTRING (144.9574368 -37.8113362, 144.957505 -37.811317)"
6167285765,11089247092,,footway,6.730183806666942,"LINESTRING (144.957505 -37.811317, 144.9575767 -37.811296)"
11089400956,6725404947,,footway,35.768615644997936,"LINESTRING (144.955343 -37.8131325, 144.9549623 -37.8132449)"
6725404947,6725404937,,footway,42.27291055106735,"LINESTRING (144.9549623 -37.8132449, 144.9545106 -37.8133739)"
11089400957,6725404946,,footway,2.3661121106134786,"LINESTRING (144.9554028 -37.8131149, 144.9553776 -37.8131223)"
6725404946,11089400956,,footway,3.2502407301174316,"LINESTRING (144.9553776 -37.8131223, 144.955343 -37.8131325)"
6167279389,6910695799,,footway,19.010468349971124,"LINESTRING (144.954121 -37.8125391, 144.954324 -37.8124808)"
6910695799,6910695798,,footway,24.262668311598446,"LINESTRING (144.954324 -37.8124808, 144.9545814 -37.8124028)"
6910695798,11089400958,,footway,35.918922596150914,"LINESTRING (144.9545814 -37.8124028, 144.9549634 -37.8122893)"
11089400958,6167278774,,footway,1.5431323022183538,"LINESTRING (144.9549634 -37.8122893, 144.9549798 -37.8122844)"
6167278774,11089400959,,footway,2.409355502134425,"LINESTRING (144.9549798 -37.8122844, 144.9550057 -37.8122774)"
11133262901,11133299409,,footway,6.356851379532414,"LINESTRING (144.9632944 -37.8165752, 144.9633195 -37.8166289)"
11133299409,13827254579,,footway,84.30211999112186,"LINESTRING (144.9633195 -37.8166289, 144.9636467 -37.8173427)"
13827254579,11133262900,,footway,3.626592884977675,"LINESTRING (144.9636467 -37.8173427, 144.9636608 -37.8173734)"
11133262899,11133262901,,footway,2.9214184899110864,"LINESTRING (144.9632826 -37.8165506, 144.9632944 -37.8165752)"
11133262900,11133262902,,footway,3.261106866266831,"LINESTRING (144.9636608 -37.8173734, 144.9636735 -37.817401)"
11133299413,11133299412,,footway,13.37479226626098,"LINESTRING (144.9621518 -37.8160605, 144.9621526 -37.81594)"
11133299412,13660181202,,footway,7.1582931015027045,"LINESTRING (144.9621526 -37.81594, 144.9621364 -37.8158768)"
6933068152,11133299410,,footway,1.1773063898874048,"LINESTRING (144.9619519 -37.8157655, 144.9619567 -37.8157754)"
11133299410,11133299414,,footway,31.51620295872757,"LINESTRING (144.9619567 -37.8157754, 144.9620816 -37.8160415)"
11133299414,11133299413,,footway,6.531029193788443,"LINESTRING (144.9620816 -37.8160415, 144.9621518 -37.8160605)"
11135185780,11135185781,,footway,3.0031479174046933,"LINESTRING (144.9548347 -37.8167729, 144.9548497 -37.8167972)"
11135185781,11135185782,,footway,3.1376070328125842,"LINESTRING (144.9548497 -37.8167972, 144.9548546 -37.8168252)"
11135185782,11135185783,,footway,7.761999984177407,"LINESTRING (144.9548546 -37.8168252, 144.9548351 -37.8168934)"
11135185783,11135185784,,footway,4.155745770524179,"LINESTRING (144.9548351 -37.8168934, 144.954831 -37.8169307)"
11135185784,11135185785,,footway,5.857982583905454,"LINESTRING (144.954831 -37.8169307, 144.9548523 -37.8169807)"
6167357880,6167359487,,footway,4.843618218375965,"LINESTRING (144.9739295 -37.8128228, 144.973879 -37.8128055)"
6167359487,8998978654,,footway,7.8291751373762475,"LINESTRING (144.973879 -37.8128055, 144.9738483 -37.8127393)"
8998978654,6167359489,,footway,12.144556033635777,"LINESTRING (144.9738483 -37.8127393, 144.9737997 -37.8126369)"
6167359489,6167359490,,footway,30.72266696710862,"LINESTRING (144.9737997 -37.8126369, 144.9736766 -37.8123779)"
6167359490,6167359488,,footway,11.634818684208653,"LINESTRING (144.9736766 -37.8123779, 144.9736297 -37.8122799)"
13187674089,8998978735,,pedestrian,20.405519146614093,"LINESTRING (144.9738657 -37.8122097, 144.9736486 -37.812274)"
8998978735,6167359488,,pedestrian,1.788445175166329,"LINESTRING (144.9736486 -37.812274, 144.9736297 -37.8122799)"
6167359488,4746121968,,pedestrian,6.359806392667784,"LINESTRING (144.9736297 -37.8122799, 144.9735626 -37.8123011)"
6167357855,12528666299,,footway,87.87838205427836,"LINESTRING (144.9720503 -37.8095396, 144.9723906 -37.8102839)"
12528666299,6722197731,,footway,10.368123531045102,"LINESTRING (144.9723906 -37.8102839, 144.9724308 -37.8103717)"
6722197731,6167357856,,footway,4.288994828017106,"LINESTRING (144.9724308 -37.8103717, 144.9724475 -37.810408)"
6167357856,6722197761,,footway,3.9010979780077935,"LINESTRING (144.9724475 -37.810408, 144.9724624 -37.8104411)"
6722197761,6167357857,,footway,72.98979629076094,"LINESTRING (144.9724624 -37.8104411, 144.9727426 -37.81106)"
6167357857,12582096613,,footway,24.85356551249085,"LINESTRING (144.9727426 -37.81106, 144.9728378 -37.8112708)"
12582096613,6167417983,,footway,0.48484842653782745,"LINESTRING (144.9728378 -37.8112708, 144.9728397 -37.8112749)"
12582096614,12582096609,,footway,2.613689573581233,"LINESTRING (144.9728262 -37.8112854, 144.9728361 -37.8113076)"
12582096609,6167357858,,footway,3.2745858666309355,"LINESTRING (144.9728361 -37.8113076, 144.9728508 -37.8113347)"
6167357858,6167357859,,footway,4.263751671694994,"LINESTRING (144.9728508 -37.8113347, 144.9728699 -37.81137)"
6167357859,6167357860,,footway,4.177189119071773,"LINESTRING (144.9728699 -37.81137, 144.9728897 -37.8114042)"
6167357860,13253167092,,footway,3.4819916796765487,"LINESTRING (144.9728897 -37.8114042, 144.9729028 -37.8114338)"
13253167092,6167357861,,footway,3.503447326516942,"LINESTRING (144.9729028 -37.8114338, 144.9729188 -37.8114627)"
6167357861,6167413242,,footway,5.154889465584276,"LINESTRING (144.9729188 -37.8114627, 144.972947 -37.8115034)"
836036558,836036543,Punch Lane,pedestrian,19.959120953825106,"LINESTRING (144.9706625 -37.8101659, 144.9708754 -37.8102276)"
6167236676,12542949963,,footway,2.0641674547962463,"LINESTRING (144.9705744 -37.8099712, 144.9705523 -37.8099774)"
12542949963,6167344601,,footway,65.57173360053679,"LINESTRING (144.9705523 -37.8099774, 144.9698524 -37.8101791)"
161467080,6167236645,Rostella Way,pedestrian,6.068913713585056,"LINESTRING (144.9583791 -37.8133427, 144.9583563 -37.8132911)"
6167236645,11140069324,Rostella Way,pedestrian,2.3018702295770352,"LINESTRING (144.9583563 -37.8132911, 144.9583474 -37.8132716)"
11140069324,11140069325,Rostella Way,pedestrian,43.27288547357375,"LINESTRING (144.9583474 -37.8132716, 144.9581862 -37.8129033)"
11182281893,11182281894,,footway,47.53395142445773,"LINESTRING (144.9552738 -37.8188704, 144.9554359 -37.8192789)"
11182281889,11182281877,,footway,50.56468849750553,"LINESTRING (144.9560099 -37.8186543, 144.9562225 -37.8190775)"
11182312634,11182318158,,footway,2.970453786331532,"LINESTRING (144.9581619 -37.8177949, 144.9581509 -37.8177696)"
4369807446,4369807450,,footway,15.403890680101732,"LINESTRING (144.9720099 -37.8132932, 144.9720662 -37.8134246)"
4369807450,11189766730,,footway,4.800618554455722,"LINESTRING (144.9720662 -37.8134246, 144.9720386 -37.8134619)"
6810299151,4369807452,,footway,2.2185732592507263,"LINESTRING (144.9721158 -37.8136892, 144.9721247 -37.8137079)"
4369807452,6167191150,,footway,2.385537291995014,"LINESTRING (144.9721247 -37.8137079, 144.9721336 -37.8137282)"
123087006,6887240041,Merritts Place,pedestrian,9.125430631382331,"LINESTRING (144.9554713 -37.8142871, 144.9555066 -37.8143644)"
6887240041,11234756183,Merritts Place,pedestrian,2.066164657609722,"LINESTRING (144.9555066 -37.8143644, 144.9555146 -37.8143819)"
11234756183,13763328027,Merritts Place,pedestrian,28.427964080462612,"LINESTRING (144.9555146 -37.8143819, 144.9556239 -37.8146229)"
13763328027,11234756182,Merritts Place,pedestrian,12.563514659818523,"LINESTRING (144.9556239 -37.8146229, 144.9556756 -37.8147284)"
11278343208,1492153099,,footway,6.90628526792811,"LINESTRING (144.9538643 -37.8123512, 144.9539379 -37.8123297)"
1492153099,2291073998,,footway,6.876633213484407,"LINESTRING (144.9539379 -37.8123297, 144.954011 -37.8123079)"
11377107094,11377107097,,footway,7.163772184725265,"LINESTRING (144.9735829 -37.8150344, 144.9736132 -37.8150943)"
11377107096,11377107093,,footway,15.375029440828675,"LINESTRING (144.9734821 -37.8148348, 144.973547 -37.8149634)"
11377107098,663499803,,footway,8.644380930487527,"LINESTRING (144.9736366 -37.8151407, 144.9736731 -37.815213)"
591431024,11409607218,,footway,4.524659730851156,"LINESTRING (144.9675198 -37.8172789, 144.9675374 -37.8173172)"
6167359488,10233009442,,footway,47.894970597124,"LINESTRING (144.9736297 -37.8122799, 144.973443 -37.8118746)"
10233009442,5694419767,,footway,18.25541752195015,"LINESTRING (144.973443 -37.8118746, 144.9733719 -37.8117201)"
588236803,6167359492,,footway,7.642584511265356,"LINESTRING (144.9731088 -37.8111481, 144.9730791 -37.8110834)"
6167359492,6167359493,,footway,26.418210182939372,"LINESTRING (144.9730791 -37.8110834, 144.9730038 -37.810853)"
6167359493,6167359494,,footway,20.026612794368067,"LINESTRING (144.9730038 -37.810853, 144.9729795 -37.8106736)"
6167359494,6167359495,,footway,25.884132511188415,"LINESTRING (144.9729795 -37.8106736, 144.9729818 -37.8104404)"
6167359495,6167359496,,footway,41.75502585658888,"LINESTRING (144.9729818 -37.8104404, 144.9729972 -37.8100644)"
13875462539,13875462540,,footway,0.8593769952414692,"LINESTRING (144.9548339 -37.8209267, 144.9548248 -37.8209295)"
13875462540,589743941,,footway,20.98606255826428,"LINESTRING (144.9548248 -37.8209295, 144.9546022 -37.8209971)"
11908373905,164063160,,footway,1.856739681567344,"LINESTRING (144.9546477 -37.8149551, 144.9546275 -37.8149599)"
164063139,6722792737,,footway,4.367694070553862,"LINESTRING (144.9549312 -37.8148822, 144.954884 -37.8148943)"
6722792737,11908373904,,footway,2.2162537229099266,"LINESTRING (144.954884 -37.8148943, 144.9548596 -37.8148992)"
13327907559,13712972701,,footway,21.82548350543531,"LINESTRING (144.9579784 -37.8182109, 144.9580665 -37.8183947)"
13712972701,13702802517,,footway,58.892362938755134,"LINESTRING (144.9580665 -37.8183947, 144.9583044 -37.8188906)"
11909777757,255061141,Madame Brussels Lane,pedestrian,23.279896562285472,"LINESTRING (144.9704726 -37.8088443, 144.970563 -37.8090414)"
255061141,595857809,Madame Brussels Lane,pedestrian,18.668135872530783,"LINESTRING (144.970563 -37.8090414, 144.9707639 -37.8089877)"
4326568607,6725415016,Madame Brussels Lane,pedestrian,3.8488921619424086,"LINESTRING (144.9704391 -37.8087711, 144.970454 -37.8088037)"
6725415016,11909777757,Madame Brussels Lane,pedestrian,4.794714243135881,"LINESTRING (144.970454 -37.8088037, 144.9704726 -37.8088443)"
6167266648,11909792482,,footway,0.6281034811378209,"LINESTRING (144.9645405 -37.8095053, 144.964538 -37.8095)"
11909792483,11909792481,,footway,2.279043677106945,"LINESTRING (144.9644999 -37.8092863, 144.9644904 -37.8092672)"
6722119741,6167357862,,footway,2.8031745405398203,"LINESTRING (144.9733312 -37.8123468, 144.9733422 -37.8123705)"
6167357862,6722119742,,footway,5.915024170046625,"LINESTRING (144.9733422 -37.8123705, 144.9733651 -37.8124206)"
6167413242,12573440352,,footway,9.134436958280194,"LINESTRING (144.972947 -37.8115034, 144.9729826 -37.8115807)"
12573440352,6722119741,,footway,90.40202554815014,"LINESTRING (144.9729826 -37.8115807, 144.9733312 -37.8123468)"
13167074782,13167088702,,footway,7.591698134738533,"LINESTRING (144.9564712 -37.8122431, 144.9563854 -37.8122364)"
13167088702,3306879951,,footway,8.388000784949922,"LINESTRING (144.9563854 -37.8122364, 144.9562906 -37.812229)"
6696357535,6696335583,,footway,95.87457489589882,"LINESTRING (144.9567438 -37.8128303, 144.9571148 -37.8136424)"
6696357531,6696335582,,footway,5.499786770839215,"LINESTRING (144.956702 -37.812734, 144.9567214 -37.8127811)"
6696335582,6696357535,,footway,5.806144689968805,"LINESTRING (144.9567214 -37.8127811, 144.9567438 -37.8128303)"
6522457696,6522457686,,footway,3.4312909203397113,"LINESTRING (144.9566118 -37.81183, 144.9566253 -37.811859)"
6522457686,13773241783,,footway,14.939244867160827,"LINESTRING (144.9566253 -37.811859, 144.9566836 -37.8119854)"
13773241783,6522457698,,footway,62.273663220838266,"LINESTRING (144.9566836 -37.8119854, 144.9569266 -37.8125123)"
6522457698,6696357534,,footway,15.94022477129521,"LINESTRING (144.9569266 -37.8125123, 144.9569904 -37.8126467)"
6696357534,6522457692,,footway,5.972999799610758,"LINESTRING (144.9569904 -37.8126467, 144.9570053 -37.8126992)"
6522457692,6696357538,,footway,6.016577929943377,"LINESTRING (144.9570053 -37.8126992, 144.9570281 -37.8127503)"
6696274737,6722209686,,footway,0.8186162953548903,"LINESTRING (144.9638004 -37.8129873, 144.9637968 -37.8129805)"
2181275337,12152865876,,footway,5.506597113763918,"LINESTRING (144.9648335 -37.8092263, 144.9648553 -37.8092728)"
12152865876,12482689598,,footway,2.128036500470918,"LINESTRING (144.9648553 -37.8092728, 144.9648629 -37.809291)"
12482689598,12152865877,,footway,1.4430237584654955,"LINESTRING (144.9648629 -37.809291, 144.9648695 -37.8093029)"
12152865877,12152865878,,footway,5.351826536619972,"LINESTRING (144.9648695 -37.8093029, 144.964891 -37.809348)"
12152865878,12482689597,,footway,6.070444256464424,"LINESTRING (144.964891 -37.809348, 144.9649159 -37.809399)"
6806666958,593055521,,footway,1.3620544938522385,"LINESTRING (144.9631663 -37.8109391, 144.9631749 -37.8109493)"
12160986441,12160986445,,footway,1.3922610959853143,"LINESTRING (144.9631301 -37.8109632, 144.9631251 -37.8109513)"
13875957756,7512769206,,footway,6.295062786028349,"LINESTRING (144.9553125 -37.8212087, 144.955245 -37.8212274)"
7512769206,7512769207,,footway,4.305740541102368,"LINESTRING (144.955245 -37.8212274, 144.9551992 -37.821241)"
12260868615,12260868616,,footway,1.1753570372054274,"LINESTRING (144.9579034 -37.8204291, 144.9579065 -37.8204394)"
12265293153,12265293154,,footway,10.760523818021737,"LINESTRING (144.9631211 -37.8108627, 144.9631629 -37.8109538)"
12265293156,13805920762,,footway,8.351164769634295,"LINESTRING (144.9636464 -37.8120118, 144.9636785 -37.8120826)"
13805920762,13805920763,,footway,16.534490842276412,"LINESTRING (144.9636785 -37.8120826, 144.9635034 -37.8121364)"
13805920763,13805920764,,footway,16.551409315669734,"LINESTRING (144.9635034 -37.8121364, 144.9633867 -37.8122533)"
13805920764,13794345656,,footway,14.458276124478084,"LINESTRING (144.9633867 -37.8122533, 144.9634404 -37.8123764)"
589449820,6167357852,,footway,4.08101357201569,"LINESTRING (144.9723861 -37.809453, 144.9723418 -37.8094638)"
6167357852,589450032,,footway,2.772017229204832,"LINESTRING (144.9723418 -37.8094638, 144.9723122 -37.8094723)"
589450032,10815596964,,footway,3.351525143322483,"LINESTRING (144.9723122 -37.8094723, 144.9722762 -37.8094821)"
10815596964,589449823,,footway,6.614799773102312,"LINESTRING (144.9722762 -37.8094821, 144.9722035 -37.8094971)"
589450468,589450471,,footway,15.513791328126949,"LINESTRING (144.9723149 -37.8097164, 144.9724805 -37.8096687)"
589450471,13189601119,,footway,4.207156864071353,"LINESTRING (144.9724805 -37.8096687, 144.9724648 -37.8096329)"
13189601119,589449820,,footway,21.135926594042807,"LINESTRING (144.9724648 -37.8096329, 144.9723861 -37.809453)"
12821532819,12821428481,Baskerville Lane,pedestrian,35.18602564766755,"LINESTRING (144.9626188 -37.8093487, 144.9627544 -37.8096469)"
12458570452,12458570453,,footway,1.1012890803025008,"LINESTRING (144.9648292 -37.8113611, 144.9648407 -37.8113572)"
13891346700,13891346699,,footway,3.4418647445919515,"LINESTRING (144.9656182 -37.810509, 144.9656054 -37.8104797)"
13891346699,13891347702,,footway,16.32568726655672,"LINESTRING (144.9656054 -37.8104797, 144.9655409 -37.8103418)"
13891347702,12482435928,,footway,5.72349487230779,"LINESTRING (144.9655409 -37.8103418, 144.9655178 -37.8102936)"
12482435936,13882913752,,footway,4.25773951807551,"LINESTRING (144.9655341 -37.8108552, 144.9655174 -37.8108192)"
591408808,11982881167,,footway,6.146530194663138,"LINESTRING (144.9612631 -37.8194545, 144.9612356 -37.8194036)"
11982881167,11982881168,,footway,1.2348360068089426,"LINESTRING (144.9612356 -37.8194036, 144.96123 -37.8193934)"
11982881168,591408819,,footway,1.1570406792451537,"LINESTRING (144.96123 -37.8193934, 144.9612291 -37.819383)"
12513907476,8816580551,,footway,11.15102185775958,"LINESTRING (144.9616138 -37.8194292, 144.9616092 -37.8193288)"
6167247312,589499483,,footway,16.835582001302676,"LINESTRING (144.960821 -37.8195195, 144.9609971 -37.8194604)"
6722197761,12528666291,,footway,8.978962944707444,"LINESTRING (144.9724624 -37.8104411, 144.972559 -37.8104152)"
12528666291,12528666290,,footway,10.986993781389181,"LINESTRING (144.972559 -37.8104152, 144.9726772 -37.8103835)"
12528666290,12528666292,,footway,4.763154631375248,"LINESTRING (144.9726772 -37.8103835, 144.9726718 -37.8103408)"
12528666292,12528666289,,footway,5.066661224989831,"LINESTRING (144.9726718 -37.8103408, 144.9726658 -37.8102954)"
12528666289,589450783,,footway,16.011456271194337,"LINESTRING (144.9726658 -37.8102954, 144.9726743 -37.8101513)"
589450783,589450785,,footway,25.628687870592934,"LINESTRING (144.9726743 -37.8101513, 144.9727179 -37.809923)"
589450785,589450788,,footway,9.740072174336369,"LINESTRING (144.9727179 -37.809923, 144.9727333 -37.8098361)"
589450788,589449264,,footway,10.301269053850197,"LINESTRING (144.9727333 -37.8098361, 144.9727467 -37.8097439)"
767584652,12528666293,,footway,4.413949844056156,"LINESTRING (144.9707701 -37.8075335, 144.9708193 -37.8075259)"
12528666293,12528666294,,footway,8.841315381281063,"LINESTRING (144.9708193 -37.8075259, 144.9709197 -37.8075259)"
12528666294,12528666295,,footway,39.6822682827258,"LINESTRING (144.9709197 -37.8075259, 144.9713646 -37.8075827)"
589449823,589450468,,footway,26.242958651188243,"LINESTRING (144.9722035 -37.8094971, 144.9723149 -37.8097164)"
589450910,589450912,,footway,17.38630610614307,"LINESTRING (144.9724617 -37.8100872, 144.9726459 -37.8100308)"
12535971002,12535971001,,footway,11.926304063366407,"LINESTRING (144.9743586 -37.8135118, 144.9742302 -37.813546)"
8998978544,12535971008,,footway,5.652567875166291,"LINESTRING (144.9743323 -37.8137, 144.9743162 -37.8137493)"
12542951572,12542951573,,footway,98.58145121746983,"LINESTRING (144.971242 -37.8108049, 144.9716291 -37.8116383)"
12542951574,12542951575,,footway,71.23497542882465,"LINESTRING (144.9708654 -37.8109162, 144.9711267 -37.8115236)"
12542949958,12542949959,,footway,61.84041455429678,"LINESTRING (144.971149 -37.8107416, 144.9709028 -37.8102198)"
12542949959,836036543,,footway,2.563399214727417,"LINESTRING (144.9709028 -37.8102198, 144.9708754 -37.8102276)"
12542949963,12542949962,,footway,23.047168228365056,"LINESTRING (144.9705523 -37.8099774, 144.9706419 -37.8101725)"
12542949962,836036558,,footway,1.9563197426137087,"LINESTRING (144.9706419 -37.8101725, 144.9706625 -37.8101659)"
836036558,12542949960,,footway,1.9075927758869367,"LINESTRING (144.9706625 -37.8101659, 144.9706828 -37.8101599)"
12542949960,12542949961,,footway,23.017273870992376,"LINESTRING (144.9706828 -37.8101599, 144.9705935 -37.809965)"
12545746297,12545762406,,footway,2.484370845989304,"LINESTRING (144.9730186 -37.8134654, 144.9730287 -37.8134863)"
12545762406,12545762401,,footway,2.640838560113553,"LINESTRING (144.9730287 -37.8134863, 144.973041 -37.813508)"
12545762401,12545746298,,footway,2.895872372301617,"LINESTRING (144.973041 -37.813508, 144.9730536 -37.8135321)"
12545746298,12545762402,,footway,2.3961012062294094,"LINESTRING (144.9730536 -37.8135321, 144.9730632 -37.8135523)"
12545762402,12587517951,,footway,2.195939665929086,"LINESTRING (144.9730632 -37.8135523, 144.9730717 -37.8135709)"
12587517951,12587517952,,footway,7.433530207561901,"LINESTRING (144.9730717 -37.8135709, 144.9731508 -37.8135475)"
12587517952,12545762403,,footway,1.75883877572454,"LINESTRING (144.9731508 -37.8135475, 144.9731576 -37.8135624)"
12545762403,12545746299,,footway,3.0459203022509986,"LINESTRING (144.9731576 -37.8135624, 144.973171 -37.8135877)"
12545746299,8873761626,,footway,3.0363133432356246,"LINESTRING (144.973171 -37.8135877, 144.973185 -37.8136127)"
8873761626,12545762407,,footway,1.7091223887893807,"LINESTRING (144.973185 -37.8136127, 144.9731922 -37.813627)"
12545762407,12545746300,,footway,2.7750356719759632,"LINESTRING (144.9731922 -37.813627, 144.9732033 -37.8136504)"
12545762404,12545746298,,footway,8.748130510535645,"LINESTRING (144.9731468 -37.8135048, 144.9730536 -37.8135321)"
12545762405,12545746299,,footway,7.202679753808687,"LINESTRING (144.973248 -37.8135658, 144.973171 -37.8135877)"
12545762408,12545762410,,footway,16.67414182298388,"LINESTRING (144.9735505 -37.8133898, 144.9737292 -37.8133401)"
12545762410,12545762409,,footway,5.097298175603736,"LINESTRING (144.9737292 -37.8133401, 144.973784 -37.8133253)"
12587517959,12587517980,,footway,1.3752205547692735,"LINESTRING (144.9738173 -37.8133949, 144.9738027 -37.8133993)"
12587517980,12545762412,,footway,16.7890035601264,"LINESTRING (144.9738027 -37.8133993, 144.9736245 -37.8134531)"
6167344591,6722119748,,footway,98.53837473933825,"LINESTRING (144.9715682 -37.8138865, 144.9711747 -37.8130554)"
6167344586,6822003752,,footway,33.91729498175407,"LINESTRING (144.9716779 -37.8141126, 144.9720395 -37.8140073)"
6822003752,6822003759,,footway,47.7664915394035,"LINESTRING (144.9720395 -37.8140073, 144.9725461 -37.8138534)"
6822003759,6865975501,,footway,50.58646006533999,"LINESTRING (144.9725461 -37.8138534, 144.9730826 -37.8136904)"
6865975501,6167191744,,footway,1.8212370775673505,"LINESTRING (144.9730826 -37.8136904, 144.9731019 -37.8136845)"
6167191744,12545746300,,footway,9.697697550402271,"LINESTRING (144.9731019 -37.8136845, 144.9732033 -37.8136504)"
12545746300,6167357869,,footway,60.626865683579084,"LINESTRING (144.9732033 -37.8136504, 144.9738523 -37.813468)"
1449431624,12545746297,,footway,68.52629302951969,"LINESTRING (144.9737484 -37.813251, 144.9730186 -37.8134654)"
12545746297,9734008665,,footway,50.96089028993447,"LINESTRING (144.9730186 -37.8134654, 144.9724766 -37.8136264)"
9734008665,6167191150,,footway,32.246710513574484,"LINESTRING (144.9724766 -37.8136264, 144.9721336 -37.8137282)"
6167191150,6810299149,,footway,26.13110870052632,"LINESTRING (144.9721336 -37.8137282, 144.9718557 -37.8138108)"
6810299149,6167191149,,footway,24.448698416656686,"LINESTRING (144.9718557 -37.8138108, 144.971594 -37.8138844)"
6167191149,6167344591,,footway,2.2837016905551386,"LINESTRING (144.971594 -37.8138844, 144.9715682 -37.8138865)"
6167344586,6167344587,,footway,7.944219953518532,"LINESTRING (144.9716779 -37.8141126, 144.9716455 -37.8140458)"
6167344587,6167344588,,footway,4.019869898493201,"LINESTRING (144.9716455 -37.8140458, 144.9716291 -37.814012)"
6167344588,6167344589,,footway,3.4021590553575387,"LINESTRING (144.9716291 -37.814012, 144.9716152 -37.8139834)"
6167344589,6167344590,,footway,3.4467600729264514,"LINESTRING (144.9716152 -37.8139834, 144.9716012 -37.8139544)"
6167344590,6167344591,,footway,8.077143886439169,"LINESTRING (144.9716012 -37.8139544, 144.9715682 -37.8138865)"
6167344591,6167191151,,footway,5.899251819461308,"LINESTRING (144.9715682 -37.8138865, 144.9715053 -37.8139048)"
6167191151,6167191152,,footway,15.929563182784038,"LINESTRING (144.9715053 -37.8139048, 144.9713354 -37.8139541)"
6167191152,6167344549,,footway,5.01897497418504,"LINESTRING (144.9713354 -37.8139541, 144.9712819 -37.8139697)"
6722119729,8552288770,,footway,50.977163163793264,"LINESTRING (144.9709029 -37.8131553, 144.9711019 -37.8135866)"
8552288770,6167344549,,footway,45.37900602619917,"LINESTRING (144.9711019 -37.8135866, 144.9712819 -37.8139697)"
6167344554,6167191742,,footway,5.338908496921569,"LINESTRING (144.9713857 -37.8141969, 144.9714427 -37.8141805)"
6167191742,6167191743,,footway,15.574001372737401,"LINESTRING (144.9714427 -37.8141805, 144.9716089 -37.8141325)"
6167191743,6167344586,,footway,6.464688162689496,"LINESTRING (144.9716089 -37.8141325, 144.9716779 -37.8141126)"
6167344549,6167344550,,footway,8.025910438482816,"LINESTRING (144.9712819 -37.8139697, 144.9713129 -37.8140377)"
6167344550,6167344551,,footway,3.459501869902328,"LINESTRING (144.9713129 -37.8140377, 144.9713263 -37.814067)"
6167344551,6167344552,,footway,3.377456646013369,"LINESTRING (144.9713263 -37.814067, 144.9713394 -37.8140956)"
6167344552,6167344553,,footway,4.11887159058082,"LINESTRING (144.9713394 -37.8140956, 144.9713553 -37.8141305)"
6167344553,6167344554,,footway,7.840946325495514,"LINESTRING (144.9713553 -37.8141305, 144.9713857 -37.8141969)"
12573440347,12573440348,,footway,1.0651929354051455,"LINESTRING (144.9730238 -37.8115934, 144.9730196 -37.8115844)"
12573440348,12573440349,,footway,0.6854853674638323,"LINESTRING (144.9730196 -37.8115844, 144.9730154 -37.8115792)"
12573440349,12573440350,,footway,0.7188936703024336,"LINESTRING (144.9730154 -37.8115792, 144.9730081 -37.8115763)"
12573440350,12573440351,,footway,0.8104194957813068,"LINESTRING (144.9730081 -37.8115763, 144.9729989 -37.8115761)"
12573440351,12573440352,,footway,1.5234168234536765,"LINESTRING (144.9729989 -37.8115761, 144.9729826 -37.8115807)"
12573440353,12573440354,,footway,1.7141146657877,"LINESTRING (144.9730418 -37.811632, 144.9730485 -37.8116465)"
12580521853,12580521854,,footway,2.4003526048424586,"LINESTRING (144.9740094 -37.8155642, 144.974 -37.8155439)"
12580521854,12580521855,,footway,4.020827792803011,"LINESTRING (144.974 -37.8155439, 144.9739839 -37.81551)"
12580521855,12580521856,,footway,2.591342571316816,"LINESTRING (144.9739839 -37.81551, 144.9739737 -37.8154881)"
12580521859,12580521862,,footway,7.310227313152188,"LINESTRING (144.9747225 -37.8153597, 144.9746432 -37.8153792)"
12580521862,12580521863,,footway,4.936441345427379,"LINESTRING (144.9746432 -37.8153792, 144.9745902 -37.8153937)"
12580521864,12580521865,,footway,5.091049771550614,"LINESTRING (144.9745504 -37.8153197, 144.974604 -37.8153025)"
12580521865,12580521866,,footway,7.223546641091232,"LINESTRING (144.974604 -37.8153025, 144.9746806 -37.8152792)"
246076860,7913378937,,footway,4.325707572509006,"LINESTRING (144.9737818 -37.8154281, 144.9738 -37.8154643)"
7913378937,6167254935,,footway,81.11528844436118,"LINESTRING (144.9738 -37.8154643, 144.9746566 -37.8151954)"
8998978586,12589889458,,footway,1.6492749672909037,"LINESTRING (144.974176 -37.8132555, 144.9741934 -37.81325)"
12589889459,8998978586,,footway,1.5101611032252484,"LINESTRING (144.9741601 -37.8132606, 144.974176 -37.8132555)"
12606856014,12606856013,,footway,23.59954779581833,"LINESTRING (144.9561488 -37.8168676, 144.9564003 -37.8167941)"
12606856015,12606856017,,footway,3.4427782530434192,"LINESTRING (144.9564919 -37.8167674, 144.9565286 -37.8167567)"
12606856016,12606856014,,footway,2.701811837029885,"LINESTRING (144.95612 -37.816876, 144.9561488 -37.8168676)"
12606856012,12606856015,,footway,4.286138405415649,"LINESTRING (144.9564462 -37.8167807, 144.9564919 -37.8167674)"
12582096614,6167417983,,footway,1.6647367944311795,"LINESTRING (144.9728262 -37.8112854, 144.9728397 -37.8112749)"
12632110195,12632110196,,footway,99.74793036674222,"LINESTRING (144.9690879 -37.8114391, 144.9694767 -37.8122832)"
12632110197,12632110199,,footway,62.06934130418636,"LINESTRING (144.9691524 -37.8114196, 144.9693952 -37.8119446)"
12632110199,12632110198,,footway,37.77174736890846,"LINESTRING (144.9693952 -37.8119446, 144.9695429 -37.8122641)"
12632522881,12632522882,,footway,45.63452743237904,"LINESTRING (144.9684199 -37.8115569, 144.9682449 -37.8111699)"
12632522882,12632522883,,footway,2.983864392881736,"LINESTRING (144.9682449 -37.8111699, 144.9682762 -37.8111596)"
247012065,12632522884,,footway,2.8411586229454207,"LINESTRING (144.9681757 -37.8109379, 144.9682042 -37.8109499)"
12632522884,12632522885,,footway,69.77958568583692,"LINESTRING (144.9682042 -37.8109499, 144.9684741 -37.811541)"
12639942911,12639942912,,footway,53.240355634091564,"LINESTRING (144.9675461 -37.8140455, 144.967348 -37.8135923)"
12639942912,12639942915,,footway,8.728224282445312,"LINESTRING (144.967348 -37.8135923, 144.9672732 -37.8135407)"
12639942915,12639942913,,footway,4.391971892069429,"LINESTRING (144.9672732 -37.8135407, 144.9672356 -37.8135147)"
12639942913,12639942914,,footway,36.724732798485014,"LINESTRING (144.9672356 -37.8135147, 144.9670898 -37.8132047)"
12639954091,12639954092,,footway,101.68961845353752,"LINESTRING (144.9671377 -37.8141691, 144.9667426 -37.8133082)"
12737898490,12737898491,,footway,2.2021849953311086,"LINESTRING (144.9639594 -37.8095088, 144.9639828 -37.8095018)"
12737898492,12737898493,,footway,2.189749850888826,"LINESTRING (144.9639952 -37.8095856, 144.9640182 -37.8095781)"
12822517219,12822517218,,footway,1.8531622549506055,"LINESTRING (144.9627462 -37.8097748, 144.9627387 -37.8097592)"
6167289288,12164691566,Menzies Alley,pedestrian,13.24169969781182,"LINESTRING (144.9616674 -37.810612, 144.9618088 -37.8105714)"
12854757608,12854757609,Elizabeth Street entrance,footway,4.8259676057772145,"LINESTRING (144.9651083 -37.8182731, 144.9651269 -37.818314)"
12885890432,12175779441,,pedestrian,4.936127893490031,"LINESTRING (144.9621292 -37.8105619, 144.9621537 -37.8105219)"
12164691566,8962696355,Menzies Alley,pedestrian,18.478443958973468,"LINESTRING (144.9618088 -37.8105714, 144.9620076 -37.8105181)"
12821428480,12821428481,,footway,2.0013292809867904,"LINESTRING (144.9627333 -37.8096536, 144.9627544 -37.8096469)"
6167285774,12457192039,,footway,53.77124347724167,"LINESTRING (144.9621349 -37.8099542, 144.9627075 -37.8097859)"
12457192039,12822517219,,footway,3.6237277887951995,"LINESTRING (144.9627075 -37.8097859, 144.9627462 -37.8097748)"
12822517219,12821532821,,footway,4.49026364838783,"LINESTRING (144.9627462 -37.8097748, 144.9627939 -37.8097605)"
12821532821,12457207737,,footway,1.1258470821594628,"LINESTRING (144.9627939 -37.8097605, 144.9628059 -37.809757)"
12821428481,12457207737,Baskerville Lane,pedestrian,13.034621297750812,"LINESTRING (144.9627544 -37.8096469, 144.9628059 -37.809757)"
6167441040,6167289288,,footway,26.966076420432582,"LINESTRING (144.9615637 -37.8103834, 144.9616674 -37.810612)"
8962696355,12175825802,Menzies Alley,pedestrian,8.494413273026607,"LINESTRING (144.9620076 -37.8105181, 144.9620954 -37.8105498)"
12175825802,12885890432,Menzies Alley,pedestrian,3.265320207212076,"LINESTRING (144.9620954 -37.8105498, 144.9621292 -37.8105619)"
13038417666,13038417667,,path,5.536822242118306,"LINESTRING (144.9647099 -37.8182056, 144.9647692 -37.818189)"
13038417668,13038417669,,path,4.963968507606781,"LINESTRING (144.9647526 -37.8182809, 144.9648051 -37.8182646)"
13038417674,13038417675,,path,8.576007631721405,"LINESTRING (144.9664045 -37.8177699, 144.966312 -37.8177941)"
6167247324,6167254901,,footway,4.511887593253435,"LINESTRING (144.9647899 -37.8180905, 144.9648381 -37.8180767)"
6167254901,6167254902,,footway,6.048570133358652,"LINESTRING (144.9648381 -37.8180767, 144.9649032 -37.8180593)"
13038648447,591430026,,footway,3.3081422392714006,"LINESTRING (144.9641849 -37.8183605, 144.9641735 -37.8183321)"
591430026,6893915091,,footway,4.76372085496338,"LINESTRING (144.9641735 -37.8183321, 144.9641571 -37.8182912)"
13038417671,13038648447,,footway,2.84957945742003,"LINESTRING (144.9641552 -37.8183707, 144.9641849 -37.8183605)"
13038417673,591430021,,footway,2.507082400258966,"LINESTRING (144.9641944 -37.8184468, 144.9641836 -37.8184259)"
591430021,591430022,,footway,3.4861545362822968,"LINESTRING (144.9641836 -37.8184259, 144.9641687 -37.8183968)"
591430022,13038417671,,footway,3.1312860410426655,"LINESTRING (144.9641687 -37.8183968, 144.9641552 -37.8183707)"
13038648448,13038417673,,footway,4.02306793947735,"LINESTRING (144.9641517 -37.8184597, 144.9641944 -37.8184468)"
13083737083,13118681995,,footway,9.863426746035104,"LINESTRING (144.9669515 -37.8156149, 144.9668417 -37.8155973)"
13118681995,13083737099,,footway,11.923293026050901,"LINESTRING (144.9668417 -37.8155973, 144.9667149 -37.8155596)"
13083838911,13333053400,,footway,3.6639913717021786,"LINESTRING (144.9667426 -37.8170196, 144.9667078 -37.8170377)"
13333053400,13083838901,,footway,8.697288006225516,"LINESTRING (144.9667078 -37.8170377, 144.9666105 -37.8170242)"
13083838901,13343503545,,footway,3.927879782132336,"LINESTRING (144.9666105 -37.8170242, 144.9665681 -37.8170352)"
13343503545,13333060601,,footway,3.9027815086693205,"LINESTRING (144.9665681 -37.8170352, 144.966526 -37.8170462)"
13333060601,13083838903,,footway,52.455807183869545,"LINESTRING (144.966526 -37.8170462, 144.9667349 -37.8174888)"
13083838903,13333053380,,footway,3.696736865900434,"LINESTRING (144.9667349 -37.8174888, 144.9667435 -37.8175214)"
13333053380,13333053389,,footway,3.904953871897369,"LINESTRING (144.9667435 -37.8175214, 144.9667321 -37.8175554)"
13333053389,13333053379,,footway,3.88357659357519,"LINESTRING (144.9667321 -37.8175554, 144.9667042 -37.8175825)"
13333053379,13083838904,,footway,3.7313895387831018,"LINESTRING (144.9667042 -37.8175825, 144.9666655 -37.8175962)"
13083838904,13085697080,,footway,43.334178565243356,"LINESTRING (144.9666655 -37.8175962, 144.9662092 -37.8177425)"
13085697080,13085697081,,footway,3.7418541059959574,"LINESTRING (144.9662092 -37.8177425, 144.9661867 -37.8177711)"
13085697081,13083838907,,footway,17.311888497733786,"LINESTRING (144.9661867 -37.8177711, 144.9662003 -37.8179267)"
13083838907,13083838902,,footway,10.739311473100415,"LINESTRING (144.9662003 -37.8179267, 144.9660876 -37.8179637)"
13333060629,13333060624,,footway,2.341571144553524,"LINESTRING (144.9668614 -37.8170239, 144.9668867 -37.8170174)"
13333060624,13083838908,,footway,2.8368665953648073,"LINESTRING (144.9668867 -37.8170174, 144.9669173 -37.8170094)"
13083838908,13333060631,,footway,12.998200539671911,"LINESTRING (144.9669173 -37.8170094, 144.9669636 -37.8171206)"
13333060631,13083838909,,footway,8.067383335186957,"LINESTRING (144.9669636 -37.8171206, 144.9669924 -37.8171896)"
13083838909,13333060610,,footway,3.1691810261838653,"LINESTRING (144.9669924 -37.8171896, 144.9669582 -37.8171985)"
13333060610,13083833299,,footway,2.3735707119796965,"LINESTRING (144.9669582 -37.8171985, 144.9669326 -37.8172052)"
9898528410,13083838910,,footway,20.02886364327724,"LINESTRING (144.9665549 -37.8169195, 144.9666294 -37.81709)"
13083838910,13333060626,,footway,3.3059832884136795,"LINESTRING (144.9666294 -37.81709, 144.9666649 -37.8170803)"
13333060626,13333060625,,footway,6.29358273848234,"LINESTRING (144.9666649 -37.8170803, 144.9667341 -37.8170945)"
13333060625,13333060623,,footway,5.099666002130907,"LINESTRING (144.9667341 -37.8170945, 144.9667891 -37.8170801)"
13333060623,13266224666,,footway,2.8535949544156947,"LINESTRING (144.9667891 -37.8170801, 144.9668199 -37.8170721)"
13083838901,13333053395,,footway,5.2323916028148965,"LINESTRING (144.9666105 -37.8170242, 144.9666496 -37.8169887)"
13333053395,13333053399,,footway,2.9142062397769517,"LINESTRING (144.9666496 -37.8169887, 144.966681 -37.8169804)"
13083838911,13333053360,,footway,3.8749686833005623,"LINESTRING (144.9667426 -37.8170196, 144.9667866 -37.8170203)"
13333053360,13333053369,,footway,13.425685473219145,"LINESTRING (144.9667866 -37.8170203, 144.9669305 -37.8169803)"
13333053369,13333053367,,footway,13.019504391717348,"LINESTRING (144.9669305 -37.8169803, 144.9670181 -37.8168858)"
13333053367,13083984058,,footway,12.549170982549558,"LINESTRING (144.9670181 -37.8168858, 144.9671526 -37.8168484)"
13083984060,13333053365,,footway,6.257526295696632,"LINESTRING (144.9669818 -37.8166465, 144.9670488 -37.8166277)"
13333053365,13083984061,,footway,10.795201398480561,"LINESTRING (144.9670488 -37.8166277, 144.9671644 -37.8165953)"
13083984062,12984677343,,footway,13.08555597609412,"LINESTRING (144.9670834 -37.8168814, 144.9672232 -37.8168414)"
12984677343,13083984063,,footway,4.254442902349038,"LINESTRING (144.9672232 -37.8168414, 144.9672687 -37.8168285)"
13085696202,638054143,,footway,0.839309418212165,"LINESTRING (144.9661904 -37.8177065, 144.9661943 -37.8177134)"
12965624193,13118681992,,footway,3.4626767975804604,"LINESTRING (144.9670692 -37.8156123, 144.9670324 -37.8156233)"
12965624194,13118681993,,footway,3.736848889501062,"LINESTRING (144.9670819 -37.8156318, 144.9670422 -37.8156437)"
13118681993,13118681992,,footway,2.4230983038910927,"LINESTRING (144.9670422 -37.8156437, 144.9670324 -37.8156233)"
13118681994,13118681991,,footway,3.5565009476548872,"LINESTRING (144.9670058 -37.8154631, 144.9670193 -37.8154933)"
13118681990,13083737083,Entrance/Exit 1 - Collins Street,footway,8.419539684594698,"LINESTRING (144.9669961 -37.8155478, 144.9669515 -37.8156149)"
13118681990,13118681995,,footway,14.663336931931543,"LINESTRING (144.9669961 -37.8155478, 144.9668417 -37.8155973)"
13118682981,13333053357,,footway,3.8228770386743416,"LINESTRING (144.967048 -37.8156345, 144.9670069 -37.8156456)"
13333053357,13083737093,,footway,3.474555783232048,"LINESTRING (144.9670069 -37.8156456, 144.9669701 -37.8156569)"
12965624194,13118682981,,footway,2.999948343342437,"LINESTRING (144.9670819 -37.8156318, 144.967048 -37.8156345)"
12965624193,13118682981,,footway,3.0912745565982824,"LINESTRING (144.9670692 -37.8156123, 144.967048 -37.8156345)"
13083833300,13333060609,,footway,2.76250613312018,"LINESTRING (144.9667916 -37.8172423, 144.9667623 -37.8172512)"
13333060609,13118673288,,footway,4.05335658284416,"LINESTRING (144.9667623 -37.8172512, 144.966719 -37.8172636)"
13118673288,13083838912,,footway,7.878290397294922,"LINESTRING (144.966719 -37.8172636, 144.9666891 -37.8171967)"
13118673291,13083984058,,footway,8.25130809971031,"LINESTRING (144.9671838 -37.8169185, 144.9671526 -37.8168484)"
13118673292,13118673290,,footway,10.29696830408002,"LINESTRING (144.9673381 -37.8169864, 144.9672299 -37.8170216)"
13118673290,13118673293,,footway,6.736966724242759,"LINESTRING (144.9672299 -37.8170216, 144.9671583 -37.817043)"
13135520192,6722209712,,footway,93.7504290267515,"LINESTRING (144.9575173 -37.8138324, 144.9578815 -37.8146261)"
6167413279,13271661995,,footway,54.19782107839668,"LINESTRING (144.9581326 -37.8158294, 144.9575511 -37.8159895)"
13271661995,6167413280,,footway,2.208007043461564,"LINESTRING (144.9575511 -37.8159895, 144.9575274 -37.815996)"
6167413280,13135522137,,footway,38.72774993855236,"LINESTRING (144.9575274 -37.815996, 144.9571108 -37.8161079)"
13167088702,13167088703,,footway,4.759464506591081,"LINESTRING (144.9563854 -37.8122364, 144.9563616 -37.8121979)"
13167088703,13167074781,,footway,4.298409113101007,"LINESTRING (144.9563616 -37.8121979, 144.9563228 -37.8121744)"
13167074788,13179599745,,footway,1.7233259226070747,"LINESTRING (144.9561448 -37.8116536, 144.9561511 -37.8116683)"
13179599745,13179599744,,footway,3.637476665613049,"LINESTRING (144.9561511 -37.8116683, 144.9561645 -37.8116993)"
13179599745,13179599746,,footway,5.06876490104445,"LINESTRING (144.9561511 -37.8116683, 144.9562052 -37.8116527)"
13183464620,613315545,Hardware Lane,pedestrian,50.39803694412063,"LINESTRING (144.9616616 -37.8145413, 144.9614659 -37.8141146)"
6167489446,13183456796,,footway,18.681306086423422,"LINESTRING (144.9599792 -37.8130716, 144.960179 -37.813015)"
13187245613,13187245612,,footway,3.009885364723179,"LINESTRING (144.9735231 -37.8127617, 144.9734909 -37.8127708)"
13187245628,588197266,,footway,1.9114488628808721,"LINESTRING (144.9737536 -37.8121463, 144.9737333 -37.8121524)"
589427052,589427054,,footway,2.9151512932773502,"LINESTRING (144.9723589 -37.8095831, 144.972348 -37.8095583)"
13189601112,13189601114,,footway,1.826413013590271,"LINESTRING (144.9723787 -37.8096274, 144.9723721 -37.8096118)"
589427298,589427282,,footway,2.668970889259435,"LINESTRING (144.9723254 -37.8095895, 144.9723154 -37.8095668)"
13189601116,13189601115,,footway,1.7811079629615016,"LINESTRING (144.972345 -37.8096373, 144.9723389 -37.809622)"
13189601119,13188187502,,footway,6.462969611187649,"LINESTRING (144.9724648 -37.8096329, 144.9725334 -37.8096122)"
588197266,13189932531,,footway,5.998684604756622,"LINESTRING (144.9737333 -37.8121524, 144.9736692 -37.8121707)"
13189932533,589428457,,footway,3.1283352527988453,"LINESTRING (144.9725332 -37.8096814, 144.9725453 -37.8096549)"
13189932533,589427892,,footway,3.1329372041290617,"LINESTRING (144.9725332 -37.8096814, 144.9725638 -37.8096958)"
13189601122,13189932543,,footway,1.1589679078520552,"LINESTRING (144.9726029 -37.8096619, 144.9726153 -37.8096584)"
13189932543,589425047,,footway,7.742593801850023,"LINESTRING (144.9726153 -37.8096584, 144.9726042 -37.8095892)"
589425047,13189932534,,footway,1.6220783325144816,"LINESTRING (144.9726042 -37.8095892, 144.9726019 -37.8095747)"
13189932534,13189932535,,footway,1.2689862534467502,"LINESTRING (144.9726019 -37.8095747, 144.9726154 -37.8095707)"
13189932534,13189932537,,footway,2.8101147104764563,"LINESTRING (144.9726019 -37.8095747, 144.9726252 -37.809592)"
13189932534,13189932536,,footway,2.7890719180773575,"LINESTRING (144.9726019 -37.8095747, 144.9726051 -37.8095497)"
13189932539,13189932541,,footway,1.416117856475392,"LINESTRING (144.9726622 -37.8095567, 144.9726772 -37.8095521)"
13189932541,589419852,,footway,5.7246564199728835,"LINESTRING (144.9726772 -37.8095521, 144.9726667 -37.8095012)"
13189827283,13189932543,,footway,2.7808873496008015,"LINESTRING (144.9725927 -37.8096409, 144.9726153 -37.8096584)"
13189827282,13189932543,,footway,2.5978414039783044,"LINESTRING (144.9726125 -37.8096817, 144.9726153 -37.8096584)"
13189932540,13189932541,,footway,2.837163316997453,"LINESTRING (144.9726726 -37.8095774, 144.9726772 -37.8095521)"
13189932538,13189932541,,footway,2.726399437475104,"LINESTRING (144.9726536 -37.8095362, 144.9726772 -37.8095521)"
13189827285,13188187502,,footway,16.389563729076993,"LINESTRING (144.9724019 -37.8097167, 144.9725334 -37.8096122)"
13190266304,6725404968,,footway,11.50137388904858,"LINESTRING (144.9601554 -37.811814, 144.9602775 -37.8117772)"
6725404968,11087142626,,footway,6.123138884908754,"LINESTRING (144.9602775 -37.8117772, 144.9603425 -37.8117576)"
13190264129,13190266303,,footway,11.579046235987708,"LINESTRING (144.9599489 -37.8118758, 144.9600718 -37.8118387)"
13190266303,13894963683,,footway,3.888890070427541,"LINESTRING (144.9600718 -37.8118387, 144.9601132 -37.8118265)"
13894963683,13190266304,,footway,3.966527005749772,"LINESTRING (144.9601132 -37.8118265, 144.9601554 -37.811814)"
13807289064,6722197745,,footway,22.439411850974693,"LINESTRING (144.9674958 -37.8118243, 144.9672572 -37.8118953)"
6722197745,13807338302,,footway,6.659716556151,"LINESTRING (144.9672572 -37.8118953, 144.9671864 -37.8119164)"
13807338302,6722197746,,footway,31.693407113162866,"LINESTRING (144.9671864 -37.8119164, 144.9668496 -37.8120171)"
6722197746,6722197776,,footway,19.21263855938349,"LINESTRING (144.9668496 -37.8120171, 144.9666456 -37.8120785)"
6722197776,6722197762,,footway,23.271058933285,"LINESTRING (144.9666456 -37.8120785, 144.966398 -37.8121518)"
6722197762,13190265736,,footway,24.83601820853291,"LINESTRING (144.966398 -37.8121518, 144.9661344 -37.8122314)"
13190265736,13190265737,,footway,15.414041740688528,"LINESTRING (144.9661344 -37.8122314, 144.9659708 -37.8122808)"
10142732858,10142732859,,footway,5.457031242096296,"LINESTRING (144.9656281 -37.8178634, 144.9656493 -37.8179096)"
10142732859,13200376014,,footway,2.834430324339002,"LINESTRING (144.9656493 -37.8179096, 144.9656603 -37.8179336)"
638053773,13200373066,,footway,5.132828214387639,"LINESTRING (144.9660113 -37.8177657, 144.9659562 -37.8177808)"
13200373066,12874417488,,footway,13.06784318314255,"LINESTRING (144.9659562 -37.8177808, 144.9658159 -37.8178192)"
13200402753,114569880,Degraves Street,pedestrian,6.832548486681253,"LINESTRING (144.965771 -37.8172895, 144.9657977 -37.8173473)"
6167489492,6167489495,,footway,5.909335601725725,"LINESTRING (144.9625824 -37.8187464, 144.9626058 -37.8187963)"
6167489495,13201690281,,footway,3.7758995995574103,"LINESTRING (144.9626058 -37.8187963, 144.9626207 -37.8188282)"
13201690282,6167489496,,footway,3.540211915108468,"LINESTRING (144.9626524 -37.818896, 144.9626664 -37.8189259)"
6167489496,6167489497,,footway,8.678200734543166,"LINESTRING (144.9626664 -37.8189259, 144.9627007 -37.8189992)"
6167489492,6167247295,,footway,38.478810234282506,"LINESTRING (144.9625824 -37.8187464, 144.9629936 -37.818629)"
6167247295,13201739808,,footway,40.117900767334916,"LINESTRING (144.9629936 -37.818629, 144.9634214 -37.8185046)"
13201739808,13201739809,,footway,3.7498862291348045,"LINESTRING (144.9634214 -37.8185046, 144.9634614 -37.818493)"
13201739809,13201744947,,footway,13.926608474316284,"LINESTRING (144.9634614 -37.818493, 144.9636099 -37.8184498)"
13201744947,13201744948,,footway,2.738640005339487,"LINESTRING (144.9636099 -37.8184498, 144.9636391 -37.8184413)"
13201744948,13201759147,,footway,17.893384285175472,"LINESTRING (144.9636391 -37.8184413, 144.9638299 -37.8183858)"
13201759147,13201759148,,footway,6.9674447347830935,"LINESTRING (144.9638299 -37.8183858, 144.9639042 -37.8183642)"
13201748169,6722119728,,footway,1.5602908081790798,"LINESTRING (144.9701284 -37.8133764, 144.9701451 -37.8133717)"
6722119728,13201748170,,footway,8.619138009922445,"LINESTRING (144.9701451 -37.8133717, 144.9702372 -37.8133454)"
13201748170,10100546259,,footway,11.317232717484538,"LINESTRING (144.9702372 -37.8133454, 144.9703581 -37.8133108)"
10100546259,6722119729,,footway,50.98220621836252,"LINESTRING (144.9703581 -37.8133108, 144.9709029 -37.8131553)"
13206121768,13206121769,,footway,9.23593904570847,"LINESTRING (144.9564307 -37.8140985, 144.9565292 -37.8140699)"
13206121769,6167231026,,footway,19.78213225331993,"LINESTRING (144.9565292 -37.8140699, 144.9567402 -37.8140087)"
6167231026,6696357486,,footway,45.341194774957835,"LINESTRING (144.9567402 -37.8140087, 144.9572249 -37.8138708)"
13206120261,13206121768,,footway,29.554223347374943,"LINESTRING (144.9561155 -37.81419, 144.9564307 -37.8140985)"
13206122418,6887240042,,footway,16.26995986608535,"LINESTRING (144.9557042 -37.8143086, 144.9558783 -37.8142595)"
6887240042,9765780330,,footway,18.326938772222324,"LINESTRING (144.9558783 -37.8142595, 144.9560735 -37.8142022)"
9765780330,13206120261,,footway,3.938355939989086,"LINESTRING (144.9560735 -37.8142022, 144.9561155 -37.81419)"
13763328021,161461999,Bourke Place,footway,4.0256584271939575,"LINESTRING (144.9559244 -37.8156976, 144.9558813 -37.8157097)"
161461999,13763328020,Bourke Place,footway,22.53037667772366,"LINESTRING (144.9558813 -37.8157097, 144.9556395 -37.8157761)"
13763328020,6722792736,Bourke Place,footway,2.5226118747346407,"LINESTRING (144.9556395 -37.8157761, 144.9556125 -37.8157837)"
13206122583,6722694963,,footway,20.218216277880618,"LINESTRING (144.9558674 -37.8152005, 144.9556529 -37.8152655)"
6722694963,6722694964,,footway,22.862258494195515,"LINESTRING (144.9556529 -37.8152655, 144.9554088 -37.8153357)"
13206122342,6722694982,,footway,6.719115255163248,"LINESTRING (144.9547773 -37.815589, 144.9548491 -37.8155685)"
6722694982,13206122343,,footway,7.232548420714535,"LINESTRING (144.9548491 -37.8155685, 144.9549269 -37.8155476)"
13206122343,6407790011,,footway,20.95213622819716,"LINESTRING (144.9549269 -37.8155476, 144.9551523 -37.8154871)"
13206122953,13206122342,,footway,16.73039137825435,"LINESTRING (144.9545985 -37.81564, 144.9547773 -37.815589)"
13206119492,13206122953,,footway,10.40434599700728,"LINESTRING (144.9544873 -37.8156717, 144.9545985 -37.81564)"
6167236666,247008053,,pedestrian,6.683833513788962,"LINESTRING (144.9681553 -37.8104333, 144.9681819 -37.8104897)"
6722694956,6722694960,,footway,41.49514243979733,"LINESTRING (144.9576096 -37.8147006, 144.9571629 -37.8148197)"
6722694960,13240113570,,footway,35.83686456015203,"LINESTRING (144.9571629 -37.8148197, 144.9567803 -37.8149298)"
13240113570,13240119466,,footway,39.20655970620079,"LINESTRING (144.9567803 -37.8149298, 144.9563617 -37.8150502)"
13241911781,6522457695,,footway,25.09953898388637,"LINESTRING (144.9564056 -37.8113873, 144.9565048 -37.8115993)"
13241914133,6167236696,,footway,3.4925716136217697,"LINESTRING (144.9608868 -37.8128086, 144.9608495 -37.8128193)"
6167236696,6167231034,,footway,43.60025870105552,"LINESTRING (144.9608495 -37.8128193, 144.9603853 -37.812956)"
13245069200,6725404924,,footway,44.22958184431316,"LINESTRING (144.9518586 -37.8137163, 144.9520367 -37.8140889)"
13249511340,13249511344,,footway,10.65672886709044,"LINESTRING (144.9522369 -37.8152505, 144.9521232 -37.8152834)"
13253167092,13253167093,,footway,10.229308350320768,"LINESTRING (144.9729028 -37.8114338, 144.972794 -37.8114661)"
13253167094,13271598487,,footway,4.13812483722002,"LINESTRING (144.9725384 -37.8116136, 144.9725194 -37.8115795)"
13271598487,13271598484,,footway,1.3851377360837378,"LINESTRING (144.9725194 -37.8115795, 144.972513 -37.8115681)"
13264322395,13264335001,,footway,3.8518726254267284,"LINESTRING (144.9703574 -37.8142448, 144.9703724 -37.8142774)"
13264335001,13264322396,,footway,3.575854882732475,"LINESTRING (144.9703724 -37.8142774, 144.9703862 -37.8143077)"
13264322396,13264322397,,footway,1.7793709772243114,"LINESTRING (144.9703862 -37.8143077, 144.9704054 -37.8143027)"
13264322398,13264335006,,footway,3.7348696116486457,"LINESTRING (144.9703635 -37.8143138, 144.970377 -37.8143457)"
13264335006,13264335005,,footway,3.3535856766835694,"LINESTRING (144.970377 -37.8143457, 144.97039 -37.8143741)"
13264335005,13264322399,,footway,2.5241314746394217,"LINESTRING (144.97039 -37.8143741, 144.9703997 -37.8143955)"
13264322399,13264335002,,footway,2.061544161808033,"LINESTRING (144.9703997 -37.8143955, 144.9703775 -37.8144014)"
13264335002,13451754861,,footway,1.3368502786057588,"LINESTRING (144.9703775 -37.8144014, 144.9703824 -37.8144128)"
13264335012,13264335013,,footway,2.409596475863648,"LINESTRING (144.9708287 -37.8142686, 144.970819 -37.8142483)"
13264335013,13264335014,,footway,3.378278909692746,"LINESTRING (144.970819 -37.8142483, 144.9708052 -37.8142199)"
13264335014,13264335015,,footway,2.961229836885738,"LINESTRING (144.9708052 -37.8142199, 144.9707938 -37.8141948)"
13264335011,13264335016,,footway,1.0075809927876613,"LINESTRING (144.9707796 -37.8142821, 144.9707688 -37.8142851)"
13264335015,13264335017,,footway,2.244958239224957,"LINESTRING (144.9707938 -37.8141948, 144.9707697 -37.8142014)"
13264335018,13264335019,,footway,4.0802550086921,"LINESTRING (144.9708229 -37.8141859, 144.9708076 -37.8141512)"
13264335019,13264335020,,footway,4.101869545448079,"LINESTRING (144.9708076 -37.8141512, 144.9707909 -37.8141167)"
13264326869,13264326870,,footway,6.77710055277886,"LINESTRING (144.9658763 -37.8157211, 144.9658038 -37.8157416)"
13264326870,2193369799,,footway,3.8533461467938115,"LINESTRING (144.9658038 -37.8157416, 144.9658185 -37.8157743)"
2193369799,13264326871,,footway,4.518317445837012,"LINESTRING (144.9658185 -37.8157743, 144.9658348 -37.8158129)"
13264326870,13264326872,,footway,4.0563938130357435,"LINESTRING (144.9658038 -37.8157416, 144.9657886 -37.8157071)"
13264326872,13264326873,,footway,3.361034162052149,"LINESTRING (144.9657886 -37.8157071, 144.9657757 -37.8156786)"
13264326873,13264326874,,footway,1.3894924973186817,"LINESTRING (144.9657757 -37.8156786, 144.9657708 -37.8156667)"
13264326874,13264326875,,footway,2.472878974291794,"LINESTRING (144.9657708 -37.8156667, 144.9657972 -37.8156591)"
13264326874,13264326876,,footway,2.6975537431704764,"LINESTRING (144.9657708 -37.8156667, 144.9657609 -37.8156437)"
13264326876,13264326877,,footway,5.353111972541231,"LINESTRING (144.9657609 -37.8156437, 144.9657411 -37.8155981)"
13264327235,13264327236,,footway,14.199278896173597,"LINESTRING (144.9600375 -37.8173255, 144.9598864 -37.8173702)"
13264327237,13264327238,,footway,14.14355084360547,"LINESTRING (144.9600639 -37.8173839, 144.9599126 -37.8174267)"
13264327239,13264327240,,footway,3.7532542881070095,"LINESTRING (144.9592531 -37.8175545, 144.959293 -37.8175426)"
13264327241,13264327242,,footway,3.532035424965633,"LINESTRING (144.9592809 -37.8176107, 144.9593184 -37.8175994)"
13264399431,13264399432,,footway,15.734955443870593,"LINESTRING (144.9615321 -37.8105537, 144.9614699 -37.8104208)"
13264399433,13264399434,,footway,15.62386096656084,"LINESTRING (144.9614304 -37.8105819, 144.9613698 -37.8104496)"
13264399435,13264399436,,footway,15.079378869074873,"LINESTRING (144.9616853 -37.8111325, 144.9617427 -37.8112605)"
13264399437,13264399438,,footway,15.024299739840671,"LINESTRING (144.9617864 -37.8111058, 144.9618451 -37.8112329)"
13264414924,13264414925,,footway,14.361865820271165,"LINESTRING (144.9626971 -37.8133351, 144.9627532 -37.8134566)"
13264414926,13264414927,,footway,13.790629496132324,"LINESTRING (144.9628473 -37.8134246, 144.9627932 -37.813308)"
13264414928,13264414929,,footway,18.764149667513035,"LINESTRING (144.9631046 -37.8139782, 144.9631777 -37.814137)"
13264414930,13264414931,,footway,18.7311449812744,"LINESTRING (144.9630038 -37.814006, 144.9630758 -37.8141648)"
13264387797,13264387798,,footway,13.281948572644191,"LINESTRING (144.9635925 -37.8152885, 144.9636425 -37.8154014)"
13264387799,13264387800,,footway,13.10263672054999,"LINESTRING (144.9636905 -37.815262, 144.9637415 -37.8153729)"
13264421501,13264421502,,footway,20.665290527137348,"LINESTRING (144.9639953 -37.8159238, 144.9640768 -37.8160984)"
13264421503,13264421504,,footway,21.978471484752205,"LINESTRING (144.9638963 -37.8159393, 144.9639784 -37.8161263)"
13266224666,13266224667,Entrance/Exit 2 - Swanson Street,footway,26.197264561036334,"LINESTRING (144.9668199 -37.8170721, 144.9671008 -37.8169943)"
13266224666,12965800375,,footway,6.697586502618493,"LINESTRING (144.9668199 -37.8170721, 144.9668445 -37.8171292)"
13276796323,13276796325,,footway,1.5292370854240163,"LINESTRING (144.9725067 -37.8115425, 144.9725006 -37.8115296)"
13276796325,13271598483,,footway,0.6415958104982726,"LINESTRING (144.9725006 -37.8115296, 144.972498 -37.8115242)"
13271598483,13271598482,,footway,3.4166349666288705,"LINESTRING (144.972498 -37.8115242, 144.9724843 -37.8114954)"
13271598482,13276796322,,footway,3.024207488854815,"LINESTRING (144.9724843 -37.8114954, 144.9724722 -37.8114699)"
6167418086,6167418087,,footway,5.893713667574654,"LINESTRING (144.9724477 -37.8114769, 144.9723852 -37.8114959)"
13271598490,2187986713,,footway,3.0269102404483155,"LINESTRING (144.9720647 -37.8115862, 144.9720532 -37.8115605)"
2187986713,13276796321,,footway,2.4629861123203765,"LINESTRING (144.9720532 -37.8115605, 144.9720438 -37.8115396)"
13276796321,6167418088,,footway,2.4764033283935727,"LINESTRING (144.9720438 -37.8115396, 144.9720343 -37.8115186)"
13271609996,13271609997,,footway,15.636713697610912,"LINESTRING (144.9682606 -37.8127896, 144.9684276 -37.8127417)"
6167417975,13271609999,,footway,0.9051795334767212,"LINESTRING (144.9687857 -37.8126378, 144.968776 -37.8126405)"
13271610000,13271640501,,footway,4.066885107874763,"LINESTRING (144.9688256 -37.8126259, 144.9688104 -37.8125913)"
13271640501,13271640502,,footway,2.7853640264503317,"LINESTRING (144.9688104 -37.8125913, 144.9688 -37.8125676)"
13271640502,13271640503,,footway,2.5735244422472388,"LINESTRING (144.9688 -37.8125676, 144.9687904 -37.8125457)"
6167417975,13271610000,,footway,3.7534582933952523,"LINESTRING (144.9687857 -37.8126378, 144.9688256 -37.8126259)"
13271640504,13271640505,,footway,3.7265385335674375,"LINESTRING (144.9688272 -37.812536, 144.9688129 -37.8125044)"
13271640505,13271640506,,footway,2.865764672843566,"LINESTRING (144.9688129 -37.8125044, 144.9688019 -37.8124801)"
13271640503,13271640504,,footway,3.4145970915672708,"LINESTRING (144.9687904 -37.8125457, 144.9688272 -37.812536)"
13271662131,13271662135,,footway,5.073859748869662,"LINESTRING (144.9602143 -37.8151402, 144.96016 -37.8151555)"
13271662135,13271662132,,footway,6.191287958062452,"LINESTRING (144.96016 -37.8151555, 144.9600938 -37.8151743)"
13271662135,13271662136,,footway,3.3214104863707683,"LINESTRING (144.96016 -37.8151555, 144.9601715 -37.815184)"
13271662136,13271662137,,footway,4.6843718793537175,"LINESTRING (144.9601715 -37.815184, 144.9601877 -37.8152242)"
13271662140,13271662141,,footway,2.3875207099358557,"LINESTRING (144.9597641 -37.815271, 144.9597727 -37.8152914)"
13271662141,13276789241,,footway,3.5714677716111787,"LINESTRING (144.9597727 -37.8152914, 144.9597867 -37.8153216)"
13276789241,13271662142,,footway,1.9259412482170009,"LINESTRING (144.9597867 -37.8153216, 144.9597942 -37.8153379)"
13271662143,13271662151,,footway,4.434054583039609,"LINESTRING (144.9597872 -37.8152643, 144.9597695 -37.8152269)"
13271662151,13271662147,,footway,2.5439423686681653,"LINESTRING (144.9597695 -37.8152269, 144.9597602 -37.8152052)"
13271662147,13271662144,,footway,2.5375670823335157,"LINESTRING (144.9597602 -37.8152052, 144.9597504 -37.8151837)"
13271662144,13271662148,,footway,2.1747694345337725,"LINESTRING (144.9597504 -37.8151837, 144.9597737 -37.8151772)"
13271662148,13271662146,,footway,0.7086273053572798,"LINESTRING (144.9597737 -37.8151772, 144.9597813 -37.8151751)"
13271662148,13271662149,,footway,3.7073649535380557,"LINESTRING (144.9597737 -37.8151772, 144.959759 -37.8151459)"
13271662149,13271662150,,footway,3.844495517318732,"LINESTRING (144.959759 -37.8151459, 144.9597439 -37.8151134)"
6167417936,6167417937,,footway,3.6242912820137527,"LINESTRING (144.9601671 -37.8149918, 144.9601818 -37.8150223)"
6167417937,6167417938,,footway,4.2970052753980355,"LINESTRING (144.9601818 -37.8150223, 144.9601991 -37.8150585)"
13271661980,13271661981,,footway,13.540136701907844,"LINESTRING (144.957922 -37.8157074, 144.958066 -37.8156646)"
13271661982,13271661983,,footway,13.209114511736653,"LINESTRING (144.9579579 -37.8157851, 144.9580995 -37.8157458)"
13271661985,13271661989,,footway,1.3757454039758712,"LINESTRING (144.9576001 -37.8157996, 144.9575854 -37.8158038)"
13271661989,13271661986,,footway,2.6980344773411233,"LINESTRING (144.9575854 -37.8158038, 144.9575566 -37.8158121)"
13271661987,13271661988,,footway,2.593416060576729,"LINESTRING (144.9575536 -37.8157383, 144.9575642 -37.8157601)"
13271661988,13271661989,,footway,5.197188914334911,"LINESTRING (144.9575642 -37.8157601, 144.9575854 -37.8158038)"
13271661986,13271661997,,footway,1.5635088146136105,"LINESTRING (144.9575566 -37.8158121, 144.9575628 -37.8158253)"
13271661997,13271661996,,footway,3.341903253195383,"LINESTRING (144.9575628 -37.8158253, 144.9575761 -37.8158535)"
13271661996,13271661990,,footway,4.377090346648059,"LINESTRING (144.9575761 -37.8158535, 144.9575933 -37.8158905)"
13271661990,13271661993,,footway,0.7050488940577073,"LINESTRING (144.9575933 -37.8158905, 144.9576009 -37.8158885)"
6167417892,6167417893,,footway,2.865763728982175,"LINESTRING (144.9542931 -37.8167729, 144.9542821 -37.8167486)"
6167417893,6167417894,,footway,2.156731643577609,"LINESTRING (144.9542821 -37.8167486, 144.9543048 -37.8167413)"
6167417890,6167417891,,footway,2.7598446032867647,"LINESTRING (144.954317 -37.8168258, 144.9543064 -37.8168024)"
6167417891,6167417892,,footway,3.477412021356816,"LINESTRING (144.9543064 -37.8168024, 144.9542931 -37.8167729)"
6167417889,6167417890,,footway,2.6236015083450335,"LINESTRING (144.9542895 -37.8168349, 144.954317 -37.8168258)"
13271661991,13271661994,,footway,4.061344643172916,"LINESTRING (144.9575149 -37.8159142, 144.9575313 -37.8159484)"
13271661994,13271661995,,footway,4.883600292369755,"LINESTRING (144.9575313 -37.8159484, 144.9575511 -37.8159895)"
13271661990,13271661991,,footway,7.387440322900662,"LINESTRING (144.9575933 -37.8158905, 144.9575149 -37.8159142)"
13271662130,13271662133,,footway,2.0795999527697386,"LINESTRING (144.9601802 -37.8150636, 144.9601883 -37.8150812)"
13271662133,13271662134,,footway,2.901768074431489,"LINESTRING (144.9601883 -37.8150812, 144.9601991 -37.8151059)"
13271662134,13271662131,,footway,4.0354571031174595,"LINESTRING (144.9601991 -37.8151059, 144.9602143 -37.8151402)"
13271662139,13271662143,,footway,1.125774838528137,"LINESTRING (144.9597992 -37.8152608, 144.9597872 -37.8152643)"
13271662143,13271662140,,footway,2.165683695124826,"LINESTRING (144.9597872 -37.8152643, 144.9597641 -37.815271)"
13271598489,13271598490,,footway,1.363781797590067,"LINESTRING (144.9720793 -37.8115821, 144.9720647 -37.8115862)"
13276796322,6167418086,,footway,2.293014168250227,"LINESTRING (144.9724722 -37.8114699, 144.9724477 -37.8114769)"
13271598484,13271598485,,footway,2.8179976492148384,"LINESTRING (144.972513 -37.8115681, 144.9725 -37.8115449)"
13271598485,13276796324,,footway,0.2990334386892782,"LINESTRING (144.9725 -37.8115449, 144.9725031 -37.8115438)"
13276796324,13276796323,,footway,0.3482954337071469,"LINESTRING (144.9725031 -37.8115438, 144.9725067 -37.8115425)"
13276805975,13276805976,,footway,9.551800649090366,"LINESTRING (144.9538255 -37.8182277, 144.9537918 -37.8181459)"
13276805977,13276805978,,footway,13.620655326348379,"LINESTRING (144.9537365 -37.8182921, 144.9536853 -37.8181763)"
13276805979,13276805980,,footway,16.100184513622764,"LINESTRING (144.9540745 -37.818757, 144.9541401 -37.8188924)"
13276805981,13276805982,,footway,20.01399948253935,"LINESTRING (144.9539517 -37.8187554, 144.9540313 -37.8189243)"
7512769207,13875957758,,footway,25.947113024326576,"LINESTRING (144.9551992 -37.821241, 144.9553023 -37.82146)"
626250584,13327907581,Rialto Piazza,pedestrian,2.6939297661385,"LINESTRING (144.9577156 -37.8181725, 144.9576882 -37.8181833)"
13327907581,144730154,Rialto Piazza,pedestrian,2.9897509548451615,"LINESTRING (144.9576882 -37.8181833, 144.9576578 -37.8181953)"
144730154,11365625563,Rialto Piazza,pedestrian,17.104014229418087,"LINESTRING (144.9576578 -37.8181953, 144.9576581 -37.8183494)"
11365625563,13327907573,Rialto Piazza,pedestrian,18.217851937685914,"LINESTRING (144.9576581 -37.8183494, 144.9574616 -37.8184008)"
13327907573,13327907574,Rialto Piazza,pedestrian,3.5757246067813058,"LINESTRING (144.9574616 -37.8184008, 144.9574743 -37.8184314)"
13327907574,13327907580,Rialto Piazza,pedestrian,5.426836324140232,"LINESTRING (144.9574743 -37.8184314, 144.9575299 -37.8184525)"
13327907580,11274710117,Rialto Piazza,pedestrian,25.028915511108096,"LINESTRING (144.9575299 -37.8184525, 144.9577864 -37.8185497)"
11274710117,11274710116,Rialto Piazza,pedestrian,4.124356639062352,"LINESTRING (144.9577864 -37.8185497, 144.9578038 -37.8185842)"
11274710116,13327907570,Rialto Piazza,pedestrian,13.241458146582644,"LINESTRING (144.9578038 -37.8185842, 144.9577444 -37.8186938)"
13327907570,13327907572,Rialto Piazza,pedestrian,9.038807956004314,"LINESTRING (144.9577444 -37.8186938, 144.9578388 -37.8187258)"
13327907572,13327907564,Rialto Piazza,pedestrian,16.01702556622009,"LINESTRING (144.9578388 -37.8187258, 144.9580024 -37.8187889)"
13327907564,1541938252,Rialto Piazza,pedestrian,3.78673086640559,"LINESTRING (144.9580024 -37.8187889, 144.9580198 -37.8188201)"
1541938252,13327907578,Rialto Piazza,pedestrian,7.010449783820623,"LINESTRING (144.9580198 -37.8188201, 144.9579855 -37.8188771)"
13327907578,13327907579,Rialto Piazza,pedestrian,1.8387985683375034,"LINESTRING (144.9579855 -37.8188771, 144.9580046 -37.8188838)"
13327907579,13712915297,Rialto Piazza,pedestrian,2.533845233800506,"LINESTRING (144.9580046 -37.8188838, 144.9580316 -37.8188759)"
13712915297,13327907575,Rialto Piazza,pedestrian,1.3629869157170782,"LINESTRING (144.9580316 -37.8188759, 144.9580461 -37.8188716)"
13327907575,11365608029,Rialto Piazza,pedestrian,2.402831049423701,"LINESTRING (144.9580461 -37.8188716, 144.9580717 -37.8188641)"
11365608029,13712915293,Rialto Piazza,pedestrian,49.12413685595865,"LINESTRING (144.9580717 -37.8188641, 144.9578778 -37.8184491)"
13712915293,13327907571,Rialto Piazza,pedestrian,20.951765419325184,"LINESTRING (144.9578778 -37.8184491, 144.9577951 -37.8182721)"
13327907571,13327907562,Rialto Piazza,pedestrian,2.729620739513349,"LINESTRING (144.9577951 -37.8182721, 144.9577662 -37.818281)"
13327907562,626250584,Rialto Piazza,pedestrian,12.840423429254392,"LINESTRING (144.9577662 -37.818281, 144.9577156 -37.8181725)"
13097852466,13313520958,Entrance/Exit 1 - Swanston Street,footway,3.9497645502200864,"LINESTRING (144.9636026 -37.8093976, 144.9635607 -37.8094103)"
13118681992,13118681990,Entrance/Exit 1 - Collins Street,footway,8.968793407015635,"LINESTRING (144.9670324 -37.8156233, 144.9669961 -37.8155478)"
13333060608,13333053360,,footway,3.8632547621649334,"LINESTRING (144.9667526 -37.8170423, 144.9667866 -37.8170203)"
13083984057,13333053363,,footway,2.8475746611466444,"LINESTRING (144.967086 -37.8167492, 144.9671141 -37.8167619)"
13333053363,13333053362,,footway,2.5914143571176096,"LINESTRING (144.9671141 -37.8167619, 144.9671224 -37.8167395)"
13083984059,13333053364,,footway,2.855612229588396,"LINESTRING (144.9670491 -37.8166737, 144.967059 -37.8166492)"
13333053364,13333053361,,footway,3.0072186311483664,"LINESTRING (144.967059 -37.8166492, 144.9670871 -37.8166646)"
13333053365,13333053364,,footway,2.5497463542630308,"LINESTRING (144.9670488 -37.8166277, 144.967059 -37.8166492)"
13333053398,13333053366,,footway,3.7183399903865975,"LINESTRING (144.9668967 -37.8169193, 144.9669365 -37.8169081)"
13333053366,13333053367,,footway,7.5992538809382255,"LINESTRING (144.9669365 -37.8169081, 144.9670181 -37.8168858)"
13333053396,13333053366,,footway,4.142089816652491,"LINESTRING (144.9669054 -37.8169361, 144.9669365 -37.8169081)"
13333053366,13083984055,,footway,4.095807231274844,"LINESTRING (144.9669365 -37.8169081, 144.9668903 -37.8169038)"
13083984058,13333053363,,footway,10.181736115438985,"LINESTRING (144.9671526 -37.8168484, 144.9671141 -37.8167619)"
13083984058,13333053368,,footway,3.0202664419145715,"LINESTRING (144.9671526 -37.8168484, 144.9671846 -37.8168386)"
13333053368,13333053377,,footway,3.4529302246356472,"LINESTRING (144.9671846 -37.8168386, 144.9672127 -37.8168169)"
13333053368,12984677343,,footway,3.412907816014274,"LINESTRING (144.9671846 -37.8168386, 144.9672232 -37.8168414)"
13118673290,13333053374,,footway,2.4316365317421043,"LINESTRING (144.9672299 -37.8170216, 144.9672205 -37.817001)"
13333053376,13333053377,,footway,13.012534419742005,"LINESTRING (144.9670736 -37.8168565, 144.9672127 -37.8168169)"
13333053377,13333053375,,footway,4.209254114529222,"LINESTRING (144.9672127 -37.8168169, 144.9672577 -37.8168041)"
13333053395,13333053397,,footway,3.646162159399203,"LINESTRING (144.9666496 -37.8169887, 144.9666896 -37.8169972)"
13333053395,13083984054,,footway,3.432921254177267,"LINESTRING (144.9666496 -37.8169887, 144.9666745 -37.8169649)"
13333060602,13333060603,,footway,2.588304991922883,"LINESTRING (144.966813 -37.8171365, 144.9668231 -37.8171584)"
12965800375,13333060604,,footway,2.400353685982133,"LINESTRING (144.9668445 -37.8171292, 144.9668539 -37.8171495)"
13333060604,13333060603,,footway,2.886237219041587,"LINESTRING (144.9668539 -37.8171495, 144.9668231 -37.8171584)"
13333060603,13083838912,,footway,12.541095240964337,"LINESTRING (144.9668231 -37.8171584, 144.9666891 -37.8171967)"
13083838912,13118673289,,footway,11.088588738084205,"LINESTRING (144.9666891 -37.8171967, 144.9666461 -37.8171028)"
13118673289,13083838901,,footway,9.27004686959572,"LINESTRING (144.9666461 -37.8171028, 144.9666105 -37.8170242)"
13333053400,13333060608,,footway,3.977533239610178,"LINESTRING (144.9667078 -37.8170377, 144.9667526 -37.8170423)"
13333060613,13333060609,,footway,3.5026198744575887,"LINESTRING (144.9667839 -37.8172247, 144.9667623 -37.8172512)"
13333060609,13333060612,,footway,3.453768948619663,"LINESTRING (144.9667623 -37.8172512, 144.9668004 -37.8172586)"
13333060611,13333060610,,footway,2.9157589601604066,"LINESTRING (144.9669409 -37.8172209, 144.9669582 -37.8171985)"
13333060610,13333060614,,footway,3.1971365170835258,"LINESTRING (144.9669582 -37.8171985, 144.9669248 -37.8171872)"
12965800375,13333060617,,footway,2.4675917404362653,"LINESTRING (144.9668445 -37.8171292, 144.9668537 -37.8171502)"
13333060623,13333060602,,footway,6.604217594790305,"LINESTRING (144.9667891 -37.8170801, 144.966813 -37.8171365)"
13333060627,13333060624,,footway,2.8638882103378536,"LINESTRING (144.9668693 -37.8170392, 144.9668867 -37.8170174)"
13333060624,13083833298,,footway,3.251523806244294,"LINESTRING (144.9668867 -37.8170174, 144.9668529 -37.8170056)"
13333060626,13333060628,,footway,5.395781045602523,"LINESTRING (144.9666649 -37.8170803, 144.9667261 -37.8170778)"
13333060626,13333060630,,footway,5.146215948474671,"LINESTRING (144.9666649 -37.8170803, 144.9667181 -37.8170611)"
13333060626,13083833297,,footway,5.63173515010182,"LINESTRING (144.9666649 -37.8170803, 144.9667101 -37.8170444)"
13333060602,13333060618,,footway,2.5944081947851747,"LINESTRING (144.966813 -37.8171365, 144.9668233 -37.8171584)"
13333060618,13333060617,,footway,2.8272099556362678,"LINESTRING (144.9668233 -37.8171584, 144.9668537 -37.8171502)"
13333060617,13333060631,,footway,10.219164123297347,"LINESTRING (144.9668537 -37.8171502, 144.9669636 -37.8171206)"
13333060695,13333060693,,footway,1.5387068537295152,"LINESTRING (144.9670755 -37.8158572, 144.9670691 -37.8158701)"
12965624193,13333060702,,footway,3.811418302681703,"LINESTRING (144.9670692 -37.8156123, 144.9670365 -37.8156348)"
12965624193,13333060697,,footway,3.253104785620617,"LINESTRING (144.9670692 -37.8156123, 144.9670463 -37.8156353)"
13333060704,13333060706,,footway,2.936170285741781,"LINESTRING (144.9672379 -37.816021, 144.9672137 -37.8160028)"
13333060706,13333060703,,footway,2.809487064567265,"LINESTRING (144.9672137 -37.8160028, 144.9672127 -37.8160281)"
13333060739,13333060708,,footway,2.8724733729165535,"LINESTRING (144.9670859 -37.8160642, 144.9670621 -37.8160465)"
13333060708,13333060741,,footway,2.848994181408062,"LINESTRING (144.9670621 -37.8160465, 144.9670584 -37.816072)"
13333060764,13333060760,,footway,2.8425629908976293,"LINESTRING (144.9666077 -37.8156061, 144.9666193 -37.81563)"
13333060760,13333060778,,footway,7.683517736933919,"LINESTRING (144.9666193 -37.81563, 144.96665 -37.8156948)"
13333060762,13333060760,,footway,3.792062198159676,"LINESTRING (144.9665818 -37.8156132, 144.9666193 -37.81563)"
13333060760,13333060766,,footway,3.677367761783631,"LINESTRING (144.9666193 -37.81563, 144.9666337 -37.8155989)"
13333060769,13333060767,,footway,3.0989444883248503,"LINESTRING (144.9665437 -37.8154649, 144.9665562 -37.815491)"
13333060767,13333060763,,footway,3.288015468476721,"LINESTRING (144.9665562 -37.815491, 144.9665691 -37.8155188)"
13333060761,13333060767,,footway,4.022990795240309,"LINESTRING (144.966543 -37.8155257, 144.9665562 -37.815491)"
13333060767,13333060765,,footway,4.150331413346576,"LINESTRING (144.9665562 -37.815491, 144.9665952 -37.815512)"
13333060770,13333060769,,footway,8.500737583838744,"LINESTRING (144.9666346 -37.8154391, 144.9665437 -37.8154649)"
13333060769,13333060768,,footway,8.722145632395065,"LINESTRING (144.9665437 -37.8154649, 144.9664504 -37.8154913)"
13366204834,13366204832,,footway,17.8749928606607,"LINESTRING (144.96435 -37.8145193, 144.9645401 -37.8144628)"
13366204832,13366204830,,footway,6.446971867562822,"LINESTRING (144.9645401 -37.8144628, 144.9646087 -37.8144425)"
13366204830,13366204833,,footway,3.8683923264962616,"LINESTRING (144.9646087 -37.8144425, 144.9646499 -37.8144304)"
13366204833,13366204835,,footway,8.738031848154215,"LINESTRING (144.9646499 -37.8144304, 144.9647433 -37.8144038)"
13366204829,13366204834,,footway,1.6098946293846141,"LINESTRING (144.9643325 -37.8145235, 144.96435 -37.8145193)"
13366204835,13366204831,,footway,1.3042608071393362,"LINESTRING (144.9647433 -37.8144038, 144.9647574 -37.8144002)"
6696357502,8999014876,,footway,16.42489432902486,"LINESTRING (144.9598006 -37.8198119, 144.9598686 -37.8199497)"
12580521856,13449320990,,footway,4.0682219627425145,"LINESTRING (144.9739737 -37.8154881, 144.9740174 -37.8154762)"
13449325506,13449325507,,footway,8.209079443822091,"LINESTRING (144.9700544 -37.8166826, 144.9701425 -37.8166584)"
12577052051,13449325508,,footway,6.357644606091086,"LINESTRING (144.9709588 -37.8164173, 144.970891 -37.816437)"
13449363556,13038648447,,path,0.8880406922781483,"LINESTRING (144.9641943 -37.8183576, 144.9641849 -37.8183605)"
13449363557,13038417673,,path,0.7734807964851831,"LINESTRING (144.9642026 -37.8184443, 144.9641944 -37.8184468)"
1479897561,13449351781,,footway,5.974378862506779,"LINESTRING (144.9583466 -37.8200492, 144.9583249 -37.8199982)"
13449351781,13449351780,,footway,2.9514173755711077,"LINESTRING (144.9583249 -37.8199982, 144.9583142 -37.819973)"
13449374618,13449374619,,footway,5.264204416998487,"LINESTRING (144.9553675 -37.820953, 144.9553125 -37.8209716)"
13449374619,13449374620,,footway,8.455401651490678,"LINESTRING (144.9553125 -37.8209716, 144.9552198 -37.8209915)"
13449374621,13449374622,,footway,8.844323929939634,"LINESTRING (144.9553504 -37.8210467, 144.9552558 -37.8210735)"
13264335015,13264335018,,footway,2.7461619969447746,"LINESTRING (144.9707938 -37.8141948, 144.9708229 -37.8141859)"
13264335009,13264335010,,footway,3.6713337090629374,"LINESTRING (144.9708159 -37.8143606, 144.9708017 -37.8143295)"
13264335010,13451754860,,footway,3.4208497439044723,"LINESTRING (144.9708017 -37.8143295, 144.9707882 -37.8143006)"
13451754860,13264335011,,footway,2.188539052808495,"LINESTRING (144.9707882 -37.8143006, 144.9707796 -37.8142821)"
13264335011,13264335012,,footway,4.575690870534692,"LINESTRING (144.9707796 -37.8142821, 144.9708287 -37.8142686)"
13264322396,13264322398,,footway,2.110355754064832,"LINESTRING (144.9703862 -37.8143077, 144.9703635 -37.8143138)"
13264322399,13264322400,,footway,2.8725585897228294,"LINESTRING (144.9703997 -37.8143955, 144.9704306 -37.8143872)"
13451754861,13264335003,,footway,3.976193806063445,"LINESTRING (144.9703824 -37.8144128, 144.970397 -37.8144467)"
13264335003,13264335004,,footway,3.5702728908808963,"LINESTRING (144.970397 -37.8144467, 144.9704113 -37.8144768)"
13481530471,13481530472,,footway,10.46680653502487,"LINESTRING (144.9524423 -37.8136257, 144.9525604 -37.8136364)"
13481530472,13481530473,,footway,15.942073262130185,"LINESTRING (144.9525604 -37.8136364, 144.9525974 -37.8134958)"
13481530473,13481530499,,footway,3.6513462490542543,"LINESTRING (144.9525974 -37.8134958, 144.9525597 -37.8134821)"
13481530499,13481530474,,footway,4.971220022333274,"LINESTRING (144.9525597 -37.8134821, 144.9525084 -37.8134634)"
13481530474,13481530475,,footway,14.044800352301223,"LINESTRING (144.9525084 -37.8134634, 144.9524441 -37.8133476)"
13481530475,13481530476,,footway,17.090954334125435,"LINESTRING (144.9524441 -37.8133476, 144.9525987 -37.8132545)"
7512717749,9330888058,,footway,5.041115788471337,"LINESTRING (144.9539478 -37.8189969, 144.953929 -37.818954)"
9330888058,6167231003,,footway,8.263529179729456,"LINESTRING (144.953929 -37.818954, 144.9538981 -37.8188837)"
6167231003,13644231176,,footway,64.46305779301238,"LINESTRING (144.9538981 -37.8188837, 144.9536574 -37.8183352)"
13644231176,13644231168,,footway,15.769364316249566,"LINESTRING (144.9536574 -37.8183352, 144.9535986 -37.818201)"
13644231168,13644231178,,footway,9.706283445138851,"LINESTRING (144.9535986 -37.818201, 144.9535624 -37.8181184)"
13644231178,13644231180,,footway,26.609324294223732,"LINESTRING (144.9535624 -37.8181184, 144.953463 -37.817892)"
13644231180,13644231182,,footway,26.06635694974964,"LINESTRING (144.953463 -37.817892, 144.9533657 -37.8176702)"
13644231182,13644231184,,footway,25.724746956794156,"LINESTRING (144.9533657 -37.8176702, 144.9532697 -37.8174513)"
13644231184,7913378950,,footway,20.993013774876104,"LINESTRING (144.9532697 -37.8174513, 144.9531877 -37.8172737)"
6167231003,13644231170,,footway,6.244800898249135,"LINESTRING (144.9538981 -37.8188837, 144.9538321 -37.8189043)"
13644231185,13644231175,,footway,12.256799062266708,"LINESTRING (144.9534301 -37.8183974, 144.9535617 -37.8183614)"
13644231175,13644231176,,footway,8.913940068465404,"LINESTRING (144.9535617 -37.8183614, 144.9536574 -37.8183352)"
13644231186,13644231179,,footway,22.5964697974683,"LINESTRING (144.9531127 -37.817992, 144.9533541 -37.8179229)"
13644231179,13644231180,,footway,10.183472253276111,"LINESTRING (144.9533541 -37.8179229, 144.953463 -37.817892)"
13644231187,13644231181,,footway,28.571541616989965,"LINESTRING (144.9529526 -37.8177875, 144.953258 -37.8177005)"
13644231181,13644231182,,footway,10.061620788167868,"LINESTRING (144.953258 -37.8177005, 144.9533657 -37.8176702)"
13644231183,13644231184,,footway,10.947005188861795,"LINESTRING (144.953154 -37.8174874, 144.9532697 -37.8174513)"
4716795141,7913378950,,footway,10.900238787050611,"LINESTRING (144.9530717 -37.817308, 144.9531877 -37.8172737)"
3198005218,6167417908,,footway,10.957040822860469,"LINESTRING (144.9529724 -37.8172199, 144.9530889 -37.8171852)"
13644231196,13644238601,,footway,10.941920787890803,"LINESTRING (144.9529565 -37.8171851, 144.9530736 -37.8171521)"
2442297399,13644238602,,footway,10.99936675330729,"LINESTRING (144.9529402 -37.8171514, 144.9530583 -37.8171191)"
1960504436,13644238603,,footway,10.783052810880577,"LINESTRING (144.952927 -37.817117, 144.953042 -37.8170836)"
6167417902,13644368272,,footway,6.626595982743557,"LINESTRING (144.9530225 -37.8170389, 144.9529515 -37.8170587)"
7913378950,6167231005,,footway,4.077367616520385,"LINESTRING (144.9531877 -37.8172737, 144.9531725 -37.817239)"
6167231005,6167417908,,footway,9.47849827035537,"LINESTRING (144.9531725 -37.817239, 144.9530889 -37.8171852)"
6167417908,13644238601,,footway,3.9130760704722642,"LINESTRING (144.9530889 -37.8171852, 144.9530736 -37.8171521)"
13644238601,13644238602,,footway,3.902657360478971,"LINESTRING (144.9530736 -37.8171521, 144.9530583 -37.8171191)"
13644238602,13644238603,,footway,4.193498620149117,"LINESTRING (144.9530583 -37.8171191, 144.953042 -37.8170836)"
13644238603,6167417902,,footway,5.250083618133362,"LINESTRING (144.953042 -37.8170836, 144.9530225 -37.8170389)"
6167417902,13644368277,,footway,4.421379253740836,"LINESTRING (144.9530225 -37.8170389, 144.9530321 -37.8169998)"
13644368280,13644368281,,footway,3.862500280213664,"LINESTRING (144.9522275 -37.8153314, 144.9522692 -37.8153206)"
13644368279,13644368282,,footway,4.814732312665321,"LINESTRING (144.9525883 -37.8161509, 144.9526397 -37.8161361)"
13644368278,13644368283,,footway,4.973347935985351,"LINESTRING (144.9526272 -37.8162407, 144.9526806 -37.8162261)"
13644368276,13644368284,,footway,4.713039558447565,"LINESTRING (144.9529258 -37.816891, 144.9529762 -37.8168767)"
13660181201,11133299411,,footway,12.502522713523918,"LINESTRING (144.9621285 -37.8158452, 144.9620985 -37.8157351)"
11133299411,13660162990,,footway,1.2982503797620937,"LINESTRING (144.9620985 -37.8157351, 144.9620952 -37.8157237)"
621048453,4272394353,,pedestrian,10.62424237474463,"LINESTRING (144.9590852 -37.8155791, 144.9589718 -37.8156118)"
4272394353,13660681375,,pedestrian,13.556225270507099,"LINESTRING (144.9589718 -37.8156118, 144.9590247 -37.8157265)"
13660681375,13660681376,,pedestrian,10.63942691224882,"LINESTRING (144.9590247 -37.8157265, 144.9591386 -37.8156945)"
13660681376,621048453,,pedestrian,13.644324994028928,"LINESTRING (144.9591386 -37.8156945, 144.9590852 -37.8155791)"
6167191718,13681763311,,footway,4.34071858190887,"LINESTRING (144.9543556 -37.8191349, 144.9543566 -37.8190958)"
13681763312,6167230991,,footway,2.924786463355104,"LINESTRING (144.9542825 -37.818928, 144.9542522 -37.8189172)"
13681763321,6167191718,,footway,1.1101737452729705,"LINESTRING (144.9543433 -37.8191327, 144.9543556 -37.8191349)"
6167191713,13681763322,,footway,1.9357025856380128,"LINESTRING (144.9540645 -37.819222, 144.9540797 -37.8192094)"
13702694785,13827254546,,footway,3.0217951467006987,"LINESTRING (144.9615354 -37.8164566, 144.9615677 -37.8164474)"
13827254546,13827254587,,footway,12.76798174187365,"LINESTRING (144.9615677 -37.8164474, 144.9617043 -37.8164088)"
13702802517,13327907561,,footway,8.742510525295778,"LINESTRING (144.9583044 -37.8188906, 144.9583391 -37.8189644)"
13707520907,13707148630,,footway,44.74909102168154,"LINESTRING (144.9600919 -37.8175588, 144.9602673 -37.8179372)"
13707148626,13707520910,,footway,6.60906731588357,"LINESTRING (144.9601202 -37.8182821, 144.9601464 -37.8183379)"
13707520910,13707148629,,footway,2.1946899964734774,"LINESTRING (144.9601464 -37.8183379, 144.9601552 -37.8183564)"
13707520905,11031479455,,footway,9.825635956940541,"LINESTRING (144.9603192 -37.8179209, 144.9604228 -37.817888)"
11031479455,13707148637,,footway,5.9634490477238185,"LINESTRING (144.9604228 -37.817888, 144.9604862 -37.8178691)"
13707148633,13707148638,,footway,7.939970500184496,"LINESTRING (144.9599982 -37.8180233, 144.9600298 -37.8180903)"
13707148637,11031479454,,footway,2.5419015071132574,"LINESTRING (144.9604862 -37.8178691, 144.9605128 -37.8178602)"
11031479454,11031479456,,footway,6.692625791484419,"LINESTRING (144.9605128 -37.8178602, 144.9605828 -37.8178367)"
13707148630,13707520905,,footway,4.914839140220169,"LINESTRING (144.9602673 -37.8179372, 144.9603192 -37.8179209)"
13707520904,13707148632,,footway,4.550777913500052,"LINESTRING (144.9600474 -37.8180075, 144.9600956 -37.8179927)"
13707520906,13707148636,,footway,2.636052195042764,"LINESTRING (144.9604146 -37.8182599, 144.9604249 -37.8182822)"
13707148627,13707520907,,footway,8.506327011785482,"LINESTRING (144.9600588 -37.8174868, 144.9600919 -37.8175588)"
13707148630,13707520906,,footway,38.093202333217945,"LINESTRING (144.9602673 -37.8179372, 144.9604146 -37.8182599)"
13707148635,13707148630,,footway,3.139814634497165,"LINESTRING (144.9602345 -37.8179483, 144.9602673 -37.8179372)"
13707520909,13707148633,,footway,19.302705972828967,"LINESTRING (144.9599228 -37.81786, 144.9599982 -37.8180233)"
13707148633,13707520904,,footway,4.673504971665101,"LINESTRING (144.9599982 -37.8180233, 144.9600474 -37.8180075)"
13707148631,13707520908,,footway,8.033357472412167,"LINESTRING (144.959792 -37.8175689, 144.9598229 -37.817637)"
9755989498,13712915300,,footway,10.21248435783886,"LINESTRING (144.9577474 -37.8183898, 144.9577883 -37.8184759)"
13712915300,13712915298,,footway,26.170228595691064,"LINESTRING (144.9577883 -37.8184759, 144.9578929 -37.8186966)"
13712915298,13712915299,,footway,5.069712194712071,"LINESTRING (144.9578929 -37.8186966, 144.957877 -37.8187405)"
9755989499,13712972703,,footway,8.521716516682876,"LINESTRING (144.957319 -37.8185132, 144.9573715 -37.8185777)"
13712915293,13712972701,,footway,17.677864960477972,"LINESTRING (144.9578778 -37.8184491, 144.9580665 -37.8183947)"
13712915300,13712915293,,footway,8.423055167155782,"LINESTRING (144.9577883 -37.8184759, 144.9578778 -37.8184491)"
13712972702,13712915296,,footway,3.2806571286704806,"LINESTRING (144.9580905 -37.8190046, 144.9581035 -37.8190323)"
13712915298,13712915295,,footway,7.020819055512143,"LINESTRING (144.9578929 -37.8186966, 144.9579631 -37.8187266)"
13712915295,13712915297,,footway,17.634680974517753,"LINESTRING (144.9579631 -37.8187266, 144.9580316 -37.8188759)"
13734015872,13734015873,,footway,4.449604397416907,"LINESTRING (144.9668943 -37.8166584, 144.9669417 -37.8166445)"
13739962950,13739962949,,footway,48.31772311467049,"LINESTRING (144.9535098 -37.8137494, 144.9540252 -37.8136)"
13739962949,6725404923,,footway,1.4693675788444738,"LINESTRING (144.9540252 -37.8136, 144.9540408 -37.8135953)"
6725404923,6725404921,,footway,19.64431205083347,"LINESTRING (144.9540408 -37.8135953, 144.9542505 -37.8135349)"
13739962954,13739962953,,footway,23.015100724552216,"LINESTRING (144.9544847 -37.8143972, 144.9545655 -37.8142)"
2174950795,6167231001,Watertank Way,footway,7.1340650951034705,"LINESTRING (144.9526447 -37.815589, 144.9527205 -37.8155663)"
6167231001,164088790,Watertank Way,footway,1.4450626183993933,"LINESTRING (144.9527205 -37.8155663, 144.9527359 -37.8155618)"
10575891367,13762513558,Watertank Way,footway,11.055716500809108,"LINESTRING (144.9530752 -37.8154649, 144.9531938 -37.8154322)"
13763328026,13763328028,,footway,4.467698106533431,"LINESTRING (144.9555534 -37.8146428, 144.9556012 -37.8146293)"
13763328028,13763328027,,footway,2.121277060693532,"LINESTRING (144.9556012 -37.8146293, 144.9556239 -37.8146229)"
9765780329,13778410274,,footway,4.032583888863243,"LINESTRING (144.9569845 -37.8121996, 144.9569415 -37.8122121)"
612015102,13779656389,,footway,1.8065799741212334,"LINESTRING (144.963305 -37.8160644, 144.963312 -37.8160797)"
11954802776,6167441076,,footway,2.434653926176037,"LINESTRING (144.9645347 -37.8159307, 144.9645442 -37.8159513)"
13264326878,13780588546,,footway,2.543602115062645,"LINESTRING (144.965765 -37.815567, 144.965775 -37.8155885)"
13780588554,13780588549,,footway,1.9744428324796646,"LINESTRING (144.9654627 -37.8152696, 144.9654697 -37.8152865)"
174796824,6722119692,Howey Place,pedestrian,4.519138589069347,"LINESTRING (144.9651697 -37.81477, 144.9651864 -37.8148085)"
6722119692,13780588561,Howey Place,pedestrian,2.97029207666506,"LINESTRING (144.9651864 -37.8148085, 144.9651981 -37.8148336)"
4269477976,13784159909,,footway,3.2224180558758477,"LINESTRING (144.9662018 -37.8154368, 144.9662139 -37.8154642)"
13784159919,597547969,,footway,1.7292369513752064,"LINESTRING (144.9658987 -37.8152163, 144.9658801 -37.8152213)"
131103034,13784696273,,footway,4.435359736949188,"LINESTRING (144.9584873 -37.814994, 144.9585348 -37.8149807)"
13784696274,13784696276,,footway,7.759216413999179,"LINESTRING (144.9585383 -37.8149582, 144.9585478 -37.8148887)"
13784696276,13784696277,,footway,2.872872763466216,"LINESTRING (144.9585478 -37.8148887, 144.9585682 -37.8148685)"
13784696278,13784696300,,footway,2.261670660119119,"LINESTRING (144.9586042 -37.8144955, 144.9586138 -37.8145144)"
13784696300,13784696281,,footway,35.38221766959912,"LINESTRING (144.9586138 -37.8145144, 144.9587636 -37.8148102)"
13784696281,13784696279,,footway,2.609586863336301,"LINESTRING (144.9587636 -37.8148102, 144.9587747 -37.814832)"
13784696277,13784696280,,footway,9.663302753079872,"LINESTRING (144.9585682 -37.8148685, 144.9586708 -37.8148376)"
13784696280,13784696281,,footway,8.718877002863412,"LINESTRING (144.9586708 -37.8148376, 144.9587636 -37.8148102)"
13784696285,13784696295,,footway,2.310992770797639,"LINESTRING (144.9584897 -37.8145504, 144.9584805 -37.8145309)"
13784696287,13784696296,,footway,13.338522319572752,"LINESTRING (144.9585623 -37.8146307, 144.9586083 -37.8147452)"
13784696296,13784696297,,footway,10.735793325252773,"LINESTRING (144.9586083 -37.8147452, 144.9585255 -37.8148162)"
13784696297,13784696298,,footway,3.226307550927451,"LINESTRING (144.9585255 -37.8148162, 144.958523 -37.8148452)"
13784696274,13784696299,,footway,3.585875445175042,"LINESTRING (144.9585383 -37.8149582, 144.9585122 -37.8149334)"
621540211,13784696300,,pedestrian,9.62068454819682,"LINESTRING (144.9585112 -37.8145442, 144.9586138 -37.8145144)"
13784696300,621540215,,pedestrian,13.841426771514447,"LINESTRING (144.9586138 -37.8145144, 144.9587614 -37.8144715)"
621540215,621540214,,pedestrian,12.078692015726661,"LINESTRING (144.9587614 -37.8144715, 144.9586807 -37.8145595)"
621540214,621540213,,pedestrian,31.3272729117818,"LINESTRING (144.9586807 -37.8145595, 144.9588152 -37.8148208)"
621540213,13784696279,,pedestrian,3.7765913154897865,"LINESTRING (144.9588152 -37.8148208, 144.9587747 -37.814832)"
13784696279,621540212,,pedestrian,8.925216313950283,"LINESTRING (144.9587747 -37.814832, 144.958679 -37.8148585)"
621540212,13784696280,,pedestrian,2.4295183320271403,"LINESTRING (144.958679 -37.8148585, 144.9586708 -37.8148376)"
13784696280,13784696266,,pedestrian,20.093779940492237,"LINESTRING (144.9586708 -37.8148376, 144.9586048 -37.8146643)"
13784696266,13784696267,,pedestrian,8.569950075376195,"LINESTRING (144.9586048 -37.8146643, 144.958564 -37.8145942)"
13784696267,621540211,,pedestrian,7.239715824753949,"LINESTRING (144.958564 -37.8145942, 144.9585112 -37.8145442)"
13789042081,13789042082,,footway,54.920960190412366,"LINESTRING (144.9681685 -37.8143543, 144.9683814 -37.8148194)"
13789042098,13789042099,,footway,13.895516823172184,"LINESTRING (144.9684228 -37.8142112, 144.9685711 -37.8141684)"
13789079403,13789079404,,footway,5.208132509585496,"LINESTRING (144.9696304 -37.8144078, 144.9696499 -37.8144521)"
13789079430,8552288768,Benson Walk,footway,19.451724477033384,"LINESTRING (144.9709593 -37.8138808, 144.9710348 -37.8140455)"
13789082469,126919692,Centre Place,footway,4.706631683844915,"LINESTRING (144.9656671 -37.8168937, 144.965649 -37.8168538)"
126919692,6721914030,Centre Place,footway,2.9943052259644056,"LINESTRING (144.965649 -37.8168538, 144.9656379 -37.8168283)"
13811225496,4269483838,,footway,3.379253254578382,"LINESTRING (144.9648516 -37.8160937, 144.9648651 -37.8161222)"
6167441055,13794345643,,footway,21.440551965683312,"LINESTRING (144.9624458 -37.8123565, 144.9625312 -37.8125374)"
13794345643,13794345644,,footway,7.59630545883444,"LINESTRING (144.9625312 -37.8125374, 144.9625604 -37.8126018)"
4391665567,6167236697,,footway,0.8980805051438621,"LINESTRING (144.9637681 -37.8119762, 144.9637646 -37.8119686)"
13794345657,13794345664,,footway,2.9240723430786844,"LINESTRING (144.9626914 -37.8128084, 144.9626601 -37.8128172)"
13807289056,13807289065,,footway,2.4884848953316134,"LINESTRING (144.9675136 -37.8117976, 144.9674872 -37.8118056)"
13807289057,13807289066,,footway,1.7925510949782428,"LINESTRING (144.9675501 -37.811896, 144.9675312 -37.811902)"
13807289061,13807289068,,footway,1.5353414662716172,"LINESTRING (144.9677859 -37.8117355, 144.9677803 -37.8117224)"
13807338301,13807338302,,footway,1.917047390446161,"LINESTRING (144.9671792 -37.8119001, 144.9671864 -37.8119164)"
13824043951,255059528,Ulster Lane,pedestrian,11.423118541626378,"LINESTRING (144.9730328 -37.8127767, 144.9729104 -37.8128108)"
255059528,13824043952,Ulster Lane,pedestrian,25.35226759032538,"LINESTRING (144.9729104 -37.8128108, 144.9728111 -37.8125964)"
13824043952,6722119743,Ulster Lane,pedestrian,1.5859022564977057,"LINESTRING (144.9728111 -37.8125964, 144.9728052 -37.8125829)"
6722119743,255058767,Ulster Lane,pedestrian,4.3514119640841376,"LINESTRING (144.9728052 -37.8125829, 144.9727896 -37.8125457)"
13827254547,13827254548,,footway,2.3722869734111356,"LINESTRING (144.9630131 -37.8172119, 144.9629876 -37.8172188)"
13827254548,13827254551,,footway,10.423995860601057,"LINESTRING (144.9629876 -37.8172188, 144.962877 -37.8172523)"
13827254551,13827254552,,footway,35.31272431237322,"LINESTRING (144.962877 -37.8172523, 144.9627396 -37.8169534)"
13827254553,13827254554,,footway,15.573807374207691,"LINESTRING (144.9627153 -37.8168999, 144.9626536 -37.8167684)"
13827254554,13827254556,,footway,3.3431536910041326,"LINESTRING (144.9626536 -37.8167684, 144.9626406 -37.8167401)"
13827254587,13702694784,,footway,5.827591182300379,"LINESTRING (144.9617043 -37.8164088, 144.9617667 -37.8163913)"
13702694784,13893249692,,footway,13.122122121794515,"LINESTRING (144.9617667 -37.8163913, 144.961818 -37.8165023)"
13083838910,13838231201,,footway,11.682982134174415,"LINESTRING (144.9666294 -37.81709, 144.9665049 -37.8171264)"
13838231201,13838223800,,footway,19.922083367598177,"LINESTRING (144.9665049 -37.8171264, 144.9664266 -37.816958)"
13859703757,13859703758,,footway,99.71418931159842,"LINESTRING (144.9596989 -37.8153654, 144.9600931 -37.8162076)"
13859703762,13859703760,,footway,63.19598913275311,"LINESTRING (144.9598715 -37.8159216, 144.9596273 -37.8153862)"
13859703759,13859703761,,footway,21.376106389710408,"LINESTRING (144.9600123 -37.8162303, 144.9599297 -37.8160492)"
13859703761,13859703754,,footway,2.9746649980943793,"LINESTRING (144.9599297 -37.8160492, 144.9599182 -37.816024)"
13859703754,13859703751,,footway,7.517213354922788,"LINESTRING (144.9599182 -37.816024, 144.9598892 -37.8159603)"
13859703751,13859703762,,footway,4.569414903255542,"LINESTRING (144.9598892 -37.8159603, 144.9598715 -37.8159216)"
13859787505,13859787504,,footway,1.3028750791727233,"LINESTRING (144.9623936 -37.8159086, 144.9624076 -37.8159048)"
13859962720,13859962724,Maker's Lane,footway,41.97828721265806,"LINESTRING (144.9625322 -37.8154953, 144.9623688 -37.81514)"
13859962724,13859962721,Maker's Lane,footway,2.5167004562596182,"LINESTRING (144.9623688 -37.81514, 144.962359 -37.8151187)"
13859962721,13859962728,Maker's Lane,footway,8.123044213063107,"LINESTRING (144.962359 -37.8151187, 144.9623272 -37.81505)"
13859962719,13859962720,,footway,1.2367191630432823,"LINESTRING (144.9625369 -37.8155058, 144.9625322 -37.8154953)"
13859962723,13859962722,,footway,3.66696259237568,"LINESTRING (144.9621619 -37.8146922, 144.9621475 -37.8146612)"
13859962724,13859962726,,footway,23.656098211056843,"LINESTRING (144.9623688 -37.81514, 144.9626207 -37.8150659)"
13859962726,13859962725,,footway,1.7843166769322545,"LINESTRING (144.9626207 -37.8150659, 144.9626395 -37.8150599)"
13859962729,13859962723,Maker's Lane,footway,31.352349972230552,"LINESTRING (144.9622845 -37.8149574, 144.9621619 -37.8146922)"
13860480682,13860480684,,footway,8.963073546881311,"LINESTRING (144.9573193 -37.8169568, 144.957353 -37.817033)"
13860480684,13860480683,,footway,4.045923893426753,"LINESTRING (144.957353 -37.817033, 144.9573682 -37.8170674)"
598401462,13865338221,,footway,5.262889958843151,"LINESTRING (144.9641772 -37.8147103, 144.9641217 -37.8147279)"
13865327194,9755990455,,footway,1.4057603130465675,"LINESTRING (144.9667609 -37.8142656, 144.9667667 -37.8142774)"
9755990451,3148693058,,footway,1.5178478699177749,"LINESTRING (144.9666488 -37.8140309, 144.9666555 -37.8140435)"
3148693058,9755990452,,footway,1.4233366298640167,"LINESTRING (144.9666555 -37.8140435, 144.9666612 -37.8140555)"
13866446587,13866446588,,footway,3.0671429554779874,"LINESTRING (144.9684978 -37.8159623, 144.9685096 -37.8159883)"
13871466915,13871466916,,footway,2.2681583722374548,"LINESTRING (144.9665639 -37.8123817, 144.9665881 -37.8123747)"
13871466917,13871466918,,footway,13.14507438992007,"LINESTRING (144.9666162 -37.8123669, 144.9667568 -37.8123271)"
13871466919,13871466920,,footway,2.06264741091989,"LINESTRING (144.9666304 -37.812526, 144.9666522 -37.8125192)"
13871466921,13871466922,,footway,13.974086328813122,"LINESTRING (144.9666738 -37.8125128, 144.966823 -37.8124699)"
13871241465,13871241466,,footway,14.380140992494638,"LINESTRING (144.9618603 -37.8127324, 144.961917 -37.8128539)"
13871241466,13871241467,,footway,9.983550393019918,"LINESTRING (144.961917 -37.8128539, 144.9619235 -37.8129437)"
13871241467,13871241469,,footway,2.580456300094953,"LINESTRING (144.9619235 -37.8129437, 144.9619254 -37.8129669)"
13882913730,13882913751,,footway,40.9089116384909,"LINESTRING (144.9655963 -37.8107821, 144.9657644 -37.8111257)"
245537625,13811904779,Albert Coates Lane,pedestrian,4.511654910486808,"LINESTRING (144.9649253 -37.8110386, 144.9649127 -37.811078)"
13882913755,12458570452,Albert Coates Lane,pedestrian,1.9308509348831502,"LINESTRING (144.9648344 -37.8113442, 144.9648292 -37.8113611)"
12458570452,6167266585,Albert Coates Lane,pedestrian,5.857909596632714,"LINESTRING (144.9648292 -37.8113611, 144.9648141 -37.8114125)"
245537580,13882913757,,pedestrian,3.7701580266084957,"LINESTRING (144.9648163 -37.8107604, 144.9647786 -37.8107443)"
13882913756,6167266589,,pedestrian,6.301715536241113,"LINESTRING (144.964485 -37.8106183, 144.9644244 -37.8105881)"
13882913759,13891346692,,footway,20.613853171338164,"LINESTRING (144.9655193 -37.8105292, 144.965523 -37.8103435)"
13891346692,12482412485,,footway,3.348001267911022,"LINESTRING (144.965523 -37.8103435, 144.9655585 -37.8103327)"
12482412485,12482435932,,footway,3.2517310242486155,"LINESTRING (144.9655585 -37.8103327, 144.9655933 -37.8103229)"
12482435932,13891346697,,footway,5.035157877353744,"LINESTRING (144.9655933 -37.8103229, 144.9656469 -37.8103071)"
13882913760,13882913761,,footway,21.926318368315673,"LINESTRING (144.9658482 -37.8104333, 144.9659385 -37.8106174)"
13882913761,13882913762,,footway,5.553816708738097,"LINESTRING (144.9659385 -37.8106174, 144.9660011 -37.8106235)"
13882913762,13882913763,,footway,4.926617648085755,"LINESTRING (144.9660011 -37.8106235, 144.9660216 -37.8106648)"
13882913769,13882913770,,footway,2.4182286726277695,"LINESTRING (144.9659103 -37.8110592, 144.9659196 -37.8110797)"
13882913760,13893682153,,footway,2.4444143423729083,"LINESTRING (144.9658482 -37.8104333, 144.9658221 -37.8104408)"
13893682153,12482435931,,footway,7.265476299276101,"LINESTRING (144.9658221 -37.8104408, 144.9657449 -37.8104639)"
12482435931,13891347706,,footway,3.955803548233725,"LINESTRING (144.9657449 -37.8104639, 144.9657026 -37.8104759)"
13891347706,13891347705,,footway,3.5378444552011166,"LINESTRING (144.9657026 -37.8104759, 144.9656648 -37.8104867)"
13891347705,13882913759,,footway,13.65315483431458,"LINESTRING (144.9656648 -37.8104867, 144.9655193 -37.8105292)"
13882913759,13891347708,,footway,20.01397815358642,"LINESTRING (144.9655193 -37.8105292, 144.9653072 -37.810594)"
13891347708,13891347709,,footway,4.414788517767304,"LINESTRING (144.9653072 -37.810594, 144.9653256 -37.810631)"
13891346682,6573513192,,footway,2.5992118192641174,"LINESTRING (144.9654056 -37.8105966, 144.9654351 -37.8105958)"
6573513192,13891347701,,footway,18.48144283573943,"LINESTRING (144.9654351 -37.8105958, 144.9656316 -37.8105373)"
13891347701,13893682154,,footway,4.50480567110159,"LINESTRING (144.9656316 -37.8105373, 144.9656798 -37.8105237)"
13893682154,13893682155,,footway,3.479373122156855,"LINESTRING (144.9656798 -37.8105237, 144.9657168 -37.8105127)"
13893682155,13891346696,,footway,3.4876207132725305,"LINESTRING (144.9657168 -37.8105127, 144.9657539 -37.8105017)"
13891346696,13882913733,,footway,3.0709508748409515,"LINESTRING (144.9657539 -37.8105017, 144.9657867 -37.8104923)"
13891346700,13891347701,,footway,3.3554038721094748,"LINESTRING (144.9656182 -37.810509, 144.9656316 -37.8105373)"
13891346684,13891347705,,footway,2.5404365802658204,"LINESTRING (144.965651 -37.8104666, 144.9656648 -37.8104867)"
13891346683,13891347706,,footway,2.5586281546939285,"LINESTRING (144.9656886 -37.8104557, 144.9657026 -37.8104759)"
13891347703,12482435929,,footway,1.723322691995903,"LINESTRING (144.9655016 -37.8102625, 144.9654953 -37.8102478)"
13891347707,12482478355,,footway,1.887054616065605,"LINESTRING (144.965628 -37.810226, 144.9656277 -37.810209)"
176678055,6722209687,Postal Lane,pedestrian,3.625343642499193,"LINESTRING (144.9632985 -37.8130902, 144.9633129 -37.8131208)"
6722209687,13893164959,Postal Lane,pedestrian,18.699965539515816,"LINESTRING (144.9633129 -37.8131208, 144.9633856 -37.8132791)"
1327098219,6804242128,,pedestrian,4.736284521609778,"LINESTRING (144.9636455 -37.8139533, 144.9636649 -37.8139931)"
13893164962,13893164963,,footway,7.258535356500311,"LINESTRING (144.9629114 -37.8133617, 144.9629888 -37.8133392)"
13893164963,13893164964,,footway,4.117875677229778,"LINESTRING (144.9629888 -37.8133392, 144.963006 -37.8133737)"
13893164964,13893164973,,footway,18.86576446669948,"LINESTRING (144.963006 -37.8133737, 144.9630814 -37.8135328)"
13893164973,13893164975,,footway,13.001333514940518,"LINESTRING (144.9630814 -37.8135328, 144.9631345 -37.8136421)"
13893164975,13893164968,,footway,43.05007255654535,"LINESTRING (144.9631345 -37.8136421, 144.9633107 -37.8140039)"
13893164968,13893164969,,footway,2.2063844656935574,"LINESTRING (144.9633107 -37.8140039, 144.9633192 -37.8140226)"
13893164970,13893164968,,footway,2.440555078604298,"LINESTRING (144.9632846 -37.8140113, 144.9633107 -37.8140039)"
13893164968,13893164980,,footway,15.381405112622906,"LINESTRING (144.9633107 -37.8140039, 144.9634753 -37.8139575)"
13893164980,13893164967,,footway,8.130492520737292,"LINESTRING (144.9634753 -37.8139575, 144.963562 -37.8139323)"
13893164975,13893164976,,footway,2.5500025346342836,"LINESTRING (144.9631345 -37.8136421, 144.9631616 -37.813634)"
13893164978,13893164979,,footway,3.832940921115723,"LINESTRING (144.963497 -37.8140037, 144.9635124 -37.814036)"
13893164980,13893164981,,footway,1.747264935070972,"LINESTRING (144.9634753 -37.8139575, 144.9634824 -37.8139722)"
13893164980,13893164982,,footway,1.8902942282274366,"LINESTRING (144.9634753 -37.8139575, 144.9634683 -37.8139414)"
13893164984,13893164983,,footway,2.407433378347563,"LINESTRING (144.9634408 -37.8134413, 144.9634151 -37.8134487)"
13893186624,13893186625,Galleria Arcade,footway,10.062071482218672,"LINESTRING (144.963248 -37.8148564, 144.9631408 -37.8148878)"
13893186625,13893186626,Galleria Arcade,footway,21.827272010933907,"LINESTRING (144.9631408 -37.8148878, 144.963055 -37.8150723)"
13893186626,13893186628,Galleria Arcade,footway,13.655299583014452,"LINESTRING (144.963055 -37.8150723, 144.9631041 -37.815189)"
13893186628,13893186627,Galleria Arcade,footway,2.6484537130120995,"LINESTRING (144.9631041 -37.815189, 144.9630759 -37.8151973)"
13893186627,3132499902,Galleria Arcade,footway,12.460199436242458,"LINESTRING (144.9630759 -37.8151973, 144.9631225 -37.8153033)"
13893186624,13893186631,,footway,3.503174149397176,"LINESTRING (144.963248 -37.8148564, 144.9632849 -37.8148446)"
13893186631,13893186632,,footway,4.838176150748365,"LINESTRING (144.9632849 -37.8148446, 144.9632348 -37.8148267)"
13893186633,13893186629,,footway,32.684817410727824,"LINESTRING (144.9631521 -37.8148012, 144.963021 -37.8150767)"
13893186629,13893186630,,footway,6.813099378994086,"LINESTRING (144.963021 -37.8150767, 144.9630474 -37.8151344)"
103301632,13893249690,,footway,8.536077850411603,"LINESTRING (144.9619442 -37.8161944, 144.9618531 -37.8162207)"
13893249690,13893249691,,footway,2.236288632940163,"LINESTRING (144.9618531 -37.8162207, 144.9618619 -37.8162396)"
13893249695,13893249698,,footway,15.120295767930894,"LINESTRING (144.9615315 -37.8162763, 144.961693 -37.81623)"
13893249698,13893249696,,footway,11.901973400286552,"LINESTRING (144.961693 -37.81623, 144.9618201 -37.8161935)"
13893249696,13893249697,,footway,11.798991161813513,"LINESTRING (144.9618201 -37.8161935, 144.9618822 -37.8160993)"
13893249693,13893249698,,footway,13.145998438410798,"LINESTRING (144.9617444 -37.8163412, 144.961693 -37.81623)"
13893249697,13893249699,,footway,3.016715854510495,"LINESTRING (144.9618822 -37.8160993, 144.9619143 -37.8160898)"
13893249700,11133299414,,footway,10.560151191488613,"LINESTRING (144.9619687 -37.8160736, 144.9620816 -37.8160415)"
13893249694,13893269801,,footway,1.5019559875053647,"LINESTRING (144.9614775 -37.8162923, 144.9614617 -37.8162974)"
13891347709,13893300043,,footway,22.508780329912657,"LINESTRING (144.9653256 -37.810631, 144.9654163 -37.8108206)"
13891346684,13893682156,,footway,3.4182732114966496,"LINESTRING (144.965651 -37.8104666, 144.9656654 -37.8104952)"
13893682156,13893682154,,footway,3.407968201731679,"LINESTRING (144.9656654 -37.8104952, 144.9656798 -37.8105237)"
13891346683,13893682157,,footway,3.4117793263631517,"LINESTRING (144.9656886 -37.8104557, 144.9657028 -37.8104843)"
13893682157,13893682155,,footway,3.3846807249223687,"LINESTRING (144.9657028 -37.8104843, 144.9657168 -37.8105127)"
13895584922,13895584924,,footway,4.557301249012318,"LINESTRING (144.9655666 -37.8137696, 144.9656153 -37.8137557)"
